

================================================================
== Vitis HLS Report for 'cont'
================================================================
* Date:           Thu Apr 23 17:01:19 2026

* Version:        2022.2 (Build 3670227 on Oct 13 2022)
* Project:        FFT
* Solution:       solution1 (Vivado IP Flow Target)
* Product family: zynquplus
* Target device:  xczu7ev-ffvc1156-2-e


================================================================
== Performance Estimates
================================================================
+ Timing: 
    * Summary: 
    +--------+----------+----------+------------+
    |  Clock |  Target  | Estimated| Uncertainty|
    +--------+----------+----------+------------+
    |ap_clk  |  10.00 ns|  6.699 ns|     2.70 ns|
    +--------+----------+----------+------------+

+ Latency: 
    * Summary: 
    +---------+---------+----------+----------+-----+-----+---------+
    |  Latency (cycles) |  Latency (absolute) |  Interval | Pipeline|
    |   min   |   max   |    min   |    max   | min | max |   Type  |
    +---------+---------+----------+----------+-----+-----+---------+
    |        0|        0|      0 ns|      0 ns|    1|    1|       no|
    +---------+---------+----------+----------+-----+-----+---------+

    + Detail: 
        * Instance: 
        N/A

        * Loop: 
        N/A

============================================================
+ Verbose Summary: Synthesis Manager
============================================================
InlineROM: 1
ExposeGlobal: 0
============================================================
+ Verbose Summary: CDFG Model
============================================================
IsTopModel: 1
ResetActiveHigh: 1
IsCombinational: 0
IsDatapathOnly: 0
HasWiredReturn: 1
HasMFsm: 0
HasVarLatency: 0
IsPipeline: 0
IsRtlPipelined: 0
IsInstanceOverlapped: 0
IsDontTouch: 0
HasImplIP: 0
IsGatedGlobalClock: 0


============================================================
+ Verbose Summary: Schedule
============================================================
* Number of FSM states : 1
* Pipeline : 0
* Dataflow Pipeline: 0

* FSM state transitions: 
1 --> 

* FSM state operations: 

State 1 <SV = 0> <Delay = 6.69>
ST_1 : Operation 2 [1/1] (0.00ns)   --->   "%spectopmodule_ln74 = spectopmodule void @_ssdm_op_SpecTopModule, void @empty_2" [FFT/FFT.cpp:74]   --->   Operation 2 'spectopmodule' 'spectopmodule_ln74' <Predicate = true> <Delay = 0.00>
ST_1 : Operation 3 [1/1] (0.00ns)   --->   "%specinterface_ln74 = specinterface void @_ssdm_op_SpecInterface, i32 0, void @empty_3, i32 0, i32 0, void @empty_0, i32 0, i32 0, void @empty_0, void @empty_0, void @empty_0, i32 0, i32 0, i32 0, i32 0, void @empty_0, void @empty_0, i32 4294967295, i32 0" [FFT/FFT.cpp:74]   --->   Operation 3 'specinterface' 'specinterface_ln74' <Predicate = true> <Delay = 0.00>
ST_1 : Operation 4 [1/1] (0.00ns)   --->   "%specbitsmap_ln0 = specbitsmap void @_ssdm_op_SpecBitsMap, i1 %a_i_valid"   --->   Operation 4 'specbitsmap' 'specbitsmap_ln0' <Predicate = true> <Delay = 0.00>
ST_1 : Operation 5 [1/1] (0.00ns)   --->   "%specinterface_ln0 = specinterface void @_ssdm_op_SpecInterface, i1 %a_i_valid, void @empty, i32 0, i32 0, void @empty_0, i32 0, i32 0, void @empty_0, void @empty_0, void @empty_0, i32 0, i32 0, i32 0, i32 0, void @empty_0, void @empty_0, i32 4294967295, i32 0"   --->   Operation 5 'specinterface' 'specinterface_ln0' <Predicate = true> <Delay = 0.00>
ST_1 : Operation 6 [1/1] (0.00ns)   --->   "%specbitsmap_ln0 = specbitsmap void @_ssdm_op_SpecBitsMap, i1 %a_i_ready"   --->   Operation 6 'specbitsmap' 'specbitsmap_ln0' <Predicate = true> <Delay = 0.00>
ST_1 : Operation 7 [1/1] (0.00ns)   --->   "%specinterface_ln0 = specinterface void @_ssdm_op_SpecInterface, i1 %a_i_ready, void @empty, i32 0, i32 0, void @empty_0, i32 0, i32 0, void @empty_0, void @empty_0, void @empty_0, i32 0, i32 0, i32 0, i32 0, void @empty_0, void @empty_0, i32 4294967295, i32 0"   --->   Operation 7 'specinterface' 'specinterface_ln0' <Predicate = true> <Delay = 0.00>
ST_1 : Operation 8 [1/1] (0.00ns)   --->   "%specbitsmap_ln0 = specbitsmap void @_ssdm_op_SpecBitsMap, i32 %a_i_data"   --->   Operation 8 'specbitsmap' 'specbitsmap_ln0' <Predicate = true> <Delay = 0.00>
ST_1 : Operation 9 [1/1] (0.00ns)   --->   "%specinterface_ln0 = specinterface void @_ssdm_op_SpecInterface, i32 %a_i_data, void @empty, i32 0, i32 0, void @empty_0, i32 0, i32 0, void @empty_0, void @empty_0, void @empty_0, i32 0, i32 0, i32 0, i32 0, void @empty_0, void @empty_0, i32 4294967295, i32 0"   --->   Operation 9 'specinterface' 'specinterface_ln0' <Predicate = true> <Delay = 0.00>
ST_1 : Operation 10 [1/1] (0.00ns)   --->   "%specbitsmap_ln0 = specbitsmap void @_ssdm_op_SpecBitsMap, i4 %a_i_strb"   --->   Operation 10 'specbitsmap' 'specbitsmap_ln0' <Predicate = true> <Delay = 0.00>
ST_1 : Operation 11 [1/1] (0.00ns)   --->   "%specinterface_ln0 = specinterface void @_ssdm_op_SpecInterface, i4 %a_i_strb, void @empty, i32 0, i32 0, void @empty_0, i32 0, i32 0, void @empty_0, void @empty_0, void @empty_0, i32 0, i32 0, i32 0, i32 0, void @empty_0, void @empty_0, i32 4294967295, i32 0"   --->   Operation 11 'specinterface' 'specinterface_ln0' <Predicate = true> <Delay = 0.00>
ST_1 : Operation 12 [1/1] (0.00ns)   --->   "%specbitsmap_ln0 = specbitsmap void @_ssdm_op_SpecBitsMap, i1 %b_i_valid"   --->   Operation 12 'specbitsmap' 'specbitsmap_ln0' <Predicate = true> <Delay = 0.00>
ST_1 : Operation 13 [1/1] (0.00ns)   --->   "%specinterface_ln0 = specinterface void @_ssdm_op_SpecInterface, i1 %b_i_valid, void @empty, i32 0, i32 0, void @empty_0, i32 0, i32 0, void @empty_0, void @empty_0, void @empty_0, i32 0, i32 0, i32 0, i32 0, void @empty_0, void @empty_0, i32 4294967295, i32 0"   --->   Operation 13 'specinterface' 'specinterface_ln0' <Predicate = true> <Delay = 0.00>
ST_1 : Operation 14 [1/1] (0.00ns)   --->   "%specbitsmap_ln0 = specbitsmap void @_ssdm_op_SpecBitsMap, i1 %b_i_ready"   --->   Operation 14 'specbitsmap' 'specbitsmap_ln0' <Predicate = true> <Delay = 0.00>
ST_1 : Operation 15 [1/1] (0.00ns)   --->   "%specinterface_ln0 = specinterface void @_ssdm_op_SpecInterface, i1 %b_i_ready, void @empty, i32 0, i32 0, void @empty_0, i32 0, i32 0, void @empty_0, void @empty_0, void @empty_0, i32 0, i32 0, i32 0, i32 0, void @empty_0, void @empty_0, i32 4294967295, i32 0"   --->   Operation 15 'specinterface' 'specinterface_ln0' <Predicate = true> <Delay = 0.00>
ST_1 : Operation 16 [1/1] (0.00ns)   --->   "%specbitsmap_ln0 = specbitsmap void @_ssdm_op_SpecBitsMap, i32 %b_i_data"   --->   Operation 16 'specbitsmap' 'specbitsmap_ln0' <Predicate = true> <Delay = 0.00>
ST_1 : Operation 17 [1/1] (0.00ns)   --->   "%specinterface_ln0 = specinterface void @_ssdm_op_SpecInterface, i32 %b_i_data, void @empty, i32 0, i32 0, void @empty_0, i32 0, i32 0, void @empty_0, void @empty_0, void @empty_0, i32 0, i32 0, i32 0, i32 0, void @empty_0, void @empty_0, i32 4294967295, i32 0"   --->   Operation 17 'specinterface' 'specinterface_ln0' <Predicate = true> <Delay = 0.00>
ST_1 : Operation 18 [1/1] (0.00ns)   --->   "%specbitsmap_ln0 = specbitsmap void @_ssdm_op_SpecBitsMap, i4 %b_i_strb"   --->   Operation 18 'specbitsmap' 'specbitsmap_ln0' <Predicate = true> <Delay = 0.00>
ST_1 : Operation 19 [1/1] (0.00ns)   --->   "%specinterface_ln0 = specinterface void @_ssdm_op_SpecInterface, i4 %b_i_strb, void @empty, i32 0, i32 0, void @empty_0, i32 0, i32 0, void @empty_0, void @empty_0, void @empty_0, i32 0, i32 0, i32 0, i32 0, void @empty_0, void @empty_0, i32 4294967295, i32 0"   --->   Operation 19 'specinterface' 'specinterface_ln0' <Predicate = true> <Delay = 0.00>
ST_1 : Operation 20 [1/1] (0.00ns)   --->   "%specbitsmap_ln0 = specbitsmap void @_ssdm_op_SpecBitsMap, i1 %c_i_valid"   --->   Operation 20 'specbitsmap' 'specbitsmap_ln0' <Predicate = true> <Delay = 0.00>
ST_1 : Operation 21 [1/1] (0.00ns)   --->   "%specinterface_ln0 = specinterface void @_ssdm_op_SpecInterface, i1 %c_i_valid, void @empty, i32 0, i32 0, void @empty_0, i32 0, i32 0, void @empty_0, void @empty_0, void @empty_0, i32 0, i32 0, i32 0, i32 0, void @empty_0, void @empty_0, i32 4294967295, i32 0"   --->   Operation 21 'specinterface' 'specinterface_ln0' <Predicate = true> <Delay = 0.00>
ST_1 : Operation 22 [1/1] (0.00ns)   --->   "%specbitsmap_ln0 = specbitsmap void @_ssdm_op_SpecBitsMap, i1 %c_i_ready"   --->   Operation 22 'specbitsmap' 'specbitsmap_ln0' <Predicate = true> <Delay = 0.00>
ST_1 : Operation 23 [1/1] (0.00ns)   --->   "%specinterface_ln0 = specinterface void @_ssdm_op_SpecInterface, i1 %c_i_ready, void @empty, i32 0, i32 0, void @empty_0, i32 0, i32 0, void @empty_0, void @empty_0, void @empty_0, i32 0, i32 0, i32 0, i32 0, void @empty_0, void @empty_0, i32 4294967295, i32 0"   --->   Operation 23 'specinterface' 'specinterface_ln0' <Predicate = true> <Delay = 0.00>
ST_1 : Operation 24 [1/1] (0.00ns)   --->   "%specbitsmap_ln0 = specbitsmap void @_ssdm_op_SpecBitsMap, i32 %c_i_data"   --->   Operation 24 'specbitsmap' 'specbitsmap_ln0' <Predicate = true> <Delay = 0.00>
ST_1 : Operation 25 [1/1] (0.00ns)   --->   "%specinterface_ln0 = specinterface void @_ssdm_op_SpecInterface, i32 %c_i_data, void @empty, i32 0, i32 0, void @empty_0, i32 0, i32 0, void @empty_0, void @empty_0, void @empty_0, i32 0, i32 0, i32 0, i32 0, void @empty_0, void @empty_0, i32 4294967295, i32 0"   --->   Operation 25 'specinterface' 'specinterface_ln0' <Predicate = true> <Delay = 0.00>
ST_1 : Operation 26 [1/1] (0.00ns)   --->   "%specbitsmap_ln0 = specbitsmap void @_ssdm_op_SpecBitsMap, i4 %c_i_strb"   --->   Operation 26 'specbitsmap' 'specbitsmap_ln0' <Predicate = true> <Delay = 0.00>
ST_1 : Operation 27 [1/1] (0.00ns)   --->   "%specinterface_ln0 = specinterface void @_ssdm_op_SpecInterface, i4 %c_i_strb, void @empty, i32 0, i32 0, void @empty_0, i32 0, i32 0, void @empty_0, void @empty_0, void @empty_0, i32 0, i32 0, i32 0, i32 0, void @empty_0, void @empty_0, i32 4294967295, i32 0"   --->   Operation 27 'specinterface' 'specinterface_ln0' <Predicate = true> <Delay = 0.00>
ST_1 : Operation 28 [1/1] (0.00ns)   --->   "%specbitsmap_ln0 = specbitsmap void @_ssdm_op_SpecBitsMap, i1 %d_o_valid"   --->   Operation 28 'specbitsmap' 'specbitsmap_ln0' <Predicate = true> <Delay = 0.00>
ST_1 : Operation 29 [1/1] (0.00ns)   --->   "%specinterface_ln0 = specinterface void @_ssdm_op_SpecInterface, i1 %d_o_valid, void @empty, i32 0, i32 0, void @empty_0, i32 0, i32 0, void @empty_0, void @empty_0, void @empty_0, i32 0, i32 0, i32 0, i32 0, void @empty_0, void @empty_0, i32 4294967295, i32 0"   --->   Operation 29 'specinterface' 'specinterface_ln0' <Predicate = true> <Delay = 0.00>
ST_1 : Operation 30 [1/1] (0.00ns)   --->   "%specbitsmap_ln0 = specbitsmap void @_ssdm_op_SpecBitsMap, i1 %d_o_ready"   --->   Operation 30 'specbitsmap' 'specbitsmap_ln0' <Predicate = true> <Delay = 0.00>
ST_1 : Operation 31 [1/1] (0.00ns)   --->   "%specinterface_ln0 = specinterface void @_ssdm_op_SpecInterface, i1 %d_o_ready, void @empty, i32 0, i32 0, void @empty_0, i32 0, i32 0, void @empty_0, void @empty_0, void @empty_0, i32 0, i32 0, i32 0, i32 0, void @empty_0, void @empty_0, i32 4294967295, i32 0"   --->   Operation 31 'specinterface' 'specinterface_ln0' <Predicate = true> <Delay = 0.00>
ST_1 : Operation 32 [1/1] (0.00ns)   --->   "%specbitsmap_ln0 = specbitsmap void @_ssdm_op_SpecBitsMap, i32 %d_o_data"   --->   Operation 32 'specbitsmap' 'specbitsmap_ln0' <Predicate = true> <Delay = 0.00>
ST_1 : Operation 33 [1/1] (0.00ns)   --->   "%specinterface_ln0 = specinterface void @_ssdm_op_SpecInterface, i32 %d_o_data, void @empty, i32 0, i32 0, void @empty_0, i32 0, i32 0, void @empty_0, void @empty_0, void @empty_0, i32 0, i32 0, i32 0, i32 0, void @empty_0, void @empty_0, i32 4294967295, i32 0"   --->   Operation 33 'specinterface' 'specinterface_ln0' <Predicate = true> <Delay = 0.00>
ST_1 : Operation 34 [1/1] (0.00ns)   --->   "%specbitsmap_ln0 = specbitsmap void @_ssdm_op_SpecBitsMap, i4 %d_o_strb"   --->   Operation 34 'specbitsmap' 'specbitsmap_ln0' <Predicate = true> <Delay = 0.00>
ST_1 : Operation 35 [1/1] (0.00ns)   --->   "%specinterface_ln0 = specinterface void @_ssdm_op_SpecInterface, i4 %d_o_strb, void @empty, i32 0, i32 0, void @empty_0, i32 0, i32 0, void @empty_0, void @empty_0, void @empty_0, i32 0, i32 0, i32 0, i32 0, void @empty_0, void @empty_0, i32 4294967295, i32 0"   --->   Operation 35 'specinterface' 'specinterface_ln0' <Predicate = true> <Delay = 0.00>
ST_1 : Operation 36 [1/1] (0.00ns)   --->   "%specbitsmap_ln0 = specbitsmap void @_ssdm_op_SpecBitsMap, i1 %clear"   --->   Operation 36 'specbitsmap' 'specbitsmap_ln0' <Predicate = true> <Delay = 0.00>
ST_1 : Operation 37 [1/1] (0.00ns)   --->   "%specinterface_ln0 = specinterface void @_ssdm_op_SpecInterface, i1 %clear, void @empty_1, i32 0, i32 0, void @empty_0, i32 0, i32 0, void @empty_0, void @empty_0, void @empty_0, i32 0, i32 0, i32 0, i32 0, void @empty_0, void @empty_0, i32 4294967295, i32 0"   --->   Operation 37 'specinterface' 'specinterface_ln0' <Predicate = true> <Delay = 0.00>
ST_1 : Operation 38 [1/1] (0.00ns)   --->   "%specbitsmap_ln0 = specbitsmap void @_ssdm_op_SpecBitsMap, i1 %enable"   --->   Operation 38 'specbitsmap' 'specbitsmap_ln0' <Predicate = true> <Delay = 0.00>
ST_1 : Operation 39 [1/1] (0.00ns)   --->   "%specinterface_ln0 = specinterface void @_ssdm_op_SpecInterface, i1 %enable, void @empty_1, i32 0, i32 0, void @empty_0, i32 0, i32 0, void @empty_0, void @empty_0, void @empty_0, i32 0, i32 0, i32 0, i32 0, void @empty_0, void @empty_0, i32 4294967295, i32 0"   --->   Operation 39 'specinterface' 'specinterface_ln0' <Predicate = true> <Delay = 0.00>
ST_1 : Operation 40 [1/1] (0.00ns)   --->   "%specbitsmap_ln0 = specbitsmap void @_ssdm_op_SpecBitsMap, i1 %function_r"   --->   Operation 40 'specbitsmap' 'specbitsmap_ln0' <Predicate = true> <Delay = 0.00>
ST_1 : Operation 41 [1/1] (0.00ns)   --->   "%specinterface_ln0 = specinterface void @_ssdm_op_SpecInterface, i1 %function_r, void @empty_1, i32 0, i32 0, void @empty_0, i32 0, i32 0, void @empty_0, void @empty_0, void @empty_0, i32 0, i32 0, i32 0, i32 0, void @empty_0, void @empty_0, i32 4294967295, i32 0"   --->   Operation 41 'specinterface' 'specinterface_ln0' <Predicate = true> <Delay = 0.00>
ST_1 : Operation 42 [1/1] (0.00ns)   --->   "%specbitsmap_ln0 = specbitsmap void @_ssdm_op_SpecBitsMap, i1 %start_r"   --->   Operation 42 'specbitsmap' 'specbitsmap_ln0' <Predicate = true> <Delay = 0.00>
ST_1 : Operation 43 [1/1] (0.00ns)   --->   "%specinterface_ln0 = specinterface void @_ssdm_op_SpecInterface, i1 %start_r, void @empty_1, i32 0, i32 0, void @empty_0, i32 0, i32 0, void @empty_0, void @empty_0, void @empty_0, i32 0, i32 0, i32 0, i32 0, void @empty_0, void @empty_0, i32 4294967295, i32 0"   --->   Operation 43 'specinterface' 'specinterface_ln0' <Predicate = true> <Delay = 0.00>
ST_1 : Operation 44 [1/1] (0.00ns)   --->   "%specbitsmap_ln0 = specbitsmap void @_ssdm_op_SpecBitsMap, i5 %shift"   --->   Operation 44 'specbitsmap' 'specbitsmap_ln0' <Predicate = true> <Delay = 0.00>
ST_1 : Operation 45 [1/1] (0.00ns)   --->   "%specinterface_ln0 = specinterface void @_ssdm_op_SpecInterface, i5 %shift, void @empty_1, i32 0, i32 0, void @empty_0, i32 0, i32 0, void @empty_0, void @empty_0, void @empty_0, i32 0, i32 0, i32 0, i32 0, void @empty_0, void @empty_0, i32 4294967295, i32 0"   --->   Operation 45 'specinterface' 'specinterface_ln0' <Predicate = true> <Delay = 0.00>
ST_1 : Operation 46 [1/1] (0.00ns)   --->   "%specbitsmap_ln0 = specbitsmap void @_ssdm_op_SpecBitsMap, i11 %len"   --->   Operation 46 'specbitsmap' 'specbitsmap_ln0' <Predicate = true> <Delay = 0.00>
ST_1 : Operation 47 [1/1] (0.00ns)   --->   "%specinterface_ln0 = specinterface void @_ssdm_op_SpecInterface, i11 %len, void @empty_1, i32 0, i32 0, void @empty_0, i32 0, i32 0, void @empty_0, void @empty_0, void @empty_0, i32 0, i32 0, i32 0, i32 0, void @empty_0, void @empty_0, i32 4294967295, i32 0"   --->   Operation 47 'specinterface' 'specinterface_ln0' <Predicate = true> <Delay = 0.00>
ST_1 : Operation 48 [1/1] (0.00ns)   --->   "%specbitsmap_ln0 = specbitsmap void @_ssdm_op_SpecBitsMap, i11 %f_cnt"   --->   Operation 48 'specbitsmap' 'specbitsmap_ln0' <Predicate = true> <Delay = 0.00>
ST_1 : Operation 49 [1/1] (0.00ns)   --->   "%specinterface_ln0 = specinterface void @_ssdm_op_SpecInterface, i11 %f_cnt, void @empty_1, i32 0, i32 0, void @empty_0, i32 0, i32 0, void @empty_0, void @empty_0, void @empty_0, i32 0, i32 0, i32 0, i32 0, void @empty_0, void @empty_0, i32 4294967295, i32 0"   --->   Operation 49 'specinterface' 'specinterface_ln0' <Predicate = true> <Delay = 0.00>
ST_1 : Operation 50 [1/1] (0.00ns)   --->   "%specbitsmap_ln0 = specbitsmap void @_ssdm_op_SpecBitsMap, i1 %f_valid"   --->   Operation 50 'specbitsmap' 'specbitsmap_ln0' <Predicate = true> <Delay = 0.00>
ST_1 : Operation 51 [1/1] (0.00ns)   --->   "%specinterface_ln0 = specinterface void @_ssdm_op_SpecInterface, i1 %f_valid, void @empty_1, i32 0, i32 0, void @empty_0, i32 0, i32 0, void @empty_0, void @empty_0, void @empty_0, i32 0, i32 0, i32 0, i32 0, void @empty_0, void @empty_0, i32 4294967295, i32 0"   --->   Operation 51 'specinterface' 'specinterface_ln0' <Predicate = true> <Delay = 0.00>
ST_1 : Operation 52 [1/1] (0.00ns)   --->   "%len_read = read i11 @_ssdm_op_Read.ap_auto.i11, i11 %len" [FFT/FFT.cpp:75]   --->   Operation 52 'read' 'len_read' <Predicate = true> <Delay = 0.00>
ST_1 : Operation 53 [1/1] (0.00ns)   --->   "%shift_read = read i5 @_ssdm_op_Read.ap_auto.i5, i5 %shift" [FFT/FFT.cpp:75]   --->   Operation 53 'read' 'shift_read' <Predicate = true> <Delay = 0.00>
ST_1 : Operation 54 [1/1] (0.00ns)   --->   "%function_r_read = read i1 @_ssdm_op_Read.ap_auto.i1, i1 %function_r" [FFT/FFT.cpp:75]   --->   Operation 54 'read' 'function_r_read' <Predicate = true> <Delay = 0.00>
ST_1 : Operation 55 [1/1] (0.00ns)   --->   "%enable_read = read i1 @_ssdm_op_Read.ap_auto.i1, i1 %enable" [FFT/FFT.cpp:75]   --->   Operation 55 'read' 'enable_read' <Predicate = true> <Delay = 0.00>
ST_1 : Operation 56 [1/1] (0.00ns)   --->   "%clear_read = read i1 @_ssdm_op_Read.ap_auto.i1, i1 %clear" [FFT/FFT.cpp:75]   --->   Operation 56 'read' 'clear_read' <Predicate = true> <Delay = 0.00>
ST_1 : Operation 57 [1/1] (0.00ns)   --->   "%buffer_ok_load = load i1 %buffer_ok" [FFT/FFT.cpp:164]   --->   Operation 57 'load' 'buffer_ok_load' <Predicate = true> <Delay = 0.00>
ST_1 : Operation 58 [1/1] (0.28ns)   --->   "%xor_ln164 = xor i1 %buffer_ok_load, i1 1" [FFT/FFT.cpp:164]   --->   Operation 58 'xor' 'xor_ln164' <Predicate = true> <Delay = 0.28> <CoreInst = "LogicGate">   --->   Core 74 'LogicGate' <Latency = 0> <II = 1> <Delay = 0.28> <FuncUnit> <Opcode : 'and' 'or' 'xor'> <InPorts = 2> <OutPorts = 1>
ST_1 : Operation 59 [1/1] (0.00ns)   --->   "%write_ln164 = write void @_ssdm_op_Write.ap_none.i1P0A, i1 %a_i_ready, i1 %xor_ln164" [FFT/FFT.cpp:164]   --->   Operation 59 'write' 'write_ln164' <Predicate = true> <Delay = 0.00>
ST_1 : Operation 60 [1/1] (0.00ns)   --->   "%write_ln165 = write void @_ssdm_op_Write.ap_none.i1P0A, i1 %b_i_ready, i1 %xor_ln164" [FFT/FFT.cpp:165]   --->   Operation 60 'write' 'write_ln165' <Predicate = true> <Delay = 0.00>
ST_1 : Operation 61 [1/1] (0.00ns)   --->   "%write_ln167 = write void @_ssdm_op_Write.ap_none.i1P0A, i1 %c_i_ready, i1 1" [FFT/FFT.cpp:167]   --->   Operation 61 'write' 'write_ln167' <Predicate = true> <Delay = 0.00>
ST_1 : Operation 62 [1/1] (0.00ns)   --->   "%d_o_ready_read = read i1 @_ssdm_op_Read.ap_none.i1P0A, i1 %d_o_ready" [FFT/FFT.cpp:168]   --->   Operation 62 'read' 'd_o_ready_read' <Predicate = true> <Delay = 0.00>
ST_1 : Operation 63 [1/1] (0.00ns)   --->   "%r_acc_valid_load = load i1 %r_acc_valid" [FFT/FFT.cpp:168]   --->   Operation 63 'load' 'r_acc_valid_load' <Predicate = true> <Delay = 0.00>
ST_1 : Operation 64 [1/1] (0.00ns)   --->   "%state_load = load i3 %state" [FFT/FFT.cpp:181]   --->   Operation 64 'load' 'state_load' <Predicate = true> <Delay = 0.00>
ST_1 : Operation 65 [1/1] (0.00ns)   --->   "%b_count_V_load = load i5 %b_count_V"   --->   Operation 65 'load' 'b_count_V_load' <Predicate = true> <Delay = 0.00>
ST_1 : Operation 66 [1/1] (0.00ns)   --->   "%r_cnt_V_load = load i14 %r_cnt_V"   --->   Operation 66 'load' 'r_cnt_V_load' <Predicate = true> <Delay = 0.00>
ST_1 : Operation 67 [1/1] (0.00ns)   --->   "%trunc_ln284 = trunc i14 %r_cnt_V_load" [FFT/FFT.cpp:284]   --->   Operation 67 'trunc' 'trunc_ln284' <Predicate = true> <Delay = 0.00>
ST_1 : Operation 68 [1/1] (0.00ns)   --->   "%i_load = load i32 %i" [FFT/FFT.cpp:284]   --->   Operation 68 'load' 'i_load' <Predicate = true> <Delay = 0.00>
ST_1 : Operation 69 [1/1] (0.00ns)   --->   "%sum_V_load = load i64 %sum_V"   --->   Operation 69 'load' 'sum_V_load' <Predicate = true> <Delay = 0.00>
ST_1 : Operation 70 [1/1] (0.00ns)   --->   "%trunc_ln318 = trunc i64 %sum_V_load" [FFT/FFT.cpp:318]   --->   Operation 70 'trunc' 'trunc_ln318' <Predicate = true> <Delay = 0.00>
ST_1 : Operation 71 [1/1] (0.00ns)   --->   "%ctrl_load = load i32 %ctrl" [FFT/FFT.cpp:318]   --->   Operation 71 'load' 'ctrl_load' <Predicate = true> <Delay = 0.00>
ST_1 : Operation 72 [1/1] (0.00ns)   --->   "%s_idx_load = load i32 %s_idx" [FFT/FFT.cpp:283]   --->   Operation 72 'load' 's_idx_load' <Predicate = true> <Delay = 0.00>
ST_1 : Operation 73 [1/1] (0.00ns)   --->   "%idx_1_1 = load i32 %idx_1" [FFT/FFT.cpp:292]   --->   Operation 73 'load' 'idx_1_1' <Predicate = true> <Delay = 0.00>
ST_1 : Operation 74 [1/1] (0.00ns)   --->   "%trunc_ln292 = trunc i32 %idx_1_1" [FFT/FFT.cpp:292]   --->   Operation 74 'trunc' 'trunc_ln292' <Predicate = true> <Delay = 0.00>
ST_1 : Operation 75 [1/1] (0.00ns)   --->   "%idx_2_1 = load i32 %idx_2" [FFT/FFT.cpp:292]   --->   Operation 75 'load' 'idx_2_1' <Predicate = true> <Delay = 0.00>
ST_1 : Operation 76 [1/1] (0.00ns)   --->   "%trunc_ln304 = trunc i32 %idx_2_1" [FFT/FFT.cpp:304]   --->   Operation 76 'trunc' 'trunc_ln304' <Predicate = true> <Delay = 0.00>
ST_1 : Operation 77 [1/1] (0.00ns)   --->   "%offset_j_load = load i32 %offset_j" [FFT/FFT.cpp:304]   --->   Operation 77 'load' 'offset_j_load' <Predicate = true> <Delay = 0.00>
ST_1 : Operation 78 [1/1] (0.00ns)   --->   "%offset_start_load = load i32 %offset_start" [FFT/FFT.cpp:303]   --->   Operation 78 'load' 'offset_start_load' <Predicate = true> <Delay = 0.00>
ST_1 : Operation 79 [1/1] (0.00ns)   --->   "%cont_hs_is_t_hs_is_t_hs_is_t_hs_is_t_bool_bool_bool_bool_ap_uint_ap_uint_ap_20 = load i33 %cont_hs_is_t_hs_is_t_hs_is_t_hs_is_t_bool_bool_bool_bool_ap_uint_ap_uint_ap_19" [FFT/FFT.cpp:287]   --->   Operation 79 'load' 'cont_hs_is_t_hs_is_t_hs_is_t_hs_is_t_bool_bool_bool_bool_ap_uint_ap_uint_ap_20' <Predicate = true> <Delay = 0.00>
ST_1 : Operation 80 [1/1] (0.00ns)   --->   "%cont_hs_is_t_hs_is_t_hs_is_t_hs_is_t_bool_bool_bool_bool_ap_uint_ap_uint_ap_21 = load i33 %cont_hs_is_t_hs_is_t_hs_is_t_hs_is_t_bool_bool_bool_bool_ap_uint_ap_uint_ap_18" [FFT/FFT.cpp:287]   --->   Operation 80 'load' 'cont_hs_is_t_hs_is_t_hs_is_t_hs_is_t_bool_bool_bool_bool_ap_uint_ap_uint_ap_21' <Predicate = true> <Delay = 0.00>
ST_1 : Operation 81 [1/1] (0.00ns)   --->   "%cont_hs_is_t_hs_is_t_hs_is_t_hs_is_t_bool_bool_bool_bool_ap_uint_ap_uint_ap_22 = load i33 %cont_hs_is_t_hs_is_t_hs_is_t_hs_is_t_bool_bool_bool_bool_ap_uint_ap_uint_ap_17" [FFT/FFT.cpp:287]   --->   Operation 81 'load' 'cont_hs_is_t_hs_is_t_hs_is_t_hs_is_t_bool_bool_bool_bool_ap_uint_ap_uint_ap_22' <Predicate = true> <Delay = 0.00>
ST_1 : Operation 82 [1/1] (0.00ns)   --->   "%cont_hs_is_t_hs_is_t_hs_is_t_hs_is_t_bool_bool_bool_bool_ap_uint_ap_uint_ap_23 = load i33 %cont_hs_is_t_hs_is_t_hs_is_t_hs_is_t_bool_bool_bool_bool_ap_uint_ap_uint_ap_16" [FFT/FFT.cpp:287]   --->   Operation 82 'load' 'cont_hs_is_t_hs_is_t_hs_is_t_hs_is_t_bool_bool_bool_bool_ap_uint_ap_uint_ap_23' <Predicate = true> <Delay = 0.00>
ST_1 : Operation 83 [1/1] (0.00ns)   --->   "%cont_hs_is_t_hs_is_t_hs_is_t_hs_is_t_bool_bool_bool_bool_ap_uint_ap_uint_ap_24 = load i33 %cont_hs_is_t_hs_is_t_hs_is_t_hs_is_t_bool_bool_bool_bool_ap_uint_ap_uint_ap_15" [FFT/FFT.cpp:287]   --->   Operation 83 'load' 'cont_hs_is_t_hs_is_t_hs_is_t_hs_is_t_bool_bool_bool_bool_ap_uint_ap_uint_ap_24' <Predicate = true> <Delay = 0.00>
ST_1 : Operation 84 [1/1] (0.00ns)   --->   "%cont_hs_is_t_hs_is_t_hs_is_t_hs_is_t_bool_bool_bool_bool_ap_uint_ap_uint_ap_25 = load i33 %cont_hs_is_t_hs_is_t_hs_is_t_hs_is_t_bool_bool_bool_bool_ap_uint_ap_uint_ap_14" [FFT/FFT.cpp:287]   --->   Operation 84 'load' 'cont_hs_is_t_hs_is_t_hs_is_t_hs_is_t_bool_bool_bool_bool_ap_uint_ap_uint_ap_25' <Predicate = true> <Delay = 0.00>
ST_1 : Operation 85 [1/1] (0.00ns)   --->   "%cont_hs_is_t_hs_is_t_hs_is_t_hs_is_t_bool_bool_bool_bool_ap_uint_ap_uint_ap_26 = load i33 %cont_hs_is_t_hs_is_t_hs_is_t_hs_is_t_bool_bool_bool_bool_ap_uint_ap_uint_ap_13" [FFT/FFT.cpp:287]   --->   Operation 85 'load' 'cont_hs_is_t_hs_is_t_hs_is_t_hs_is_t_bool_bool_bool_bool_ap_uint_ap_uint_ap_26' <Predicate = true> <Delay = 0.00>
ST_1 : Operation 86 [1/1] (0.00ns)   --->   "%cont_hs_is_t_hs_is_t_hs_is_t_hs_is_t_bool_bool_bool_bool_ap_uint_ap_uint_ap_27 = load i33 %cont_hs_is_t_hs_is_t_hs_is_t_hs_is_t_bool_bool_bool_bool_ap_uint_ap_uint_ap_12" [FFT/FFT.cpp:287]   --->   Operation 86 'load' 'cont_hs_is_t_hs_is_t_hs_is_t_hs_is_t_bool_bool_bool_bool_ap_uint_ap_uint_ap_27' <Predicate = true> <Delay = 0.00>
ST_1 : Operation 87 [1/1] (0.00ns)   --->   "%cont_hs_is_t_hs_is_t_hs_is_t_hs_is_t_bool_bool_bool_bool_ap_uint_ap_uint_ap_28 = load i33 %cont_hs_is_t_hs_is_t_hs_is_t_hs_is_t_bool_bool_bool_bool_ap_uint_ap_uint_ap_11" [FFT/FFT.cpp:287]   --->   Operation 87 'load' 'cont_hs_is_t_hs_is_t_hs_is_t_hs_is_t_bool_bool_bool_bool_ap_uint_ap_uint_ap_28' <Predicate = true> <Delay = 0.00>
ST_1 : Operation 88 [1/1] (0.00ns)   --->   "%cont_hs_is_t_hs_is_t_hs_is_t_hs_is_t_bool_bool_bool_bool_ap_uint_ap_uint_ap_29 = load i33 %cont_hs_is_t_hs_is_t_hs_is_t_hs_is_t_bool_bool_bool_bool_ap_uint_ap_uint_ap_10" [FFT/FFT.cpp:287]   --->   Operation 88 'load' 'cont_hs_is_t_hs_is_t_hs_is_t_hs_is_t_bool_bool_bool_bool_ap_uint_ap_uint_ap_29' <Predicate = true> <Delay = 0.00>
ST_1 : Operation 89 [1/1] (0.00ns)   --->   "%p_ZZ4contP7hs_is_tS0_S0_S0_bbbb7ap_uintILi5EES1_ILi11EEPS3_PbE8buffer_a_10_load = load i33 %p_ZZ4contP7hs_is_tS0_S0_S0_bbbb7ap_uintILi5EES1_ILi11EEPS3_PbE8buffer_a_10" [FFT/FFT.cpp:287]   --->   Operation 89 'load' 'p_ZZ4contP7hs_is_tS0_S0_S0_bbbb7ap_uintILi5EES1_ILi11EEPS3_PbE8buffer_a_10_load' <Predicate = true> <Delay = 0.00>
ST_1 : Operation 90 [1/1] (0.00ns)   --->   "%cont_hs_is_t_hs_is_t_hs_is_t_hs_is_t_bool_bool_bool_bool_ap_uint_5_ap_uint_11_ap_uint_11_bool_buffer_a = load i33 %p_ZZ4contP7hs_is_tS0_S0_S0_bbbb7ap_uintILi5EES1_ILi11EEPS3_PbE8buffer_a_11" [FFT/FFT.cpp:287]   --->   Operation 90 'load' 'cont_hs_is_t_hs_is_t_hs_is_t_hs_is_t_bool_bool_bool_bool_ap_uint_5_ap_uint_11_ap_uint_11_bool_buffer_a' <Predicate = true> <Delay = 0.00>
ST_1 : Operation 91 [1/1] (0.00ns)   --->   "%cont_hs_is_t_hs_is_t_hs_is_t_hs_is_t_bool_bool_bool_bool_ap_uint_5_ap_uint_11_ap_uint_11_bool_buffer_a_14 = load i33 %p_ZZ4contP7hs_is_tS0_S0_S0_bbbb7ap_uintILi5EES1_ILi11EEPS3_PbE8buffer_a_12" [FFT/FFT.cpp:287]   --->   Operation 91 'load' 'cont_hs_is_t_hs_is_t_hs_is_t_hs_is_t_bool_bool_bool_bool_ap_uint_5_ap_uint_11_ap_uint_11_bool_buffer_a_14' <Predicate = true> <Delay = 0.00>
ST_1 : Operation 92 [1/1] (0.00ns)   --->   "%cont_hs_is_t_hs_is_t_hs_is_t_hs_is_t_bool_bool_bool_bool_ap_uint_5_ap_uint_11_ap_uint_11_bool_buffer_a_15 = load i33 %p_ZZ4contP7hs_is_tS0_S0_S0_bbbb7ap_uintILi5EES1_ILi11EEPS3_PbE8buffer_a_13" [FFT/FFT.cpp:287]   --->   Operation 92 'load' 'cont_hs_is_t_hs_is_t_hs_is_t_hs_is_t_bool_bool_bool_bool_ap_uint_5_ap_uint_11_ap_uint_11_bool_buffer_a_15' <Predicate = true> <Delay = 0.00>
ST_1 : Operation 93 [1/1] (0.00ns)   --->   "%cont_hs_is_t_hs_is_t_hs_is_t_hs_is_t_bool_bool_bool_bool_ap_uint_5_ap_uint_11_ap_uint_11_bool_buffer_a_16 = load i33 %p_ZZ4contP7hs_is_tS0_S0_S0_bbbb7ap_uintILi5EES1_ILi11EEPS3_PbE8buffer_a_14" [FFT/FFT.cpp:287]   --->   Operation 93 'load' 'cont_hs_is_t_hs_is_t_hs_is_t_hs_is_t_bool_bool_bool_bool_ap_uint_5_ap_uint_11_ap_uint_11_bool_buffer_a_16' <Predicate = true> <Delay = 0.00>
ST_1 : Operation 94 [1/1] (0.00ns)   --->   "%cont_hs_is_t_hs_is_t_hs_is_t_hs_is_t_bool_bool_bool_bool_ap_uint_5_ap_uint_11_ap_uint_11_bool_buffer_a_17 = load i33 %p_ZZ4contP7hs_is_tS0_S0_S0_bbbb7ap_uintILi5EES1_ILi11EEPS3_PbE8buffer_a_15" [FFT/FFT.cpp:287]   --->   Operation 94 'load' 'cont_hs_is_t_hs_is_t_hs_is_t_hs_is_t_bool_bool_bool_bool_ap_uint_5_ap_uint_11_ap_uint_11_bool_buffer_a_17' <Predicate = true> <Delay = 0.00>
ST_1 : Operation 95 [1/1] (0.00ns)   --->   "%p_ZZ4contP7hs_is_tS0_S0_S0_bbbb7ap_uintILi5EES1_ILi11EEPS3_PbE8buffer_a_16_load = load i33 %p_ZZ4contP7hs_is_tS0_S0_S0_bbbb7ap_uintILi5EES1_ILi11EEPS3_PbE8buffer_a_16" [FFT/FFT.cpp:287]   --->   Operation 95 'load' 'p_ZZ4contP7hs_is_tS0_S0_S0_bbbb7ap_uintILi5EES1_ILi11EEPS3_PbE8buffer_a_16_load' <Predicate = true> <Delay = 0.00>
ST_1 : Operation 96 [1/1] (0.00ns)   --->   "%p_ZZ4contP7hs_is_tS0_S0_S0_bbbb7ap_uintILi5EES1_ILi11EEPS3_PbE8buffer_a_17_load = load i33 %p_ZZ4contP7hs_is_tS0_S0_S0_bbbb7ap_uintILi5EES1_ILi11EEPS3_PbE8buffer_a_17" [FFT/FFT.cpp:287]   --->   Operation 96 'load' 'p_ZZ4contP7hs_is_tS0_S0_S0_bbbb7ap_uintILi5EES1_ILi11EEPS3_PbE8buffer_a_17_load' <Predicate = true> <Delay = 0.00>
ST_1 : Operation 97 [1/1] (0.00ns)   --->   "%p_ZZ4contP7hs_is_tS0_S0_S0_bbbb7ap_uintILi5EES1_ILi11EEPS3_PbE8buffer_a_18_load = load i33 %p_ZZ4contP7hs_is_tS0_S0_S0_bbbb7ap_uintILi5EES1_ILi11EEPS3_PbE8buffer_a_18" [FFT/FFT.cpp:287]   --->   Operation 97 'load' 'p_ZZ4contP7hs_is_tS0_S0_S0_bbbb7ap_uintILi5EES1_ILi11EEPS3_PbE8buffer_a_18_load' <Predicate = true> <Delay = 0.00>
ST_1 : Operation 98 [1/1] (0.00ns)   --->   "%p_ZZ4contP7hs_is_tS0_S0_S0_bbbb7ap_uintILi5EES1_ILi11EEPS3_PbE8buffer_a_19_load = load i33 %p_ZZ4contP7hs_is_tS0_S0_S0_bbbb7ap_uintILi5EES1_ILi11EEPS3_PbE8buffer_a_19" [FFT/FFT.cpp:287]   --->   Operation 98 'load' 'p_ZZ4contP7hs_is_tS0_S0_S0_bbbb7ap_uintILi5EES1_ILi11EEPS3_PbE8buffer_a_19_load' <Predicate = true> <Delay = 0.00>
ST_1 : Operation 99 [1/1] (0.00ns)   --->   "%cont_hs_is_t_hs_is_t_hs_is_t_hs_is_t_bool_bool_bool_bool_ap_uint_ap_uint_ap_30 = load i33 %cont_hs_is_t_hs_is_t_hs_is_t_hs_is_t_bool_bool_bool_bool_ap_uint_ap_uint_ap_9" [FFT/FFT.cpp:285]   --->   Operation 99 'load' 'cont_hs_is_t_hs_is_t_hs_is_t_hs_is_t_bool_bool_bool_bool_ap_uint_ap_uint_ap_30' <Predicate = true> <Delay = 0.00>
ST_1 : Operation 100 [1/1] (0.00ns)   --->   "%cont_hs_is_t_hs_is_t_hs_is_t_hs_is_t_bool_bool_bool_bool_ap_uint_ap_uint_ap_31 = load i33 %cont_hs_is_t_hs_is_t_hs_is_t_hs_is_t_bool_bool_bool_bool_ap_uint_ap_uint_ap_8" [FFT/FFT.cpp:285]   --->   Operation 100 'load' 'cont_hs_is_t_hs_is_t_hs_is_t_hs_is_t_bool_bool_bool_bool_ap_uint_ap_uint_ap_31' <Predicate = true> <Delay = 0.00>
ST_1 : Operation 101 [1/1] (0.00ns)   --->   "%cont_hs_is_t_hs_is_t_hs_is_t_hs_is_t_bool_bool_bool_bool_ap_uint_ap_uint_ap_32 = load i33 %cont_hs_is_t_hs_is_t_hs_is_t_hs_is_t_bool_bool_bool_bool_ap_uint_ap_uint_ap_7" [FFT/FFT.cpp:285]   --->   Operation 101 'load' 'cont_hs_is_t_hs_is_t_hs_is_t_hs_is_t_bool_bool_bool_bool_ap_uint_ap_uint_ap_32' <Predicate = true> <Delay = 0.00>
ST_1 : Operation 102 [1/1] (0.00ns)   --->   "%cont_hs_is_t_hs_is_t_hs_is_t_hs_is_t_bool_bool_bool_bool_ap_uint_ap_uint_ap_33 = load i33 %cont_hs_is_t_hs_is_t_hs_is_t_hs_is_t_bool_bool_bool_bool_ap_uint_ap_uint_ap_6" [FFT/FFT.cpp:285]   --->   Operation 102 'load' 'cont_hs_is_t_hs_is_t_hs_is_t_hs_is_t_bool_bool_bool_bool_ap_uint_ap_uint_ap_33' <Predicate = true> <Delay = 0.00>
ST_1 : Operation 103 [1/1] (0.00ns)   --->   "%cont_hs_is_t_hs_is_t_hs_is_t_hs_is_t_bool_bool_bool_bool_ap_uint_ap_uint_ap_34 = load i33 %cont_hs_is_t_hs_is_t_hs_is_t_hs_is_t_bool_bool_bool_bool_ap_uint_ap_uint_ap_5" [FFT/FFT.cpp:285]   --->   Operation 103 'load' 'cont_hs_is_t_hs_is_t_hs_is_t_hs_is_t_bool_bool_bool_bool_ap_uint_ap_uint_ap_34' <Predicate = true> <Delay = 0.00>
ST_1 : Operation 104 [1/1] (0.00ns)   --->   "%cont_hs_is_t_hs_is_t_hs_is_t_hs_is_t_bool_bool_bool_bool_ap_uint_ap_uint_ap_35 = load i33 %cont_hs_is_t_hs_is_t_hs_is_t_hs_is_t_bool_bool_bool_bool_ap_uint_ap_uint_ap_4" [FFT/FFT.cpp:285]   --->   Operation 104 'load' 'cont_hs_is_t_hs_is_t_hs_is_t_hs_is_t_bool_bool_bool_bool_ap_uint_ap_uint_ap_35' <Predicate = true> <Delay = 0.00>
ST_1 : Operation 105 [1/1] (0.00ns)   --->   "%cont_hs_is_t_hs_is_t_hs_is_t_hs_is_t_bool_bool_bool_bool_ap_uint_ap_uint_ap_36 = load i33 %cont_hs_is_t_hs_is_t_hs_is_t_hs_is_t_bool_bool_bool_bool_ap_uint_ap_uint_ap_3" [FFT/FFT.cpp:285]   --->   Operation 105 'load' 'cont_hs_is_t_hs_is_t_hs_is_t_hs_is_t_bool_bool_bool_bool_ap_uint_ap_uint_ap_36' <Predicate = true> <Delay = 0.00>
ST_1 : Operation 106 [1/1] (0.00ns)   --->   "%cont_hs_is_t_hs_is_t_hs_is_t_hs_is_t_bool_bool_bool_bool_ap_uint_ap_uint_ap_37 = load i33 %cont_hs_is_t_hs_is_t_hs_is_t_hs_is_t_bool_bool_bool_bool_ap_uint_ap_uint_ap_2" [FFT/FFT.cpp:285]   --->   Operation 106 'load' 'cont_hs_is_t_hs_is_t_hs_is_t_hs_is_t_bool_bool_bool_bool_ap_uint_ap_uint_ap_37' <Predicate = true> <Delay = 0.00>
ST_1 : Operation 107 [1/1] (0.00ns)   --->   "%cont_hs_is_t_hs_is_t_hs_is_t_hs_is_t_bool_bool_bool_bool_ap_uint_ap_uint_ap_38 = load i33 %cont_hs_is_t_hs_is_t_hs_is_t_hs_is_t_bool_bool_bool_bool_ap_uint_ap_uint_ap_1" [FFT/FFT.cpp:285]   --->   Operation 107 'load' 'cont_hs_is_t_hs_is_t_hs_is_t_hs_is_t_bool_bool_bool_bool_ap_uint_ap_uint_ap_38' <Predicate = true> <Delay = 0.00>
ST_1 : Operation 108 [1/1] (0.00ns)   --->   "%cont_hs_is_t_hs_is_t_hs_is_t_hs_is_t_bool_bool_bool_bool_ap_uint_ap_uint_ap_39 = load i33 %cont_mulmulmulmulhs_is_t_hs_is_t_hs_is_t_hs_is_t_bool_bool_bool_bool_ap_uint_ap_uint_ap" [FFT/FFT.cpp:285]   --->   Operation 108 'load' 'cont_hs_is_t_hs_is_t_hs_is_t_hs_is_t_bool_bool_bool_bool_ap_uint_ap_uint_ap_39' <Predicate = true> <Delay = 0.00>
ST_1 : Operation 109 [1/1] (0.00ns)   --->   "%p_ZZ4contP7hs_is_tS0_S0_S0_bbbb7ap_uintILi5EES1_ILi11EEPS3_PbE8buffer_b_10_load = load i33 %p_ZZ4contP7hs_is_tS0_S0_S0_bbbb7ap_uintILi5EES1_ILi11EEPS3_PbE8buffer_b_10" [FFT/FFT.cpp:285]   --->   Operation 109 'load' 'p_ZZ4contP7hs_is_tS0_S0_S0_bbbb7ap_uintILi5EES1_ILi11EEPS3_PbE8buffer_b_10_load' <Predicate = true> <Delay = 0.00>
ST_1 : Operation 110 [1/1] (0.00ns)   --->   "%cont_hs_is_t_hs_is_t_hs_is_t_hs_is_t_bool_bool_bool_bool_ap_uint_5_ap_uint_11_ap_uint_11_bool_buffer_b = load i33 %p_ZZ4contP7hs_is_tS0_S0_S0_bbbb7ap_uintILi5EES1_ILi11EEPS3_PbE8buffer_b_11" [FFT/FFT.cpp:285]   --->   Operation 110 'load' 'cont_hs_is_t_hs_is_t_hs_is_t_hs_is_t_bool_bool_bool_bool_ap_uint_5_ap_uint_11_ap_uint_11_bool_buffer_b' <Predicate = true> <Delay = 0.00>
ST_1 : Operation 111 [1/1] (0.00ns)   --->   "%cont_hs_is_t_hs_is_t_hs_is_t_hs_is_t_bool_bool_bool_bool_ap_uint_5_ap_uint_11_ap_uint_11_bool_buffer_b_18 = load i33 %p_ZZ4contP7hs_is_tS0_S0_S0_bbbb7ap_uintILi5EES1_ILi11EEPS3_PbE8buffer_b_12" [FFT/FFT.cpp:285]   --->   Operation 111 'load' 'cont_hs_is_t_hs_is_t_hs_is_t_hs_is_t_bool_bool_bool_bool_ap_uint_5_ap_uint_11_ap_uint_11_bool_buffer_b_18' <Predicate = true> <Delay = 0.00>
ST_1 : Operation 112 [1/1] (0.00ns)   --->   "%cont_hs_is_t_hs_is_t_hs_is_t_hs_is_t_bool_bool_bool_bool_ap_uint_5_ap_uint_11_ap_uint_11_bool_buffer_b_19 = load i33 %p_ZZ4contP7hs_is_tS0_S0_S0_bbbb7ap_uintILi5EES1_ILi11EEPS3_PbE8buffer_b_13" [FFT/FFT.cpp:285]   --->   Operation 112 'load' 'cont_hs_is_t_hs_is_t_hs_is_t_hs_is_t_bool_bool_bool_bool_ap_uint_5_ap_uint_11_ap_uint_11_bool_buffer_b_19' <Predicate = true> <Delay = 0.00>
ST_1 : Operation 113 [1/1] (0.00ns)   --->   "%cont_hs_is_t_hs_is_t_hs_is_t_hs_is_t_bool_bool_bool_bool_ap_uint_5_ap_uint_11_ap_uint_11_bool_buffer_b_20 = load i33 %p_ZZ4contP7hs_is_tS0_S0_S0_bbbb7ap_uintILi5EES1_ILi11EEPS3_PbE8buffer_b_14" [FFT/FFT.cpp:285]   --->   Operation 113 'load' 'cont_hs_is_t_hs_is_t_hs_is_t_hs_is_t_bool_bool_bool_bool_ap_uint_5_ap_uint_11_ap_uint_11_bool_buffer_b_20' <Predicate = true> <Delay = 0.00>
ST_1 : Operation 114 [1/1] (0.00ns)   --->   "%cont_hs_is_t_hs_is_t_hs_is_t_hs_is_t_bool_bool_bool_bool_ap_uint_5_ap_uint_11_ap_uint_11_bool_buffer_b_21 = load i33 %p_ZZ4contP7hs_is_tS0_S0_S0_bbbb7ap_uintILi5EES1_ILi11EEPS3_PbE8buffer_b_15" [FFT/FFT.cpp:285]   --->   Operation 114 'load' 'cont_hs_is_t_hs_is_t_hs_is_t_hs_is_t_bool_bool_bool_bool_ap_uint_5_ap_uint_11_ap_uint_11_bool_buffer_b_21' <Predicate = true> <Delay = 0.00>
ST_1 : Operation 115 [1/1] (0.00ns)   --->   "%p_ZZ4contP7hs_is_tS0_S0_S0_bbbb7ap_uintILi5EES1_ILi11EEPS3_PbE8buffer_b_16_load = load i33 %p_ZZ4contP7hs_is_tS0_S0_S0_bbbb7ap_uintILi5EES1_ILi11EEPS3_PbE8buffer_b_16" [FFT/FFT.cpp:285]   --->   Operation 115 'load' 'p_ZZ4contP7hs_is_tS0_S0_S0_bbbb7ap_uintILi5EES1_ILi11EEPS3_PbE8buffer_b_16_load' <Predicate = true> <Delay = 0.00>
ST_1 : Operation 116 [1/1] (0.00ns)   --->   "%p_ZZ4contP7hs_is_tS0_S0_S0_bbbb7ap_uintILi5EES1_ILi11EEPS3_PbE8buffer_b_17_load = load i33 %p_ZZ4contP7hs_is_tS0_S0_S0_bbbb7ap_uintILi5EES1_ILi11EEPS3_PbE8buffer_b_17" [FFT/FFT.cpp:285]   --->   Operation 116 'load' 'p_ZZ4contP7hs_is_tS0_S0_S0_bbbb7ap_uintILi5EES1_ILi11EEPS3_PbE8buffer_b_17_load' <Predicate = true> <Delay = 0.00>
ST_1 : Operation 117 [1/1] (0.00ns)   --->   "%p_ZZ4contP7hs_is_tS0_S0_S0_bbbb7ap_uintILi5EES1_ILi11EEPS3_PbE8buffer_b_18_load = load i33 %p_ZZ4contP7hs_is_tS0_S0_S0_bbbb7ap_uintILi5EES1_ILi11EEPS3_PbE8buffer_b_18" [FFT/FFT.cpp:285]   --->   Operation 117 'load' 'p_ZZ4contP7hs_is_tS0_S0_S0_bbbb7ap_uintILi5EES1_ILi11EEPS3_PbE8buffer_b_18_load' <Predicate = true> <Delay = 0.00>
ST_1 : Operation 118 [1/1] (0.00ns)   --->   "%p_ZZ4contP7hs_is_tS0_S0_S0_bbbb7ap_uintILi5EES1_ILi11EEPS3_PbE8buffer_b_19_load = load i33 %p_ZZ4contP7hs_is_tS0_S0_S0_bbbb7ap_uintILi5EES1_ILi11EEPS3_PbE8buffer_b_19" [FFT/FFT.cpp:285]   --->   Operation 118 'load' 'p_ZZ4contP7hs_is_tS0_S0_S0_bbbb7ap_uintILi5EES1_ILi11EEPS3_PbE8buffer_b_19_load' <Predicate = true> <Delay = 0.00>
ST_1 : Operation 119 [1/1] (0.44ns)   --->   "%switch_ln181 = switch i3 %state_load, void %sw.bb, i3 6, void %sw.bb280, i3 1, void %sw.bb90, i3 2, void %sw.bb149, i3 5, void %sw.bb164, i3 3, void %sw.bb232, i3 4, void %sw.bb255" [FFT/FFT.cpp:181]   --->   Operation 119 'switch' 'switch_ln181' <Predicate = true> <Delay = 0.44>
ST_1 : Operation 120 [1/1] (0.73ns)   --->   "%tmp_2 = mux i33 @_ssdm_op_Mux.ap_auto.20i33.i5, i33 %cont_hs_is_t_hs_is_t_hs_is_t_hs_is_t_bool_bool_bool_bool_ap_uint_ap_uint_ap_20, i33 %cont_hs_is_t_hs_is_t_hs_is_t_hs_is_t_bool_bool_bool_bool_ap_uint_ap_uint_ap_21, i33 %cont_hs_is_t_hs_is_t_hs_is_t_hs_is_t_bool_bool_bool_bool_ap_uint_ap_uint_ap_22, i33 %cont_hs_is_t_hs_is_t_hs_is_t_hs_is_t_bool_bool_bool_bool_ap_uint_ap_uint_ap_23, i33 %cont_hs_is_t_hs_is_t_hs_is_t_hs_is_t_bool_bool_bool_bool_ap_uint_ap_uint_ap_24, i33 %cont_hs_is_t_hs_is_t_hs_is_t_hs_is_t_bool_bool_bool_bool_ap_uint_ap_uint_ap_25, i33 %cont_hs_is_t_hs_is_t_hs_is_t_hs_is_t_bool_bool_bool_bool_ap_uint_ap_uint_ap_26, i33 %cont_hs_is_t_hs_is_t_hs_is_t_hs_is_t_bool_bool_bool_bool_ap_uint_ap_uint_ap_27, i33 %cont_hs_is_t_hs_is_t_hs_is_t_hs_is_t_bool_bool_bool_bool_ap_uint_ap_uint_ap_28, i33 %cont_hs_is_t_hs_is_t_hs_is_t_hs_is_t_bool_bool_bool_bool_ap_uint_ap_uint_ap_29, i33 %p_ZZ4contP7hs_is_tS0_S0_S0_bbbb7ap_uintILi5EES1_ILi11EEPS3_PbE8buffer_a_10_load, i33 %cont_hs_is_t_hs_is_t_hs_is_t_hs_is_t_bool_bool_bool_bool_ap_uint_5_ap_uint_11_ap_uint_11_bool_buffer_a, i33 %cont_hs_is_t_hs_is_t_hs_is_t_hs_is_t_bool_bool_bool_bool_ap_uint_5_ap_uint_11_ap_uint_11_bool_buffer_a_14, i33 %cont_hs_is_t_hs_is_t_hs_is_t_hs_is_t_bool_bool_bool_bool_ap_uint_5_ap_uint_11_ap_uint_11_bool_buffer_a_15, i33 %cont_hs_is_t_hs_is_t_hs_is_t_hs_is_t_bool_bool_bool_bool_ap_uint_5_ap_uint_11_ap_uint_11_bool_buffer_a_16, i33 %cont_hs_is_t_hs_is_t_hs_is_t_hs_is_t_bool_bool_bool_bool_ap_uint_5_ap_uint_11_ap_uint_11_bool_buffer_a_17, i33 %p_ZZ4contP7hs_is_tS0_S0_S0_bbbb7ap_uintILi5EES1_ILi11EEPS3_PbE8buffer_a_16_load, i33 %p_ZZ4contP7hs_is_tS0_S0_S0_bbbb7ap_uintILi5EES1_ILi11EEPS3_PbE8buffer_a_17_load, i33 %p_ZZ4contP7hs_is_tS0_S0_S0_bbbb7ap_uintILi5EES1_ILi11EEPS3_PbE8buffer_a_18_load, i33 %p_ZZ4contP7hs_is_tS0_S0_S0_bbbb7ap_uintILi5EES1_ILi11EEPS3_PbE8buffer_a_19_load, i5 %trunc_ln292"   --->   Operation 120 'mux' 'tmp_2' <Predicate = (state_load == 4)> <Delay = 0.73> <CoreInst = "Multiplexer">   --->   Core 76 'Multiplexer' <Latency = 0> <II = 1> <Delay = 0.73> <FuncUnit> <Opcode : 'mux'> <InPorts = 2> <OutPorts = 1>
ST_1 : Operation 121 [1/1] (0.00ns)   --->   "%sext_ln186_2 = sext i33 %tmp_2"   --->   Operation 121 'sext' 'sext_ln186_2' <Predicate = (state_load == 4)> <Delay = 0.00>
ST_1 : Operation 122 [1/1] (0.73ns)   --->   "%tmp = mux i33 @_ssdm_op_Mux.ap_auto.20i33.i5, i33 %cont_hs_is_t_hs_is_t_hs_is_t_hs_is_t_bool_bool_bool_bool_ap_uint_ap_uint_ap_30, i33 %cont_hs_is_t_hs_is_t_hs_is_t_hs_is_t_bool_bool_bool_bool_ap_uint_ap_uint_ap_31, i33 %cont_hs_is_t_hs_is_t_hs_is_t_hs_is_t_bool_bool_bool_bool_ap_uint_ap_uint_ap_32, i33 %cont_hs_is_t_hs_is_t_hs_is_t_hs_is_t_bool_bool_bool_bool_ap_uint_ap_uint_ap_33, i33 %cont_hs_is_t_hs_is_t_hs_is_t_hs_is_t_bool_bool_bool_bool_ap_uint_ap_uint_ap_34, i33 %cont_hs_is_t_hs_is_t_hs_is_t_hs_is_t_bool_bool_bool_bool_ap_uint_ap_uint_ap_35, i33 %cont_hs_is_t_hs_is_t_hs_is_t_hs_is_t_bool_bool_bool_bool_ap_uint_ap_uint_ap_36, i33 %cont_hs_is_t_hs_is_t_hs_is_t_hs_is_t_bool_bool_bool_bool_ap_uint_ap_uint_ap_37, i33 %cont_hs_is_t_hs_is_t_hs_is_t_hs_is_t_bool_bool_bool_bool_ap_uint_ap_uint_ap_38, i33 %cont_hs_is_t_hs_is_t_hs_is_t_hs_is_t_bool_bool_bool_bool_ap_uint_ap_uint_ap_39, i33 %p_ZZ4contP7hs_is_tS0_S0_S0_bbbb7ap_uintILi5EES1_ILi11EEPS3_PbE8buffer_b_10_load, i33 %cont_hs_is_t_hs_is_t_hs_is_t_hs_is_t_bool_bool_bool_bool_ap_uint_5_ap_uint_11_ap_uint_11_bool_buffer_b, i33 %cont_hs_is_t_hs_is_t_hs_is_t_hs_is_t_bool_bool_bool_bool_ap_uint_5_ap_uint_11_ap_uint_11_bool_buffer_b_18, i33 %cont_hs_is_t_hs_is_t_hs_is_t_hs_is_t_bool_bool_bool_bool_ap_uint_5_ap_uint_11_ap_uint_11_bool_buffer_b_19, i33 %cont_hs_is_t_hs_is_t_hs_is_t_hs_is_t_bool_bool_bool_bool_ap_uint_5_ap_uint_11_ap_uint_11_bool_buffer_b_20, i33 %cont_hs_is_t_hs_is_t_hs_is_t_hs_is_t_bool_bool_bool_bool_ap_uint_5_ap_uint_11_ap_uint_11_bool_buffer_b_21, i33 %p_ZZ4contP7hs_is_tS0_S0_S0_bbbb7ap_uintILi5EES1_ILi11EEPS3_PbE8buffer_b_16_load, i33 %p_ZZ4contP7hs_is_tS0_S0_S0_bbbb7ap_uintILi5EES1_ILi11EEPS3_PbE8buffer_b_17_load, i33 %p_ZZ4contP7hs_is_tS0_S0_S0_bbbb7ap_uintILi5EES1_ILi11EEPS3_PbE8buffer_b_18_load, i33 %p_ZZ4contP7hs_is_tS0_S0_S0_bbbb7ap_uintILi5EES1_ILi11EEPS3_PbE8buffer_b_19_load, i5 %trunc_ln304"   --->   Operation 122 'mux' 'tmp' <Predicate = (state_load == 4)> <Delay = 0.73> <CoreInst = "Multiplexer">   --->   Core 76 'Multiplexer' <Latency = 0> <II = 1> <Delay = 0.73> <FuncUnit> <Opcode : 'mux'> <InPorts = 2> <OutPorts = 1>
ST_1 : Operation 123 [1/1] (0.00ns)   --->   "%sext_ln186_3 = sext i33 %tmp"   --->   Operation 123 'sext' 'sext_ln186_3' <Predicate = (state_load == 4)> <Delay = 0.00>
ST_1 : Operation 124 [1/1] (3.41ns)   --->   "%mul_ln840 = mul i64 %sext_ln186_3, i64 %sext_ln186_2"   --->   Operation 124 'mul' 'mul_ln840' <Predicate = (state_load == 4)> <Delay = 3.41> <CoreInst = "Multiplier">   --->   Core 3 'Multiplier' <Latency = 0> <II = 1> <Delay = 3.41> <FuncUnit> <Opcode : 'mul'> <InPorts = 2> <OutPorts = 1>
ST_1 : Operation 125 [1/1] (1.08ns)   --->   "%add_ln840 = add i64 %sum_V_load, i64 %mul_ln840"   --->   Operation 125 'add' 'add_ln840' <Predicate = (state_load == 4)> <Delay = 1.08> <CoreInst = "Adder">   --->   Core 1 'Adder' <Latency = 0> <II = 1> <Delay = 1.08> <FuncUnit> <Opcode : 'add' 'sub'> <InPorts = 2> <OutPorts = 1>
ST_1 : Operation 126 [1/1] (0.00ns)   --->   "%trunc_ln380 = trunc i64 %add_ln840" [FFT/FFT.cpp:380]   --->   Operation 126 'trunc' 'trunc_ln380' <Predicate = (state_load == 4)> <Delay = 0.00>
ST_1 : Operation 127 [1/1] (1.01ns)   --->   "%add_ln380 = add i32 %s_idx_load, i32 1" [FFT/FFT.cpp:380]   --->   Operation 127 'add' 'add_ln380' <Predicate = (state_load == 4)> <Delay = 1.01> <CoreInst = "Adder">   --->   Core 1 'Adder' <Latency = 0> <II = 1> <Delay = 1.01> <FuncUnit> <Opcode : 'add' 'sub'> <InPorts = 2> <OutPorts = 1>
ST_1 : Operation 128 [1/1] (1.01ns)   --->   "%add_ln382 = add i32 %idx_1_1, i32 1" [FFT/FFT.cpp:382]   --->   Operation 128 'add' 'add_ln382' <Predicate = (state_load == 4)> <Delay = 1.01> <CoreInst = "Adder">   --->   Core 1 'Adder' <Latency = 0> <II = 1> <Delay = 1.01> <FuncUnit> <Opcode : 'add' 'sub'> <InPorts = 2> <OutPorts = 1>
ST_1 : Operation 129 [1/1] (1.01ns)   --->   "%add_ln384 = add i32 %idx_2_1, i32 4" [FFT/FFT.cpp:384]   --->   Operation 129 'add' 'add_ln384' <Predicate = (state_load == 4)> <Delay = 1.01> <CoreInst = "Adder">   --->   Core 1 'Adder' <Latency = 0> <II = 1> <Delay = 1.01> <FuncUnit> <Opcode : 'add' 'sub'> <InPorts = 2> <OutPorts = 1>
ST_1 : Operation 130 [1/1] (0.99ns)   --->   "%icmp_ln386 = icmp_eq  i32 %offset_start_load, i32 3" [FFT/FFT.cpp:386]   --->   Operation 130 'icmp' 'icmp_ln386' <Predicate = (state_load == 4)> <Delay = 0.99> <CoreInst = "Cmp">   --->   Core 9 'Cmp' <Latency = 0> <II = 1> <Delay = 0.99> <FuncUnit> <Opcode : 'icmp'> <InPorts = 2> <OutPorts = 1>
ST_1 : Operation 131 [1/1] (0.99ns)   --->   "%icmp_ln388 = icmp_eq  i32 %add_ln380, i32 5" [FFT/FFT.cpp:388]   --->   Operation 131 'icmp' 'icmp_ln388' <Predicate = (state_load == 4)> <Delay = 0.99> <CoreInst = "Cmp">   --->   Core 9 'Cmp' <Latency = 0> <II = 1> <Delay = 0.99> <FuncUnit> <Opcode : 'icmp'> <InPorts = 2> <OutPorts = 1>
ST_1 : Operation 132 [1/1] (0.00ns)   --->   "%br_ln386 = br i1 %icmp_ln386, void %if.then266, void %if.else273" [FFT/FFT.cpp:386]   --->   Operation 132 'br' 'br_ln386' <Predicate = (state_load == 4)> <Delay = 0.00>
ST_1 : Operation 133 [1/1] (0.67ns)   --->   "%br_ln388 = br i1 %icmp_ln388, void %sw.epilog, void %if.then268" [FFT/FFT.cpp:388]   --->   Operation 133 'br' 'br_ln388' <Predicate = (state_load == 4 & !icmp_ln386)> <Delay = 0.67>
ST_1 : Operation 134 [1/1] (0.47ns)   --->   "%store_ln389 = store i35 %trunc_ln380, i35 %buffer_V" [FFT/FFT.cpp:389]   --->   Operation 134 'store' 'store_ln389' <Predicate = (state_load == 4 & !icmp_ln386 & icmp_ln388)> <Delay = 0.47>
ST_1 : Operation 135 [1/1] (1.01ns)   --->   "%add_ln395 = add i32 %offset_start_load, i32 1" [FFT/FFT.cpp:395]   --->   Operation 135 'add' 'add_ln395' <Predicate = (state_load == 4 & !icmp_ln386 & icmp_ln388)> <Delay = 1.01> <CoreInst = "Adder">   --->   Core 1 'Adder' <Latency = 0> <II = 1> <Delay = 1.01> <FuncUnit> <Opcode : 'add' 'sub'> <InPorts = 2> <OutPorts = 1>
ST_1 : Operation 136 [1/1] (0.47ns)   --->   "%store_ln397 = store i32 %add_ln395, i32 %offset_start" [FFT/FFT.cpp:397]   --->   Operation 136 'store' 'store_ln397' <Predicate = (state_load == 4 & !icmp_ln386 & icmp_ln388)> <Delay = 0.47>
ST_1 : Operation 137 [1/1] (0.67ns)   --->   "%br_ln399 = br void %sw.epilog" [FFT/FFT.cpp:399]   --->   Operation 137 'br' 'br_ln399' <Predicate = (state_load == 4 & !icmp_ln386 & icmp_ln388)> <Delay = 0.67>
ST_1 : Operation 138 [1/1] (0.67ns)   --->   "%br_ln403 = br i1 %icmp_ln388, void %sw.epilog, void %if.then275" [FFT/FFT.cpp:403]   --->   Operation 138 'br' 'br_ln403' <Predicate = (state_load == 4 & icmp_ln386)> <Delay = 0.67>
ST_1 : Operation 139 [1/1] (0.47ns)   --->   "%store_ln405 = store i35 %trunc_ln380, i35 %buffer_V" [FFT/FFT.cpp:405]   --->   Operation 139 'store' 'store_ln405' <Predicate = (state_load == 4 & icmp_ln386 & icmp_ln388)> <Delay = 0.47>
ST_1 : Operation 140 [1/1] (1.01ns)   --->   "%add_ln406 = add i32 %offset_j_load, i32 5" [FFT/FFT.cpp:406]   --->   Operation 140 'add' 'add_ln406' <Predicate = (state_load == 4 & icmp_ln386 & icmp_ln388)> <Delay = 1.01> <CoreInst = "Adder">   --->   Core 1 'Adder' <Latency = 0> <II = 1> <Delay = 1.01> <FuncUnit> <Opcode : 'add' 'sub'> <InPorts = 2> <OutPorts = 1>
ST_1 : Operation 141 [1/1] (0.52ns)   --->   "%store_ln406 = store i32 %add_ln406, i32 %offset_j" [FFT/FFT.cpp:406]   --->   Operation 141 'store' 'store_ln406' <Predicate = (state_load == 4 & icmp_ln386 & icmp_ln388)> <Delay = 0.52>
ST_1 : Operation 142 [1/1] (0.47ns)   --->   "%store_ln407 = store i32 0, i32 %offset_start" [FFT/FFT.cpp:407]   --->   Operation 142 'store' 'store_ln407' <Predicate = (state_load == 4 & icmp_ln386 & icmp_ln388)> <Delay = 0.47>
ST_1 : Operation 143 [1/1] (0.67ns)   --->   "%br_ln412 = br void %sw.epilog" [FFT/FFT.cpp:412]   --->   Operation 143 'br' 'br_ln412' <Predicate = (state_load == 4 & icmp_ln386 & icmp_ln388)> <Delay = 0.67>
ST_1 : Operation 144 [1/1] (1.01ns)   --->   "%add_ln353 = add i32 %offset_j_load, i32 %idx_1_1" [FFT/FFT.cpp:353]   --->   Operation 144 'add' 'add_ln353' <Predicate = (state_load == 3)> <Delay = 1.01> <CoreInst = "Adder">   --->   Core 1 'Adder' <Latency = 0> <II = 1> <Delay = 1.01> <FuncUnit> <Opcode : 'add' 'sub'> <InPorts = 2> <OutPorts = 1>
ST_1 : Operation 145 [1/1] (0.99ns)   --->   "%icmp_ln353 = icmp_sgt  i32 %add_ln353, i32 %idx_2_1" [FFT/FFT.cpp:353]   --->   Operation 145 'icmp' 'icmp_ln353' <Predicate = (state_load == 3)> <Delay = 0.99> <CoreInst = "Cmp">   --->   Core 9 'Cmp' <Latency = 0> <II = 1> <Delay = 0.99> <FuncUnit> <Opcode : 'icmp'> <InPorts = 2> <OutPorts = 1>
ST_1 : Operation 146 [1/1] (0.00ns)   --->   "%br_ln353 = br i1 %icmp_ln353, void %if.then235, void %if.else244" [FFT/FFT.cpp:353]   --->   Operation 146 'br' 'br_ln353' <Predicate = (state_load == 3)> <Delay = 0.00>
ST_1 : Operation 147 [1/1] (0.78ns)   --->   "%sub_ln186 = sub i5 %trunc_ln304, i5 %trunc_ln292"   --->   Operation 147 'sub' 'sub_ln186' <Predicate = (state_load == 3 & !icmp_ln353)> <Delay = 0.78> <CoreInst = "Adder">   --->   Core 1 'Adder' <Latency = 0> <II = 1> <Delay = 0.78> <FuncUnit> <Opcode : 'add' 'sub'> <InPorts = 2> <OutPorts = 1>
ST_1 : Operation 148 [1/1] (0.73ns)   --->   "%tmp_6 = mux i33 @_ssdm_op_Mux.ap_auto.20i33.i5, i33 %cont_hs_is_t_hs_is_t_hs_is_t_hs_is_t_bool_bool_bool_bool_ap_uint_ap_uint_ap_20, i33 %cont_hs_is_t_hs_is_t_hs_is_t_hs_is_t_bool_bool_bool_bool_ap_uint_ap_uint_ap_21, i33 %cont_hs_is_t_hs_is_t_hs_is_t_hs_is_t_bool_bool_bool_bool_ap_uint_ap_uint_ap_22, i33 %cont_hs_is_t_hs_is_t_hs_is_t_hs_is_t_bool_bool_bool_bool_ap_uint_ap_uint_ap_23, i33 %cont_hs_is_t_hs_is_t_hs_is_t_hs_is_t_bool_bool_bool_bool_ap_uint_ap_uint_ap_24, i33 %cont_hs_is_t_hs_is_t_hs_is_t_hs_is_t_bool_bool_bool_bool_ap_uint_ap_uint_ap_25, i33 %cont_hs_is_t_hs_is_t_hs_is_t_hs_is_t_bool_bool_bool_bool_ap_uint_ap_uint_ap_26, i33 %cont_hs_is_t_hs_is_t_hs_is_t_hs_is_t_bool_bool_bool_bool_ap_uint_ap_uint_ap_27, i33 %cont_hs_is_t_hs_is_t_hs_is_t_hs_is_t_bool_bool_bool_bool_ap_uint_ap_uint_ap_28, i33 %cont_hs_is_t_hs_is_t_hs_is_t_hs_is_t_bool_bool_bool_bool_ap_uint_ap_uint_ap_29, i33 %p_ZZ4contP7hs_is_tS0_S0_S0_bbbb7ap_uintILi5EES1_ILi11EEPS3_PbE8buffer_a_10_load, i33 %cont_hs_is_t_hs_is_t_hs_is_t_hs_is_t_bool_bool_bool_bool_ap_uint_5_ap_uint_11_ap_uint_11_bool_buffer_a, i33 %cont_hs_is_t_hs_is_t_hs_is_t_hs_is_t_bool_bool_bool_bool_ap_uint_5_ap_uint_11_ap_uint_11_bool_buffer_a_14, i33 %cont_hs_is_t_hs_is_t_hs_is_t_hs_is_t_bool_bool_bool_bool_ap_uint_5_ap_uint_11_ap_uint_11_bool_buffer_a_15, i33 %cont_hs_is_t_hs_is_t_hs_is_t_hs_is_t_bool_bool_bool_bool_ap_uint_5_ap_uint_11_ap_uint_11_bool_buffer_a_16, i33 %cont_hs_is_t_hs_is_t_hs_is_t_hs_is_t_bool_bool_bool_bool_ap_uint_5_ap_uint_11_ap_uint_11_bool_buffer_a_17, i33 %p_ZZ4contP7hs_is_tS0_S0_S0_bbbb7ap_uintILi5EES1_ILi11EEPS3_PbE8buffer_a_16_load, i33 %p_ZZ4contP7hs_is_tS0_S0_S0_bbbb7ap_uintILi5EES1_ILi11EEPS3_PbE8buffer_a_17_load, i33 %p_ZZ4contP7hs_is_tS0_S0_S0_bbbb7ap_uintILi5EES1_ILi11EEPS3_PbE8buffer_a_18_load, i33 %p_ZZ4contP7hs_is_tS0_S0_S0_bbbb7ap_uintILi5EES1_ILi11EEPS3_PbE8buffer_a_19_load, i5 %trunc_ln292"   --->   Operation 148 'mux' 'tmp_6' <Predicate = (state_load == 3 & !icmp_ln353)> <Delay = 0.73> <CoreInst = "Multiplexer">   --->   Core 76 'Multiplexer' <Latency = 0> <II = 1> <Delay = 0.73> <FuncUnit> <Opcode : 'mux'> <InPorts = 2> <OutPorts = 1>
ST_1 : Operation 149 [1/1] (0.00ns)   --->   "%sext_ln186_4 = sext i33 %tmp_6"   --->   Operation 149 'sext' 'sext_ln186_4' <Predicate = (state_load == 3 & !icmp_ln353)> <Delay = 0.00>
ST_1 : Operation 150 [1/1] (0.73ns)   --->   "%tmp_7 = mux i33 @_ssdm_op_Mux.ap_auto.20i33.i5, i33 %cont_hs_is_t_hs_is_t_hs_is_t_hs_is_t_bool_bool_bool_bool_ap_uint_ap_uint_ap_30, i33 %cont_hs_is_t_hs_is_t_hs_is_t_hs_is_t_bool_bool_bool_bool_ap_uint_ap_uint_ap_31, i33 %cont_hs_is_t_hs_is_t_hs_is_t_hs_is_t_bool_bool_bool_bool_ap_uint_ap_uint_ap_32, i33 %cont_hs_is_t_hs_is_t_hs_is_t_hs_is_t_bool_bool_bool_bool_ap_uint_ap_uint_ap_33, i33 %cont_hs_is_t_hs_is_t_hs_is_t_hs_is_t_bool_bool_bool_bool_ap_uint_ap_uint_ap_34, i33 %cont_hs_is_t_hs_is_t_hs_is_t_hs_is_t_bool_bool_bool_bool_ap_uint_ap_uint_ap_35, i33 %cont_hs_is_t_hs_is_t_hs_is_t_hs_is_t_bool_bool_bool_bool_ap_uint_ap_uint_ap_36, i33 %cont_hs_is_t_hs_is_t_hs_is_t_hs_is_t_bool_bool_bool_bool_ap_uint_ap_uint_ap_37, i33 %cont_hs_is_t_hs_is_t_hs_is_t_hs_is_t_bool_bool_bool_bool_ap_uint_ap_uint_ap_38, i33 %cont_hs_is_t_hs_is_t_hs_is_t_hs_is_t_bool_bool_bool_bool_ap_uint_ap_uint_ap_39, i33 %p_ZZ4contP7hs_is_tS0_S0_S0_bbbb7ap_uintILi5EES1_ILi11EEPS3_PbE8buffer_b_10_load, i33 %cont_hs_is_t_hs_is_t_hs_is_t_hs_is_t_bool_bool_bool_bool_ap_uint_5_ap_uint_11_ap_uint_11_bool_buffer_b, i33 %cont_hs_is_t_hs_is_t_hs_is_t_hs_is_t_bool_bool_bool_bool_ap_uint_5_ap_uint_11_ap_uint_11_bool_buffer_b_18, i33 %cont_hs_is_t_hs_is_t_hs_is_t_hs_is_t_bool_bool_bool_bool_ap_uint_5_ap_uint_11_ap_uint_11_bool_buffer_b_19, i33 %cont_hs_is_t_hs_is_t_hs_is_t_hs_is_t_bool_bool_bool_bool_ap_uint_5_ap_uint_11_ap_uint_11_bool_buffer_b_20, i33 %cont_hs_is_t_hs_is_t_hs_is_t_hs_is_t_bool_bool_bool_bool_ap_uint_5_ap_uint_11_ap_uint_11_bool_buffer_b_21, i33 %p_ZZ4contP7hs_is_tS0_S0_S0_bbbb7ap_uintILi5EES1_ILi11EEPS3_PbE8buffer_b_16_load, i33 %p_ZZ4contP7hs_is_tS0_S0_S0_bbbb7ap_uintILi5EES1_ILi11EEPS3_PbE8buffer_b_17_load, i33 %p_ZZ4contP7hs_is_tS0_S0_S0_bbbb7ap_uintILi5EES1_ILi11EEPS3_PbE8buffer_b_18_load, i33 %p_ZZ4contP7hs_is_tS0_S0_S0_bbbb7ap_uintILi5EES1_ILi11EEPS3_PbE8buffer_b_19_load, i5 %sub_ln186"   --->   Operation 150 'mux' 'tmp_7' <Predicate = (state_load == 3 & !icmp_ln353)> <Delay = 0.73> <CoreInst = "Multiplexer">   --->   Core 76 'Multiplexer' <Latency = 0> <II = 1> <Delay = 0.73> <FuncUnit> <Opcode : 'mux'> <InPorts = 2> <OutPorts = 1>
ST_1 : Operation 151 [1/1] (0.00ns)   --->   "%sext_ln186_5 = sext i33 %tmp_7"   --->   Operation 151 'sext' 'sext_ln186_5' <Predicate = (state_load == 3 & !icmp_ln353)> <Delay = 0.00>
ST_1 : Operation 152 [1/1] (3.41ns)   --->   "%mul_ln840_1 = mul i64 %sext_ln186_5, i64 %sext_ln186_4"   --->   Operation 152 'mul' 'mul_ln840_1' <Predicate = (state_load == 3 & !icmp_ln353)> <Delay = 3.41> <CoreInst = "Multiplier">   --->   Core 3 'Multiplier' <Latency = 0> <II = 1> <Delay = 3.41> <FuncUnit> <Opcode : 'mul'> <InPorts = 2> <OutPorts = 1>
ST_1 : Operation 153 [1/1] (1.08ns)   --->   "%add_ln840_1 = add i64 %sum_V_load, i64 %mul_ln840_1"   --->   Operation 153 'add' 'add_ln840_1' <Predicate = (state_load == 3 & !icmp_ln353)> <Delay = 1.08> <CoreInst = "Adder">   --->   Core 1 'Adder' <Latency = 0> <II = 1> <Delay = 1.08> <FuncUnit> <Opcode : 'add' 'sub'> <InPorts = 2> <OutPorts = 1>
ST_1 : Operation 154 [1/1] (1.01ns)   --->   "%add_ln356 = add i32 %idx_1_1, i32 1" [FFT/FFT.cpp:356]   --->   Operation 154 'add' 'add_ln356' <Predicate = (state_load == 3 & !icmp_ln353)> <Delay = 1.01> <CoreInst = "Adder">   --->   Core 1 'Adder' <Latency = 0> <II = 1> <Delay = 1.01> <FuncUnit> <Opcode : 'add' 'sub'> <InPorts = 2> <OutPorts = 1>
ST_1 : Operation 155 [1/1] (0.67ns)   --->   "%br_ln356 = br void %sw.epilog" [FFT/FFT.cpp:356]   --->   Operation 155 'br' 'br_ln356' <Predicate = (state_load == 3 & !icmp_ln353)> <Delay = 0.67>
ST_1 : Operation 156 [1/1] (0.47ns)   --->   "%store_ln359 = store i35 %trunc_ln318, i35 %buffer_V" [FFT/FFT.cpp:359]   --->   Operation 156 'store' 'store_ln359' <Predicate = (state_load == 3 & icmp_ln353)> <Delay = 0.47>
ST_1 : Operation 157 [1/1] (0.99ns)   --->   "%icmp_ln363 = icmp_slt  i32 %idx_2_1, i32 19" [FFT/FFT.cpp:363]   --->   Operation 157 'icmp' 'icmp_ln363' <Predicate = (state_load == 3 & icmp_ln353)> <Delay = 0.99> <CoreInst = "Cmp">   --->   Core 9 'Cmp' <Latency = 0> <II = 1> <Delay = 0.99> <FuncUnit> <Opcode : 'icmp'> <InPorts = 2> <OutPorts = 1>
ST_1 : Operation 158 [1/1] (1.01ns)   --->   "%add_ln364 = add i32 %idx_2_1, i32 1" [FFT/FFT.cpp:364]   --->   Operation 158 'add' 'add_ln364' <Predicate = (state_load == 3 & icmp_ln353)> <Delay = 1.01> <CoreInst = "Adder">   --->   Core 1 'Adder' <Latency = 0> <II = 1> <Delay = 1.01> <FuncUnit> <Opcode : 'add' 'sub'> <InPorts = 2> <OutPorts = 1>
ST_1 : Operation 159 [1/1] (0.67ns)   --->   "%br_ln363 = br i1 %icmp_ln363, void %if.else249, void %sw.epilog" [FFT/FFT.cpp:363]   --->   Operation 159 'br' 'br_ln363' <Predicate = (state_load == 3 & icmp_ln353)> <Delay = 0.67>
ST_1 : Operation 160 [1/1] (1.01ns)   --->   "%add_ln368 = add i32 %offset_j_load, i32 1" [FFT/FFT.cpp:368]   --->   Operation 160 'add' 'add_ln368' <Predicate = (state_load == 3 & icmp_ln353 & !icmp_ln363)> <Delay = 1.01> <CoreInst = "Adder">   --->   Core 1 'Adder' <Latency = 0> <II = 1> <Delay = 1.01> <FuncUnit> <Opcode : 'add' 'sub'> <InPorts = 2> <OutPorts = 1>
ST_1 : Operation 161 [1/1] (0.52ns)   --->   "%store_ln369 = store i32 %add_ln368, i32 %offset_j" [FFT/FFT.cpp:369]   --->   Operation 161 'store' 'store_ln369' <Predicate = (state_load == 3 & icmp_ln353 & !icmp_ln363)> <Delay = 0.52>
ST_1 : Operation 162 [1/1] (0.67ns)   --->   "%br_ln0 = br void %sw.epilog"   --->   Operation 162 'br' 'br_ln0' <Predicate = (state_load == 3 & icmp_ln353 & !icmp_ln363)> <Delay = 0.67>
ST_1 : Operation 163 [1/1] (0.00ns)   --->   "%lhs = load i32 %tmp_re_y_V"   --->   Operation 163 'load' 'lhs' <Predicate = (state_load == 5)> <Delay = 0.00>
ST_1 : Operation 164 [1/1] (0.00ns)   --->   "%sext_ln186 = sext i32 %lhs"   --->   Operation 164 'sext' 'sext_ln186' <Predicate = (state_load == 5)> <Delay = 0.00>
ST_1 : Operation 165 [1/1] (0.00ns)   --->   "%rhs = load i32 %tmp_re_x_V"   --->   Operation 165 'load' 'rhs' <Predicate = (state_load == 5)> <Delay = 0.00>
ST_1 : Operation 166 [1/1] (0.00ns)   --->   "%sext_ln186_1 = sext i32 %rhs"   --->   Operation 166 'sext' 'sext_ln186_1' <Predicate = (state_load == 5)> <Delay = 0.00>
ST_1 : Operation 167 [1/1] (1.01ns)   --->   "%ret_V = add i33 %sext_ln186_1, i33 %sext_ln186"   --->   Operation 167 'add' 'ret_V' <Predicate = (state_load == 5)> <Delay = 1.01> <CoreInst = "Adder">   --->   Core 1 'Adder' <Latency = 0> <II = 1> <Delay = 1.01> <FuncUnit> <Opcode : 'add' 'sub'> <InPorts = 2> <OutPorts = 1>
ST_1 : Operation 168 [1/1] (0.44ns)   --->   "%switch_ln296 = switch i5 %trunc_ln292, void %arrayidx168.case.19, i5 0, void %arrayidx168.exit, i5 1, void %arrayidx168.case.1, i5 2, void %arrayidx168.case.2, i5 3, void %arrayidx168.case.3, i5 4, void %arrayidx168.case.4, i5 5, void %arrayidx168.case.5, i5 6, void %arrayidx168.case.6, i5 7, void %arrayidx168.case.7, i5 8, void %arrayidx168.case.8, i5 9, void %arrayidx168.case.9, i5 10, void %arrayidx168.case.10, i5 11, void %arrayidx168.case.11, i5 12, void %arrayidx168.case.12, i5 13, void %arrayidx168.case.13, i5 14, void %arrayidx168.case.14, i5 15, void %arrayidx168.case.15, i5 16, void %arrayidx168.case.16, i5 17, void %arrayidx168.case.17, i5 18, void %arrayidx168.case.18" [FFT/FFT.cpp:296]   --->   Operation 168 'switch' 'switch_ln296' <Predicate = (state_load == 5)> <Delay = 0.44>
ST_1 : Operation 169 [1/1] (0.42ns)   --->   "%br_ln296 = br void %arrayidx168.exit" [FFT/FFT.cpp:296]   --->   Operation 169 'br' 'br_ln296' <Predicate = (state_load == 5 & trunc_ln292 == 18)> <Delay = 0.42>
ST_1 : Operation 170 [1/1] (0.42ns)   --->   "%br_ln296 = br void %arrayidx168.exit" [FFT/FFT.cpp:296]   --->   Operation 170 'br' 'br_ln296' <Predicate = (state_load == 5 & trunc_ln292 == 17)> <Delay = 0.42>
ST_1 : Operation 171 [1/1] (0.42ns)   --->   "%br_ln296 = br void %arrayidx168.exit" [FFT/FFT.cpp:296]   --->   Operation 171 'br' 'br_ln296' <Predicate = (state_load == 5 & trunc_ln292 == 16)> <Delay = 0.42>
ST_1 : Operation 172 [1/1] (0.42ns)   --->   "%br_ln296 = br void %arrayidx168.exit" [FFT/FFT.cpp:296]   --->   Operation 172 'br' 'br_ln296' <Predicate = (state_load == 5 & trunc_ln292 == 15)> <Delay = 0.42>
ST_1 : Operation 173 [1/1] (0.42ns)   --->   "%br_ln296 = br void %arrayidx168.exit" [FFT/FFT.cpp:296]   --->   Operation 173 'br' 'br_ln296' <Predicate = (state_load == 5 & trunc_ln292 == 14)> <Delay = 0.42>
ST_1 : Operation 174 [1/1] (0.42ns)   --->   "%br_ln296 = br void %arrayidx168.exit" [FFT/FFT.cpp:296]   --->   Operation 174 'br' 'br_ln296' <Predicate = (state_load == 5 & trunc_ln292 == 13)> <Delay = 0.42>
ST_1 : Operation 175 [1/1] (0.42ns)   --->   "%br_ln296 = br void %arrayidx168.exit" [FFT/FFT.cpp:296]   --->   Operation 175 'br' 'br_ln296' <Predicate = (state_load == 5 & trunc_ln292 == 12)> <Delay = 0.42>
ST_1 : Operation 176 [1/1] (0.42ns)   --->   "%br_ln296 = br void %arrayidx168.exit" [FFT/FFT.cpp:296]   --->   Operation 176 'br' 'br_ln296' <Predicate = (state_load == 5 & trunc_ln292 == 11)> <Delay = 0.42>
ST_1 : Operation 177 [1/1] (0.42ns)   --->   "%br_ln296 = br void %arrayidx168.exit" [FFT/FFT.cpp:296]   --->   Operation 177 'br' 'br_ln296' <Predicate = (state_load == 5 & trunc_ln292 == 10)> <Delay = 0.42>
ST_1 : Operation 178 [1/1] (0.42ns)   --->   "%br_ln296 = br void %arrayidx168.exit" [FFT/FFT.cpp:296]   --->   Operation 178 'br' 'br_ln296' <Predicate = (state_load == 5 & trunc_ln292 == 9)> <Delay = 0.42>
ST_1 : Operation 179 [1/1] (0.42ns)   --->   "%br_ln296 = br void %arrayidx168.exit" [FFT/FFT.cpp:296]   --->   Operation 179 'br' 'br_ln296' <Predicate = (state_load == 5 & trunc_ln292 == 8)> <Delay = 0.42>
ST_1 : Operation 180 [1/1] (0.42ns)   --->   "%br_ln296 = br void %arrayidx168.exit" [FFT/FFT.cpp:296]   --->   Operation 180 'br' 'br_ln296' <Predicate = (state_load == 5 & trunc_ln292 == 7)> <Delay = 0.42>
ST_1 : Operation 181 [1/1] (0.42ns)   --->   "%br_ln296 = br void %arrayidx168.exit" [FFT/FFT.cpp:296]   --->   Operation 181 'br' 'br_ln296' <Predicate = (state_load == 5 & trunc_ln292 == 6)> <Delay = 0.42>
ST_1 : Operation 182 [1/1] (0.42ns)   --->   "%br_ln296 = br void %arrayidx168.exit" [FFT/FFT.cpp:296]   --->   Operation 182 'br' 'br_ln296' <Predicate = (state_load == 5 & trunc_ln292 == 5)> <Delay = 0.42>
ST_1 : Operation 183 [1/1] (0.42ns)   --->   "%br_ln296 = br void %arrayidx168.exit" [FFT/FFT.cpp:296]   --->   Operation 183 'br' 'br_ln296' <Predicate = (state_load == 5 & trunc_ln292 == 4)> <Delay = 0.42>
ST_1 : Operation 184 [1/1] (0.42ns)   --->   "%br_ln296 = br void %arrayidx168.exit" [FFT/FFT.cpp:296]   --->   Operation 184 'br' 'br_ln296' <Predicate = (state_load == 5 & trunc_ln292 == 3)> <Delay = 0.42>
ST_1 : Operation 185 [1/1] (0.42ns)   --->   "%br_ln296 = br void %arrayidx168.exit" [FFT/FFT.cpp:296]   --->   Operation 185 'br' 'br_ln296' <Predicate = (state_load == 5 & trunc_ln292 == 2)> <Delay = 0.42>
ST_1 : Operation 186 [1/1] (0.42ns)   --->   "%br_ln296 = br void %arrayidx168.exit" [FFT/FFT.cpp:296]   --->   Operation 186 'br' 'br_ln296' <Predicate = (state_load == 5 & trunc_ln292 == 1)> <Delay = 0.42>
ST_1 : Operation 187 [1/1] (0.42ns)   --->   "%br_ln296 = br void %arrayidx168.exit" [FFT/FFT.cpp:296]   --->   Operation 187 'br' 'br_ln296' <Predicate = (state_load == 5 & trunc_ln292 != 0 & trunc_ln292 != 1 & trunc_ln292 != 2 & trunc_ln292 != 3 & trunc_ln292 != 4 & trunc_ln292 != 5 & trunc_ln292 != 6 & trunc_ln292 != 7 & trunc_ln292 != 8 & trunc_ln292 != 9 & trunc_ln292 != 10 & trunc_ln292 != 11 & trunc_ln292 != 12 & trunc_ln292 != 13 & trunc_ln292 != 14 & trunc_ln292 != 15 & trunc_ln292 != 16 & trunc_ln292 != 17 & trunc_ln292 != 18)> <Delay = 0.42>
ST_1 : Operation 188 [1/1] (0.00ns)   --->   "%cont_hs_is_t_hs_is_t_hs_is_t_hs_is_t_bool_bool_bool_bool_ap_uint_ap_uint_ap_82 = phi i1 0, void %arrayidx168.case.19, i1 0, void %arrayidx168.case.18, i1 0, void %arrayidx168.case.17, i1 0, void %arrayidx168.case.16, i1 0, void %arrayidx168.case.15, i1 0, void %arrayidx168.case.14, i1 0, void %arrayidx168.case.13, i1 0, void %arrayidx168.case.12, i1 0, void %arrayidx168.case.11, i1 0, void %arrayidx168.case.10, i1 0, void %arrayidx168.case.9, i1 0, void %arrayidx168.case.8, i1 0, void %arrayidx168.case.7, i1 0, void %arrayidx168.case.6, i1 0, void %arrayidx168.case.5, i1 0, void %arrayidx168.case.4, i1 0, void %arrayidx168.case.3, i1 0, void %arrayidx168.case.2, i1 0, void %arrayidx168.case.1, i1 1, void %sw.bb164"   --->   Operation 188 'phi' 'cont_hs_is_t_hs_is_t_hs_is_t_hs_is_t_bool_bool_bool_bool_ap_uint_ap_uint_ap_82' <Predicate = (state_load == 5)> <Delay = 0.00>
ST_1 : Operation 189 [1/1] (0.00ns)   --->   "%cont_hs_is_t_hs_is_t_hs_is_t_hs_is_t_bool_bool_bool_bool_ap_uint_ap_uint_ap_83 = phi i1 0, void %arrayidx168.case.19, i1 0, void %arrayidx168.case.18, i1 0, void %arrayidx168.case.17, i1 0, void %arrayidx168.case.16, i1 0, void %arrayidx168.case.15, i1 0, void %arrayidx168.case.14, i1 0, void %arrayidx168.case.13, i1 0, void %arrayidx168.case.12, i1 0, void %arrayidx168.case.11, i1 0, void %arrayidx168.case.10, i1 0, void %arrayidx168.case.9, i1 0, void %arrayidx168.case.8, i1 0, void %arrayidx168.case.7, i1 0, void %arrayidx168.case.6, i1 0, void %arrayidx168.case.5, i1 0, void %arrayidx168.case.4, i1 0, void %arrayidx168.case.3, i1 0, void %arrayidx168.case.2, i1 1, void %arrayidx168.case.1, i1 0, void %sw.bb164"   --->   Operation 189 'phi' 'cont_hs_is_t_hs_is_t_hs_is_t_hs_is_t_bool_bool_bool_bool_ap_uint_ap_uint_ap_83' <Predicate = (state_load == 5)> <Delay = 0.00>
ST_1 : Operation 190 [1/1] (0.00ns)   --->   "%cont_hs_is_t_hs_is_t_hs_is_t_hs_is_t_bool_bool_bool_bool_ap_uint_ap_uint_ap_84 = phi i1 0, void %arrayidx168.case.19, i1 0, void %arrayidx168.case.18, i1 0, void %arrayidx168.case.17, i1 0, void %arrayidx168.case.16, i1 0, void %arrayidx168.case.15, i1 0, void %arrayidx168.case.14, i1 0, void %arrayidx168.case.13, i1 0, void %arrayidx168.case.12, i1 0, void %arrayidx168.case.11, i1 0, void %arrayidx168.case.10, i1 0, void %arrayidx168.case.9, i1 0, void %arrayidx168.case.8, i1 0, void %arrayidx168.case.7, i1 0, void %arrayidx168.case.6, i1 0, void %arrayidx168.case.5, i1 0, void %arrayidx168.case.4, i1 0, void %arrayidx168.case.3, i1 1, void %arrayidx168.case.2, i1 0, void %arrayidx168.case.1, i1 0, void %sw.bb164"   --->   Operation 190 'phi' 'cont_hs_is_t_hs_is_t_hs_is_t_hs_is_t_bool_bool_bool_bool_ap_uint_ap_uint_ap_84' <Predicate = (state_load == 5)> <Delay = 0.00>
ST_1 : Operation 191 [1/1] (0.00ns)   --->   "%cont_hs_is_t_hs_is_t_hs_is_t_hs_is_t_bool_bool_bool_bool_ap_uint_ap_uint_ap_85 = phi i1 0, void %arrayidx168.case.19, i1 0, void %arrayidx168.case.18, i1 0, void %arrayidx168.case.17, i1 0, void %arrayidx168.case.16, i1 0, void %arrayidx168.case.15, i1 0, void %arrayidx168.case.14, i1 0, void %arrayidx168.case.13, i1 0, void %arrayidx168.case.12, i1 0, void %arrayidx168.case.11, i1 0, void %arrayidx168.case.10, i1 0, void %arrayidx168.case.9, i1 0, void %arrayidx168.case.8, i1 0, void %arrayidx168.case.7, i1 0, void %arrayidx168.case.6, i1 0, void %arrayidx168.case.5, i1 0, void %arrayidx168.case.4, i1 1, void %arrayidx168.case.3, i1 0, void %arrayidx168.case.2, i1 0, void %arrayidx168.case.1, i1 0, void %sw.bb164"   --->   Operation 191 'phi' 'cont_hs_is_t_hs_is_t_hs_is_t_hs_is_t_bool_bool_bool_bool_ap_uint_ap_uint_ap_85' <Predicate = (state_load == 5)> <Delay = 0.00>
ST_1 : Operation 192 [1/1] (0.00ns)   --->   "%cont_hs_is_t_hs_is_t_hs_is_t_hs_is_t_bool_bool_bool_bool_ap_uint_ap_uint_ap_86 = phi i1 0, void %arrayidx168.case.19, i1 0, void %arrayidx168.case.18, i1 0, void %arrayidx168.case.17, i1 0, void %arrayidx168.case.16, i1 0, void %arrayidx168.case.15, i1 0, void %arrayidx168.case.14, i1 0, void %arrayidx168.case.13, i1 0, void %arrayidx168.case.12, i1 0, void %arrayidx168.case.11, i1 0, void %arrayidx168.case.10, i1 0, void %arrayidx168.case.9, i1 0, void %arrayidx168.case.8, i1 0, void %arrayidx168.case.7, i1 0, void %arrayidx168.case.6, i1 0, void %arrayidx168.case.5, i1 1, void %arrayidx168.case.4, i1 0, void %arrayidx168.case.3, i1 0, void %arrayidx168.case.2, i1 0, void %arrayidx168.case.1, i1 0, void %sw.bb164"   --->   Operation 192 'phi' 'cont_hs_is_t_hs_is_t_hs_is_t_hs_is_t_bool_bool_bool_bool_ap_uint_ap_uint_ap_86' <Predicate = (state_load == 5)> <Delay = 0.00>
ST_1 : Operation 193 [1/1] (0.00ns)   --->   "%cont_hs_is_t_hs_is_t_hs_is_t_hs_is_t_bool_bool_bool_bool_ap_uint_ap_uint_ap_87 = phi i1 0, void %arrayidx168.case.19, i1 0, void %arrayidx168.case.18, i1 0, void %arrayidx168.case.17, i1 0, void %arrayidx168.case.16, i1 0, void %arrayidx168.case.15, i1 0, void %arrayidx168.case.14, i1 0, void %arrayidx168.case.13, i1 0, void %arrayidx168.case.12, i1 0, void %arrayidx168.case.11, i1 0, void %arrayidx168.case.10, i1 0, void %arrayidx168.case.9, i1 0, void %arrayidx168.case.8, i1 0, void %arrayidx168.case.7, i1 0, void %arrayidx168.case.6, i1 1, void %arrayidx168.case.5, i1 0, void %arrayidx168.case.4, i1 0, void %arrayidx168.case.3, i1 0, void %arrayidx168.case.2, i1 0, void %arrayidx168.case.1, i1 0, void %sw.bb164"   --->   Operation 193 'phi' 'cont_hs_is_t_hs_is_t_hs_is_t_hs_is_t_bool_bool_bool_bool_ap_uint_ap_uint_ap_87' <Predicate = (state_load == 5)> <Delay = 0.00>
ST_1 : Operation 194 [1/1] (0.00ns)   --->   "%cont_hs_is_t_hs_is_t_hs_is_t_hs_is_t_bool_bool_bool_bool_ap_uint_ap_uint_ap_88 = phi i1 0, void %arrayidx168.case.19, i1 0, void %arrayidx168.case.18, i1 0, void %arrayidx168.case.17, i1 0, void %arrayidx168.case.16, i1 0, void %arrayidx168.case.15, i1 0, void %arrayidx168.case.14, i1 0, void %arrayidx168.case.13, i1 0, void %arrayidx168.case.12, i1 0, void %arrayidx168.case.11, i1 0, void %arrayidx168.case.10, i1 0, void %arrayidx168.case.9, i1 0, void %arrayidx168.case.8, i1 0, void %arrayidx168.case.7, i1 1, void %arrayidx168.case.6, i1 0, void %arrayidx168.case.5, i1 0, void %arrayidx168.case.4, i1 0, void %arrayidx168.case.3, i1 0, void %arrayidx168.case.2, i1 0, void %arrayidx168.case.1, i1 0, void %sw.bb164"   --->   Operation 194 'phi' 'cont_hs_is_t_hs_is_t_hs_is_t_hs_is_t_bool_bool_bool_bool_ap_uint_ap_uint_ap_88' <Predicate = (state_load == 5)> <Delay = 0.00>
ST_1 : Operation 195 [1/1] (0.00ns)   --->   "%cont_hs_is_t_hs_is_t_hs_is_t_hs_is_t_bool_bool_bool_bool_ap_uint_ap_uint_ap_89 = phi i1 0, void %arrayidx168.case.19, i1 0, void %arrayidx168.case.18, i1 0, void %arrayidx168.case.17, i1 0, void %arrayidx168.case.16, i1 0, void %arrayidx168.case.15, i1 0, void %arrayidx168.case.14, i1 0, void %arrayidx168.case.13, i1 0, void %arrayidx168.case.12, i1 0, void %arrayidx168.case.11, i1 0, void %arrayidx168.case.10, i1 0, void %arrayidx168.case.9, i1 0, void %arrayidx168.case.8, i1 1, void %arrayidx168.case.7, i1 0, void %arrayidx168.case.6, i1 0, void %arrayidx168.case.5, i1 0, void %arrayidx168.case.4, i1 0, void %arrayidx168.case.3, i1 0, void %arrayidx168.case.2, i1 0, void %arrayidx168.case.1, i1 0, void %sw.bb164"   --->   Operation 195 'phi' 'cont_hs_is_t_hs_is_t_hs_is_t_hs_is_t_bool_bool_bool_bool_ap_uint_ap_uint_ap_89' <Predicate = (state_load == 5)> <Delay = 0.00>
ST_1 : Operation 196 [1/1] (0.00ns)   --->   "%cont_hs_is_t_hs_is_t_hs_is_t_hs_is_t_bool_bool_bool_bool_ap_uint_ap_uint_ap_90 = phi i1 0, void %arrayidx168.case.19, i1 0, void %arrayidx168.case.18, i1 0, void %arrayidx168.case.17, i1 0, void %arrayidx168.case.16, i1 0, void %arrayidx168.case.15, i1 0, void %arrayidx168.case.14, i1 0, void %arrayidx168.case.13, i1 0, void %arrayidx168.case.12, i1 0, void %arrayidx168.case.11, i1 0, void %arrayidx168.case.10, i1 0, void %arrayidx168.case.9, i1 1, void %arrayidx168.case.8, i1 0, void %arrayidx168.case.7, i1 0, void %arrayidx168.case.6, i1 0, void %arrayidx168.case.5, i1 0, void %arrayidx168.case.4, i1 0, void %arrayidx168.case.3, i1 0, void %arrayidx168.case.2, i1 0, void %arrayidx168.case.1, i1 0, void %sw.bb164"   --->   Operation 196 'phi' 'cont_hs_is_t_hs_is_t_hs_is_t_hs_is_t_bool_bool_bool_bool_ap_uint_ap_uint_ap_90' <Predicate = (state_load == 5)> <Delay = 0.00>
ST_1 : Operation 197 [1/1] (0.00ns)   --->   "%cont_hs_is_t_hs_is_t_hs_is_t_hs_is_t_bool_bool_bool_bool_ap_uint_ap_uint_ap_91 = phi i1 0, void %arrayidx168.case.19, i1 0, void %arrayidx168.case.18, i1 0, void %arrayidx168.case.17, i1 0, void %arrayidx168.case.16, i1 0, void %arrayidx168.case.15, i1 0, void %arrayidx168.case.14, i1 0, void %arrayidx168.case.13, i1 0, void %arrayidx168.case.12, i1 0, void %arrayidx168.case.11, i1 0, void %arrayidx168.case.10, i1 1, void %arrayidx168.case.9, i1 0, void %arrayidx168.case.8, i1 0, void %arrayidx168.case.7, i1 0, void %arrayidx168.case.6, i1 0, void %arrayidx168.case.5, i1 0, void %arrayidx168.case.4, i1 0, void %arrayidx168.case.3, i1 0, void %arrayidx168.case.2, i1 0, void %arrayidx168.case.1, i1 0, void %sw.bb164"   --->   Operation 197 'phi' 'cont_hs_is_t_hs_is_t_hs_is_t_hs_is_t_bool_bool_bool_bool_ap_uint_ap_uint_ap_91' <Predicate = (state_load == 5)> <Delay = 0.00>
ST_1 : Operation 198 [1/1] (0.00ns)   --->   "%p_ZZ4contP7hs_is_tS0_S0_S0_bbbb7ap_uintILi5EES1_ILi11EEPS3_PbE8buffer_a_10_flag_4 = phi i1 0, void %arrayidx168.case.19, i1 0, void %arrayidx168.case.18, i1 0, void %arrayidx168.case.17, i1 0, void %arrayidx168.case.16, i1 0, void %arrayidx168.case.15, i1 0, void %arrayidx168.case.14, i1 0, void %arrayidx168.case.13, i1 0, void %arrayidx168.case.12, i1 0, void %arrayidx168.case.11, i1 1, void %arrayidx168.case.10, i1 0, void %arrayidx168.case.9, i1 0, void %arrayidx168.case.8, i1 0, void %arrayidx168.case.7, i1 0, void %arrayidx168.case.6, i1 0, void %arrayidx168.case.5, i1 0, void %arrayidx168.case.4, i1 0, void %arrayidx168.case.3, i1 0, void %arrayidx168.case.2, i1 0, void %arrayidx168.case.1, i1 0, void %sw.bb164"   --->   Operation 198 'phi' 'p_ZZ4contP7hs_is_tS0_S0_S0_bbbb7ap_uintILi5EES1_ILi11EEPS3_PbE8buffer_a_10_flag_4' <Predicate = (state_load == 5)> <Delay = 0.00>
ST_1 : Operation 199 [1/1] (0.00ns)   --->   "%cont_mulmulmulmulmulmulhs_is_t_hs_is_t_hs_is_t_hs_is_t_bool_bool_bool_bool_ap_uint_5_ap_uint_11_ap_uint_11_bool_buffer_a_float_long_signed_char_float128_4 = phi i1 0, void %arrayidx168.case.19, i1 0, void %arrayidx168.case.18, i1 0, void %arrayidx168.case.17, i1 0, void %arrayidx168.case.16, i1 0, void %arrayidx168.case.15, i1 0, void %arrayidx168.case.14, i1 0, void %arrayidx168.case.13, i1 0, void %arrayidx168.case.12, i1 1, void %arrayidx168.case.11, i1 0, void %arrayidx168.case.10, i1 0, void %arrayidx168.case.9, i1 0, void %arrayidx168.case.8, i1 0, void %arrayidx168.case.7, i1 0, void %arrayidx168.case.6, i1 0, void %arrayidx168.case.5, i1 0, void %arrayidx168.case.4, i1 0, void %arrayidx168.case.3, i1 0, void %arrayidx168.case.2, i1 0, void %arrayidx168.case.1, i1 0, void %sw.bb164"   --->   Operation 199 'phi' 'cont_mulmulmulmulmulmulhs_is_t_hs_is_t_hs_is_t_hs_is_t_bool_bool_bool_bool_ap_uint_5_ap_uint_11_ap_uint_11_bool_buffer_a_float_long_signed_char_float128_4' <Predicate = (state_load == 5)> <Delay = 0.00>
ST_1 : Operation 200 [1/1] (0.00ns)   --->   "%cont_mulmulmulmulmulmulhs_is_t_hs_is_t_hs_is_t_hs_is_t_bool_bool_bool_bool_ap_uint_5_ap_uint_11_ap_uint_11_bool_buffer_a_f_long_signed_char_float128_4 = phi i1 0, void %arrayidx168.case.19, i1 0, void %arrayidx168.case.18, i1 0, void %arrayidx168.case.17, i1 0, void %arrayidx168.case.16, i1 0, void %arrayidx168.case.15, i1 0, void %arrayidx168.case.14, i1 0, void %arrayidx168.case.13, i1 1, void %arrayidx168.case.12, i1 0, void %arrayidx168.case.11, i1 0, void %arrayidx168.case.10, i1 0, void %arrayidx168.case.9, i1 0, void %arrayidx168.case.8, i1 0, void %arrayidx168.case.7, i1 0, void %arrayidx168.case.6, i1 0, void %arrayidx168.case.5, i1 0, void %arrayidx168.case.4, i1 0, void %arrayidx168.case.3, i1 0, void %arrayidx168.case.2, i1 0, void %arrayidx168.case.1, i1 0, void %sw.bb164"   --->   Operation 200 'phi' 'cont_mulmulmulmulmulmulhs_is_t_hs_is_t_hs_is_t_hs_is_t_bool_bool_bool_bool_ap_uint_5_ap_uint_11_ap_uint_11_bool_buffer_a_f_long_signed_char_float128_4' <Predicate = (state_load == 5)> <Delay = 0.00>
ST_1 : Operation 201 [1/1] (0.00ns)   --->   "%cont_mulmulmulmulmulmulhs_is_t_hs_is_t_hs_is_t_hs_is_t_bool_bool_bool_bool_ap_uint_5_ap_uint_11_ap_uint_11_bool_buffer_a_fl_signed_char_float128_4 = phi i1 0, void %arrayidx168.case.19, i1 0, void %arrayidx168.case.18, i1 0, void %arrayidx168.case.17, i1 0, void %arrayidx168.case.16, i1 0, void %arrayidx168.case.15, i1 0, void %arrayidx168.case.14, i1 1, void %arrayidx168.case.13, i1 0, void %arrayidx168.case.12, i1 0, void %arrayidx168.case.11, i1 0, void %arrayidx168.case.10, i1 0, void %arrayidx168.case.9, i1 0, void %arrayidx168.case.8, i1 0, void %arrayidx168.case.7, i1 0, void %arrayidx168.case.6, i1 0, void %arrayidx168.case.5, i1 0, void %arrayidx168.case.4, i1 0, void %arrayidx168.case.3, i1 0, void %arrayidx168.case.2, i1 0, void %arrayidx168.case.1, i1 0, void %sw.bb164"   --->   Operation 201 'phi' 'cont_mulmulmulmulmulmulhs_is_t_hs_is_t_hs_is_t_hs_is_t_bool_bool_bool_bool_ap_uint_5_ap_uint_11_ap_uint_11_bool_buffer_a_fl_signed_char_float128_4' <Predicate = (state_load == 5)> <Delay = 0.00>
ST_1 : Operation 202 [1/1] (0.00ns)   --->   "%cont_mulmulmulmulmulmulhs_is_t_hs_is_t_hs_is_t_hs_is_t_bool_bool_bool_bool_ap_uint_5_ap_uint_11_ap_uint_11_bool_buffer_a_fla_float128_4 = phi i1 0, void %arrayidx168.case.19, i1 0, void %arrayidx168.case.18, i1 0, void %arrayidx168.case.17, i1 0, void %arrayidx168.case.16, i1 0, void %arrayidx168.case.15, i1 1, void %arrayidx168.case.14, i1 0, void %arrayidx168.case.13, i1 0, void %arrayidx168.case.12, i1 0, void %arrayidx168.case.11, i1 0, void %arrayidx168.case.10, i1 0, void %arrayidx168.case.9, i1 0, void %arrayidx168.case.8, i1 0, void %arrayidx168.case.7, i1 0, void %arrayidx168.case.6, i1 0, void %arrayidx168.case.5, i1 0, void %arrayidx168.case.4, i1 0, void %arrayidx168.case.3, i1 0, void %arrayidx168.case.2, i1 0, void %arrayidx168.case.1, i1 0, void %sw.bb164"   --->   Operation 202 'phi' 'cont_mulmulmulmulmulmulhs_is_t_hs_is_t_hs_is_t_hs_is_t_bool_bool_bool_bool_ap_uint_5_ap_uint_11_ap_uint_11_bool_buffer_a_fla_float128_4' <Predicate = (state_load == 5)> <Delay = 0.00>
ST_1 : Operation 203 [1/1] (0.00ns)   --->   "%cont_mulmulmulmulmulmulhs_is_t_hs_is_t_hs_is_t_hs_is_t_bool_bool_bool_bool_ap_uint_5_ap_uint_11_ap_uint_11_bool_buffer_a_flag_4 = phi i1 0, void %arrayidx168.case.19, i1 0, void %arrayidx168.case.18, i1 0, void %arrayidx168.case.17, i1 0, void %arrayidx168.case.16, i1 1, void %arrayidx168.case.15, i1 0, void %arrayidx168.case.14, i1 0, void %arrayidx168.case.13, i1 0, void %arrayidx168.case.12, i1 0, void %arrayidx168.case.11, i1 0, void %arrayidx168.case.10, i1 0, void %arrayidx168.case.9, i1 0, void %arrayidx168.case.8, i1 0, void %arrayidx168.case.7, i1 0, void %arrayidx168.case.6, i1 0, void %arrayidx168.case.5, i1 0, void %arrayidx168.case.4, i1 0, void %arrayidx168.case.3, i1 0, void %arrayidx168.case.2, i1 0, void %arrayidx168.case.1, i1 0, void %sw.bb164"   --->   Operation 203 'phi' 'cont_mulmulmulmulmulmulhs_is_t_hs_is_t_hs_is_t_hs_is_t_bool_bool_bool_bool_ap_uint_5_ap_uint_11_ap_uint_11_bool_buffer_a_flag_4' <Predicate = (state_load == 5)> <Delay = 0.00>
ST_1 : Operation 204 [1/1] (0.00ns)   --->   "%p_ZZ4contP7hs_is_tS0_S0_S0_bbbb7ap_uintILi5EES1_ILi11EEPS3_PbE8buffer_a_16_flag_4 = phi i1 0, void %arrayidx168.case.19, i1 0, void %arrayidx168.case.18, i1 0, void %arrayidx168.case.17, i1 1, void %arrayidx168.case.16, i1 0, void %arrayidx168.case.15, i1 0, void %arrayidx168.case.14, i1 0, void %arrayidx168.case.13, i1 0, void %arrayidx168.case.12, i1 0, void %arrayidx168.case.11, i1 0, void %arrayidx168.case.10, i1 0, void %arrayidx168.case.9, i1 0, void %arrayidx168.case.8, i1 0, void %arrayidx168.case.7, i1 0, void %arrayidx168.case.6, i1 0, void %arrayidx168.case.5, i1 0, void %arrayidx168.case.4, i1 0, void %arrayidx168.case.3, i1 0, void %arrayidx168.case.2, i1 0, void %arrayidx168.case.1, i1 0, void %sw.bb164"   --->   Operation 204 'phi' 'p_ZZ4contP7hs_is_tS0_S0_S0_bbbb7ap_uintILi5EES1_ILi11EEPS3_PbE8buffer_a_16_flag_4' <Predicate = (state_load == 5)> <Delay = 0.00>
ST_1 : Operation 205 [1/1] (0.00ns)   --->   "%cont_hs_is_t_hs_is_t_hs_is_t_hs_is_t_bool_bool_bool_bool_ap_uint_5_ap_uint_11_ap_uint_11_bool_buffer_a_26 = phi i1 0, void %arrayidx168.case.19, i1 0, void %arrayidx168.case.18, i1 1, void %arrayidx168.case.17, i1 0, void %arrayidx168.case.16, i1 0, void %arrayidx168.case.15, i1 0, void %arrayidx168.case.14, i1 0, void %arrayidx168.case.13, i1 0, void %arrayidx168.case.12, i1 0, void %arrayidx168.case.11, i1 0, void %arrayidx168.case.10, i1 0, void %arrayidx168.case.9, i1 0, void %arrayidx168.case.8, i1 0, void %arrayidx168.case.7, i1 0, void %arrayidx168.case.6, i1 0, void %arrayidx168.case.5, i1 0, void %arrayidx168.case.4, i1 0, void %arrayidx168.case.3, i1 0, void %arrayidx168.case.2, i1 0, void %arrayidx168.case.1, i1 0, void %sw.bb164"   --->   Operation 205 'phi' 'cont_hs_is_t_hs_is_t_hs_is_t_hs_is_t_bool_bool_bool_bool_ap_uint_5_ap_uint_11_ap_uint_11_bool_buffer_a_26' <Predicate = (state_load == 5)> <Delay = 0.00>
ST_1 : Operation 206 [1/1] (0.00ns)   --->   "%p_ZZ4contP7hs_is_tS0_S0_S0_bbbb7ap_uintILi5EES1_ILi11EEPS3_PbE8buffer_a_18_flag_4 = phi i1 0, void %arrayidx168.case.19, i1 1, void %arrayidx168.case.18, i1 0, void %arrayidx168.case.17, i1 0, void %arrayidx168.case.16, i1 0, void %arrayidx168.case.15, i1 0, void %arrayidx168.case.14, i1 0, void %arrayidx168.case.13, i1 0, void %arrayidx168.case.12, i1 0, void %arrayidx168.case.11, i1 0, void %arrayidx168.case.10, i1 0, void %arrayidx168.case.9, i1 0, void %arrayidx168.case.8, i1 0, void %arrayidx168.case.7, i1 0, void %arrayidx168.case.6, i1 0, void %arrayidx168.case.5, i1 0, void %arrayidx168.case.4, i1 0, void %arrayidx168.case.3, i1 0, void %arrayidx168.case.2, i1 0, void %arrayidx168.case.1, i1 0, void %sw.bb164"   --->   Operation 206 'phi' 'p_ZZ4contP7hs_is_tS0_S0_S0_bbbb7ap_uintILi5EES1_ILi11EEPS3_PbE8buffer_a_18_flag_4' <Predicate = (state_load == 5)> <Delay = 0.00>
ST_1 : Operation 207 [1/1] (0.00ns)   --->   "%p_ZZ4contP7hs_is_tS0_S0_S0_bbbb7ap_uintILi5EES1_ILi11EEPS3_PbE8buffer_a_19_flag_4 = phi i1 1, void %arrayidx168.case.19, i1 0, void %arrayidx168.case.18, i1 0, void %arrayidx168.case.17, i1 0, void %arrayidx168.case.16, i1 0, void %arrayidx168.case.15, i1 0, void %arrayidx168.case.14, i1 0, void %arrayidx168.case.13, i1 0, void %arrayidx168.case.12, i1 0, void %arrayidx168.case.11, i1 0, void %arrayidx168.case.10, i1 0, void %arrayidx168.case.9, i1 0, void %arrayidx168.case.8, i1 0, void %arrayidx168.case.7, i1 0, void %arrayidx168.case.6, i1 0, void %arrayidx168.case.5, i1 0, void %arrayidx168.case.4, i1 0, void %arrayidx168.case.3, i1 0, void %arrayidx168.case.2, i1 0, void %arrayidx168.case.1, i1 0, void %sw.bb164"   --->   Operation 207 'phi' 'p_ZZ4contP7hs_is_tS0_S0_S0_bbbb7ap_uintILi5EES1_ILi11EEPS3_PbE8buffer_a_19_flag_4' <Predicate = (state_load == 5)> <Delay = 0.00>
ST_1 : Operation 208 [1/1] (1.01ns)   --->   "%ret_V_7 = sub i33 %sext_ln186_1, i33 %sext_ln186"   --->   Operation 208 'sub' 'ret_V_7' <Predicate = (state_load == 5)> <Delay = 1.01> <CoreInst = "Adder">   --->   Core 1 'Adder' <Latency = 0> <II = 1> <Delay = 1.01> <FuncUnit> <Opcode : 'add' 'sub'> <InPorts = 2> <OutPorts = 1>
ST_1 : Operation 209 [1/1] (0.44ns)   --->   "%switch_ln297 = switch i5 %trunc_ln304, void %arrayidx172.case.19, i5 0, void %arrayidx172.exit, i5 1, void %arrayidx172.case.1, i5 2, void %arrayidx172.case.2, i5 3, void %arrayidx172.case.3, i5 4, void %arrayidx172.case.4, i5 5, void %arrayidx172.case.5, i5 6, void %arrayidx172.case.6, i5 7, void %arrayidx172.case.7, i5 8, void %arrayidx172.case.8, i5 9, void %arrayidx172.case.9, i5 10, void %arrayidx172.case.10, i5 11, void %arrayidx172.case.11, i5 12, void %arrayidx172.case.12, i5 13, void %arrayidx172.case.13, i5 14, void %arrayidx172.case.14, i5 15, void %arrayidx172.case.15, i5 16, void %arrayidx172.case.16, i5 17, void %arrayidx172.case.17, i5 18, void %arrayidx172.case.18" [FFT/FFT.cpp:297]   --->   Operation 209 'switch' 'switch_ln297' <Predicate = (state_load == 5)> <Delay = 0.44>
ST_1 : Operation 210 [1/1] (0.42ns)   --->   "%br_ln297 = br void %arrayidx172.exit" [FFT/FFT.cpp:297]   --->   Operation 210 'br' 'br_ln297' <Predicate = (state_load == 5 & trunc_ln304 == 18)> <Delay = 0.42>
ST_1 : Operation 211 [1/1] (0.42ns)   --->   "%br_ln297 = br void %arrayidx172.exit" [FFT/FFT.cpp:297]   --->   Operation 211 'br' 'br_ln297' <Predicate = (state_load == 5 & trunc_ln304 == 17)> <Delay = 0.42>
ST_1 : Operation 212 [1/1] (0.42ns)   --->   "%br_ln297 = br void %arrayidx172.exit" [FFT/FFT.cpp:297]   --->   Operation 212 'br' 'br_ln297' <Predicate = (state_load == 5 & trunc_ln304 == 16)> <Delay = 0.42>
ST_1 : Operation 213 [1/1] (0.42ns)   --->   "%br_ln297 = br void %arrayidx172.exit" [FFT/FFT.cpp:297]   --->   Operation 213 'br' 'br_ln297' <Predicate = (state_load == 5 & trunc_ln304 == 15)> <Delay = 0.42>
ST_1 : Operation 214 [1/1] (0.42ns)   --->   "%br_ln297 = br void %arrayidx172.exit" [FFT/FFT.cpp:297]   --->   Operation 214 'br' 'br_ln297' <Predicate = (state_load == 5 & trunc_ln304 == 14)> <Delay = 0.42>
ST_1 : Operation 215 [1/1] (0.42ns)   --->   "%br_ln297 = br void %arrayidx172.exit" [FFT/FFT.cpp:297]   --->   Operation 215 'br' 'br_ln297' <Predicate = (state_load == 5 & trunc_ln304 == 13)> <Delay = 0.42>
ST_1 : Operation 216 [1/1] (0.42ns)   --->   "%br_ln297 = br void %arrayidx172.exit" [FFT/FFT.cpp:297]   --->   Operation 216 'br' 'br_ln297' <Predicate = (state_load == 5 & trunc_ln304 == 12)> <Delay = 0.42>
ST_1 : Operation 217 [1/1] (0.42ns)   --->   "%br_ln297 = br void %arrayidx172.exit" [FFT/FFT.cpp:297]   --->   Operation 217 'br' 'br_ln297' <Predicate = (state_load == 5 & trunc_ln304 == 11)> <Delay = 0.42>
ST_1 : Operation 218 [1/1] (0.42ns)   --->   "%br_ln297 = br void %arrayidx172.exit" [FFT/FFT.cpp:297]   --->   Operation 218 'br' 'br_ln297' <Predicate = (state_load == 5 & trunc_ln304 == 10)> <Delay = 0.42>
ST_1 : Operation 219 [1/1] (0.42ns)   --->   "%br_ln297 = br void %arrayidx172.exit" [FFT/FFT.cpp:297]   --->   Operation 219 'br' 'br_ln297' <Predicate = (state_load == 5 & trunc_ln304 == 9)> <Delay = 0.42>
ST_1 : Operation 220 [1/1] (0.42ns)   --->   "%br_ln297 = br void %arrayidx172.exit" [FFT/FFT.cpp:297]   --->   Operation 220 'br' 'br_ln297' <Predicate = (state_load == 5 & trunc_ln304 == 8)> <Delay = 0.42>
ST_1 : Operation 221 [1/1] (0.42ns)   --->   "%br_ln297 = br void %arrayidx172.exit" [FFT/FFT.cpp:297]   --->   Operation 221 'br' 'br_ln297' <Predicate = (state_load == 5 & trunc_ln304 == 7)> <Delay = 0.42>
ST_1 : Operation 222 [1/1] (0.42ns)   --->   "%br_ln297 = br void %arrayidx172.exit" [FFT/FFT.cpp:297]   --->   Operation 222 'br' 'br_ln297' <Predicate = (state_load == 5 & trunc_ln304 == 6)> <Delay = 0.42>
ST_1 : Operation 223 [1/1] (0.42ns)   --->   "%br_ln297 = br void %arrayidx172.exit" [FFT/FFT.cpp:297]   --->   Operation 223 'br' 'br_ln297' <Predicate = (state_load == 5 & trunc_ln304 == 5)> <Delay = 0.42>
ST_1 : Operation 224 [1/1] (0.42ns)   --->   "%br_ln297 = br void %arrayidx172.exit" [FFT/FFT.cpp:297]   --->   Operation 224 'br' 'br_ln297' <Predicate = (state_load == 5 & trunc_ln304 == 4)> <Delay = 0.42>
ST_1 : Operation 225 [1/1] (0.42ns)   --->   "%br_ln297 = br void %arrayidx172.exit" [FFT/FFT.cpp:297]   --->   Operation 225 'br' 'br_ln297' <Predicate = (state_load == 5 & trunc_ln304 == 3)> <Delay = 0.42>
ST_1 : Operation 226 [1/1] (0.42ns)   --->   "%br_ln297 = br void %arrayidx172.exit" [FFT/FFT.cpp:297]   --->   Operation 226 'br' 'br_ln297' <Predicate = (state_load == 5 & trunc_ln304 == 2)> <Delay = 0.42>
ST_1 : Operation 227 [1/1] (0.42ns)   --->   "%br_ln297 = br void %arrayidx172.exit" [FFT/FFT.cpp:297]   --->   Operation 227 'br' 'br_ln297' <Predicate = (state_load == 5 & trunc_ln304 == 1)> <Delay = 0.42>
ST_1 : Operation 228 [1/1] (0.42ns)   --->   "%br_ln297 = br void %arrayidx172.exit" [FFT/FFT.cpp:297]   --->   Operation 228 'br' 'br_ln297' <Predicate = (state_load == 5 & trunc_ln304 != 0 & trunc_ln304 != 1 & trunc_ln304 != 2 & trunc_ln304 != 3 & trunc_ln304 != 4 & trunc_ln304 != 5 & trunc_ln304 != 6 & trunc_ln304 != 7 & trunc_ln304 != 8 & trunc_ln304 != 9 & trunc_ln304 != 10 & trunc_ln304 != 11 & trunc_ln304 != 12 & trunc_ln304 != 13 & trunc_ln304 != 14 & trunc_ln304 != 15 & trunc_ln304 != 16 & trunc_ln304 != 17 & trunc_ln304 != 18)> <Delay = 0.42>
ST_1 : Operation 229 [1/1] (0.00ns)   --->   "%cont_hs_is_t_hs_is_t_hs_is_t_hs_is_t_bool_bool_bool_bool_ap_uint_ap_uint_ap_92 = phi i1 %cont_hs_is_t_hs_is_t_hs_is_t_hs_is_t_bool_bool_bool_bool_ap_uint_ap_uint_ap_82, void %arrayidx172.case.19, i1 %cont_hs_is_t_hs_is_t_hs_is_t_hs_is_t_bool_bool_bool_bool_ap_uint_ap_uint_ap_82, void %arrayidx172.case.18, i1 %cont_hs_is_t_hs_is_t_hs_is_t_hs_is_t_bool_bool_bool_bool_ap_uint_ap_uint_ap_82, void %arrayidx172.case.17, i1 %cont_hs_is_t_hs_is_t_hs_is_t_hs_is_t_bool_bool_bool_bool_ap_uint_ap_uint_ap_82, void %arrayidx172.case.16, i1 %cont_hs_is_t_hs_is_t_hs_is_t_hs_is_t_bool_bool_bool_bool_ap_uint_ap_uint_ap_82, void %arrayidx172.case.15, i1 %cont_hs_is_t_hs_is_t_hs_is_t_hs_is_t_bool_bool_bool_bool_ap_uint_ap_uint_ap_82, void %arrayidx172.case.14, i1 %cont_hs_is_t_hs_is_t_hs_is_t_hs_is_t_bool_bool_bool_bool_ap_uint_ap_uint_ap_82, void %arrayidx172.case.13, i1 %cont_hs_is_t_hs_is_t_hs_is_t_hs_is_t_bool_bool_bool_bool_ap_uint_ap_uint_ap_82, void %arrayidx172.case.12, i1 %cont_hs_is_t_hs_is_t_hs_is_t_hs_is_t_bool_bool_bool_bool_ap_uint_ap_uint_ap_82, void %arrayidx172.case.11, i1 %cont_hs_is_t_hs_is_t_hs_is_t_hs_is_t_bool_bool_bool_bool_ap_uint_ap_uint_ap_82, void %arrayidx172.case.10, i1 %cont_hs_is_t_hs_is_t_hs_is_t_hs_is_t_bool_bool_bool_bool_ap_uint_ap_uint_ap_82, void %arrayidx172.case.9, i1 %cont_hs_is_t_hs_is_t_hs_is_t_hs_is_t_bool_bool_bool_bool_ap_uint_ap_uint_ap_82, void %arrayidx172.case.8, i1 %cont_hs_is_t_hs_is_t_hs_is_t_hs_is_t_bool_bool_bool_bool_ap_uint_ap_uint_ap_82, void %arrayidx172.case.7, i1 %cont_hs_is_t_hs_is_t_hs_is_t_hs_is_t_bool_bool_bool_bool_ap_uint_ap_uint_ap_82, void %arrayidx172.case.6, i1 %cont_hs_is_t_hs_is_t_hs_is_t_hs_is_t_bool_bool_bool_bool_ap_uint_ap_uint_ap_82, void %arrayidx172.case.5, i1 %cont_hs_is_t_hs_is_t_hs_is_t_hs_is_t_bool_bool_bool_bool_ap_uint_ap_uint_ap_82, void %arrayidx172.case.4, i1 %cont_hs_is_t_hs_is_t_hs_is_t_hs_is_t_bool_bool_bool_bool_ap_uint_ap_uint_ap_82, void %arrayidx172.case.3, i1 %cont_hs_is_t_hs_is_t_hs_is_t_hs_is_t_bool_bool_bool_bool_ap_uint_ap_uint_ap_82, void %arrayidx172.case.2, i1 %cont_hs_is_t_hs_is_t_hs_is_t_hs_is_t_bool_bool_bool_bool_ap_uint_ap_uint_ap_82, void %arrayidx172.case.1, i1 1, void %arrayidx168.exit"   --->   Operation 229 'phi' 'cont_hs_is_t_hs_is_t_hs_is_t_hs_is_t_bool_bool_bool_bool_ap_uint_ap_uint_ap_92' <Predicate = (state_load == 5)> <Delay = 0.00>
ST_1 : Operation 230 [1/1] (0.00ns)   --->   "%cont_hs_is_t_hs_is_t_hs_is_t_hs_is_t_bool_bool_bool_bool_ap_uint_ap_uint_ap_93 = phi i33 %ret_V, void %arrayidx172.case.19, i33 %ret_V, void %arrayidx172.case.18, i33 %ret_V, void %arrayidx172.case.17, i33 %ret_V, void %arrayidx172.case.16, i33 %ret_V, void %arrayidx172.case.15, i33 %ret_V, void %arrayidx172.case.14, i33 %ret_V, void %arrayidx172.case.13, i33 %ret_V, void %arrayidx172.case.12, i33 %ret_V, void %arrayidx172.case.11, i33 %ret_V, void %arrayidx172.case.10, i33 %ret_V, void %arrayidx172.case.9, i33 %ret_V, void %arrayidx172.case.8, i33 %ret_V, void %arrayidx172.case.7, i33 %ret_V, void %arrayidx172.case.6, i33 %ret_V, void %arrayidx172.case.5, i33 %ret_V, void %arrayidx172.case.4, i33 %ret_V, void %arrayidx172.case.3, i33 %ret_V, void %arrayidx172.case.2, i33 %ret_V, void %arrayidx172.case.1, i33 %ret_V_7, void %arrayidx168.exit"   --->   Operation 230 'phi' 'cont_hs_is_t_hs_is_t_hs_is_t_hs_is_t_bool_bool_bool_bool_ap_uint_ap_uint_ap_93' <Predicate = (state_load == 5)> <Delay = 0.00>
ST_1 : Operation 231 [1/1] (0.00ns)   --->   "%cont_hs_is_t_hs_is_t_hs_is_t_hs_is_t_bool_bool_bool_bool_ap_uint_ap_uint_ap_94 = phi i1 %cont_hs_is_t_hs_is_t_hs_is_t_hs_is_t_bool_bool_bool_bool_ap_uint_ap_uint_ap_83, void %arrayidx172.case.19, i1 %cont_hs_is_t_hs_is_t_hs_is_t_hs_is_t_bool_bool_bool_bool_ap_uint_ap_uint_ap_83, void %arrayidx172.case.18, i1 %cont_hs_is_t_hs_is_t_hs_is_t_hs_is_t_bool_bool_bool_bool_ap_uint_ap_uint_ap_83, void %arrayidx172.case.17, i1 %cont_hs_is_t_hs_is_t_hs_is_t_hs_is_t_bool_bool_bool_bool_ap_uint_ap_uint_ap_83, void %arrayidx172.case.16, i1 %cont_hs_is_t_hs_is_t_hs_is_t_hs_is_t_bool_bool_bool_bool_ap_uint_ap_uint_ap_83, void %arrayidx172.case.15, i1 %cont_hs_is_t_hs_is_t_hs_is_t_hs_is_t_bool_bool_bool_bool_ap_uint_ap_uint_ap_83, void %arrayidx172.case.14, i1 %cont_hs_is_t_hs_is_t_hs_is_t_hs_is_t_bool_bool_bool_bool_ap_uint_ap_uint_ap_83, void %arrayidx172.case.13, i1 %cont_hs_is_t_hs_is_t_hs_is_t_hs_is_t_bool_bool_bool_bool_ap_uint_ap_uint_ap_83, void %arrayidx172.case.12, i1 %cont_hs_is_t_hs_is_t_hs_is_t_hs_is_t_bool_bool_bool_bool_ap_uint_ap_uint_ap_83, void %arrayidx172.case.11, i1 %cont_hs_is_t_hs_is_t_hs_is_t_hs_is_t_bool_bool_bool_bool_ap_uint_ap_uint_ap_83, void %arrayidx172.case.10, i1 %cont_hs_is_t_hs_is_t_hs_is_t_hs_is_t_bool_bool_bool_bool_ap_uint_ap_uint_ap_83, void %arrayidx172.case.9, i1 %cont_hs_is_t_hs_is_t_hs_is_t_hs_is_t_bool_bool_bool_bool_ap_uint_ap_uint_ap_83, void %arrayidx172.case.8, i1 %cont_hs_is_t_hs_is_t_hs_is_t_hs_is_t_bool_bool_bool_bool_ap_uint_ap_uint_ap_83, void %arrayidx172.case.7, i1 %cont_hs_is_t_hs_is_t_hs_is_t_hs_is_t_bool_bool_bool_bool_ap_uint_ap_uint_ap_83, void %arrayidx172.case.6, i1 %cont_hs_is_t_hs_is_t_hs_is_t_hs_is_t_bool_bool_bool_bool_ap_uint_ap_uint_ap_83, void %arrayidx172.case.5, i1 %cont_hs_is_t_hs_is_t_hs_is_t_hs_is_t_bool_bool_bool_bool_ap_uint_ap_uint_ap_83, void %arrayidx172.case.4, i1 %cont_hs_is_t_hs_is_t_hs_is_t_hs_is_t_bool_bool_bool_bool_ap_uint_ap_uint_ap_83, void %arrayidx172.case.3, i1 %cont_hs_is_t_hs_is_t_hs_is_t_hs_is_t_bool_bool_bool_bool_ap_uint_ap_uint_ap_83, void %arrayidx172.case.2, i1 1, void %arrayidx172.case.1, i1 %cont_hs_is_t_hs_is_t_hs_is_t_hs_is_t_bool_bool_bool_bool_ap_uint_ap_uint_ap_83, void %arrayidx168.exit"   --->   Operation 231 'phi' 'cont_hs_is_t_hs_is_t_hs_is_t_hs_is_t_bool_bool_bool_bool_ap_uint_ap_uint_ap_94' <Predicate = (state_load == 5)> <Delay = 0.00>
ST_1 : Operation 232 [1/1] (0.00ns)   --->   "%cont_hs_is_t_hs_is_t_hs_is_t_hs_is_t_bool_bool_bool_bool_ap_uint_ap_uint_ap_95 = phi i33 %ret_V, void %arrayidx172.case.19, i33 %ret_V, void %arrayidx172.case.18, i33 %ret_V, void %arrayidx172.case.17, i33 %ret_V, void %arrayidx172.case.16, i33 %ret_V, void %arrayidx172.case.15, i33 %ret_V, void %arrayidx172.case.14, i33 %ret_V, void %arrayidx172.case.13, i33 %ret_V, void %arrayidx172.case.12, i33 %ret_V, void %arrayidx172.case.11, i33 %ret_V, void %arrayidx172.case.10, i33 %ret_V, void %arrayidx172.case.9, i33 %ret_V, void %arrayidx172.case.8, i33 %ret_V, void %arrayidx172.case.7, i33 %ret_V, void %arrayidx172.case.6, i33 %ret_V, void %arrayidx172.case.5, i33 %ret_V, void %arrayidx172.case.4, i33 %ret_V, void %arrayidx172.case.3, i33 %ret_V, void %arrayidx172.case.2, i33 %ret_V_7, void %arrayidx172.case.1, i33 %ret_V, void %arrayidx168.exit"   --->   Operation 232 'phi' 'cont_hs_is_t_hs_is_t_hs_is_t_hs_is_t_bool_bool_bool_bool_ap_uint_ap_uint_ap_95' <Predicate = (state_load == 5)> <Delay = 0.00>
ST_1 : Operation 233 [1/1] (0.00ns)   --->   "%cont_hs_is_t_hs_is_t_hs_is_t_hs_is_t_bool_bool_bool_bool_ap_uint_ap_uint_ap_96 = phi i1 %cont_hs_is_t_hs_is_t_hs_is_t_hs_is_t_bool_bool_bool_bool_ap_uint_ap_uint_ap_84, void %arrayidx172.case.19, i1 %cont_hs_is_t_hs_is_t_hs_is_t_hs_is_t_bool_bool_bool_bool_ap_uint_ap_uint_ap_84, void %arrayidx172.case.18, i1 %cont_hs_is_t_hs_is_t_hs_is_t_hs_is_t_bool_bool_bool_bool_ap_uint_ap_uint_ap_84, void %arrayidx172.case.17, i1 %cont_hs_is_t_hs_is_t_hs_is_t_hs_is_t_bool_bool_bool_bool_ap_uint_ap_uint_ap_84, void %arrayidx172.case.16, i1 %cont_hs_is_t_hs_is_t_hs_is_t_hs_is_t_bool_bool_bool_bool_ap_uint_ap_uint_ap_84, void %arrayidx172.case.15, i1 %cont_hs_is_t_hs_is_t_hs_is_t_hs_is_t_bool_bool_bool_bool_ap_uint_ap_uint_ap_84, void %arrayidx172.case.14, i1 %cont_hs_is_t_hs_is_t_hs_is_t_hs_is_t_bool_bool_bool_bool_ap_uint_ap_uint_ap_84, void %arrayidx172.case.13, i1 %cont_hs_is_t_hs_is_t_hs_is_t_hs_is_t_bool_bool_bool_bool_ap_uint_ap_uint_ap_84, void %arrayidx172.case.12, i1 %cont_hs_is_t_hs_is_t_hs_is_t_hs_is_t_bool_bool_bool_bool_ap_uint_ap_uint_ap_84, void %arrayidx172.case.11, i1 %cont_hs_is_t_hs_is_t_hs_is_t_hs_is_t_bool_bool_bool_bool_ap_uint_ap_uint_ap_84, void %arrayidx172.case.10, i1 %cont_hs_is_t_hs_is_t_hs_is_t_hs_is_t_bool_bool_bool_bool_ap_uint_ap_uint_ap_84, void %arrayidx172.case.9, i1 %cont_hs_is_t_hs_is_t_hs_is_t_hs_is_t_bool_bool_bool_bool_ap_uint_ap_uint_ap_84, void %arrayidx172.case.8, i1 %cont_hs_is_t_hs_is_t_hs_is_t_hs_is_t_bool_bool_bool_bool_ap_uint_ap_uint_ap_84, void %arrayidx172.case.7, i1 %cont_hs_is_t_hs_is_t_hs_is_t_hs_is_t_bool_bool_bool_bool_ap_uint_ap_uint_ap_84, void %arrayidx172.case.6, i1 %cont_hs_is_t_hs_is_t_hs_is_t_hs_is_t_bool_bool_bool_bool_ap_uint_ap_uint_ap_84, void %arrayidx172.case.5, i1 %cont_hs_is_t_hs_is_t_hs_is_t_hs_is_t_bool_bool_bool_bool_ap_uint_ap_uint_ap_84, void %arrayidx172.case.4, i1 %cont_hs_is_t_hs_is_t_hs_is_t_hs_is_t_bool_bool_bool_bool_ap_uint_ap_uint_ap_84, void %arrayidx172.case.3, i1 1, void %arrayidx172.case.2, i1 %cont_hs_is_t_hs_is_t_hs_is_t_hs_is_t_bool_bool_bool_bool_ap_uint_ap_uint_ap_84, void %arrayidx172.case.1, i1 %cont_hs_is_t_hs_is_t_hs_is_t_hs_is_t_bool_bool_bool_bool_ap_uint_ap_uint_ap_84, void %arrayidx168.exit"   --->   Operation 233 'phi' 'cont_hs_is_t_hs_is_t_hs_is_t_hs_is_t_bool_bool_bool_bool_ap_uint_ap_uint_ap_96' <Predicate = (state_load == 5)> <Delay = 0.00>
ST_1 : Operation 234 [1/1] (0.00ns)   --->   "%cont_hs_is_t_hs_is_t_hs_is_t_hs_is_t_bool_bool_bool_bool_ap_uint_ap_uint_ap_97 = phi i33 %ret_V, void %arrayidx172.case.19, i33 %ret_V, void %arrayidx172.case.18, i33 %ret_V, void %arrayidx172.case.17, i33 %ret_V, void %arrayidx172.case.16, i33 %ret_V, void %arrayidx172.case.15, i33 %ret_V, void %arrayidx172.case.14, i33 %ret_V, void %arrayidx172.case.13, i33 %ret_V, void %arrayidx172.case.12, i33 %ret_V, void %arrayidx172.case.11, i33 %ret_V, void %arrayidx172.case.10, i33 %ret_V, void %arrayidx172.case.9, i33 %ret_V, void %arrayidx172.case.8, i33 %ret_V, void %arrayidx172.case.7, i33 %ret_V, void %arrayidx172.case.6, i33 %ret_V, void %arrayidx172.case.5, i33 %ret_V, void %arrayidx172.case.4, i33 %ret_V, void %arrayidx172.case.3, i33 %ret_V_7, void %arrayidx172.case.2, i33 %ret_V, void %arrayidx172.case.1, i33 %ret_V, void %arrayidx168.exit"   --->   Operation 234 'phi' 'cont_hs_is_t_hs_is_t_hs_is_t_hs_is_t_bool_bool_bool_bool_ap_uint_ap_uint_ap_97' <Predicate = (state_load == 5)> <Delay = 0.00>
ST_1 : Operation 235 [1/1] (0.00ns)   --->   "%cont_hs_is_t_hs_is_t_hs_is_t_hs_is_t_bool_bool_bool_bool_ap_uint_ap_uint_ap_98 = phi i1 %cont_hs_is_t_hs_is_t_hs_is_t_hs_is_t_bool_bool_bool_bool_ap_uint_ap_uint_ap_85, void %arrayidx172.case.19, i1 %cont_hs_is_t_hs_is_t_hs_is_t_hs_is_t_bool_bool_bool_bool_ap_uint_ap_uint_ap_85, void %arrayidx172.case.18, i1 %cont_hs_is_t_hs_is_t_hs_is_t_hs_is_t_bool_bool_bool_bool_ap_uint_ap_uint_ap_85, void %arrayidx172.case.17, i1 %cont_hs_is_t_hs_is_t_hs_is_t_hs_is_t_bool_bool_bool_bool_ap_uint_ap_uint_ap_85, void %arrayidx172.case.16, i1 %cont_hs_is_t_hs_is_t_hs_is_t_hs_is_t_bool_bool_bool_bool_ap_uint_ap_uint_ap_85, void %arrayidx172.case.15, i1 %cont_hs_is_t_hs_is_t_hs_is_t_hs_is_t_bool_bool_bool_bool_ap_uint_ap_uint_ap_85, void %arrayidx172.case.14, i1 %cont_hs_is_t_hs_is_t_hs_is_t_hs_is_t_bool_bool_bool_bool_ap_uint_ap_uint_ap_85, void %arrayidx172.case.13, i1 %cont_hs_is_t_hs_is_t_hs_is_t_hs_is_t_bool_bool_bool_bool_ap_uint_ap_uint_ap_85, void %arrayidx172.case.12, i1 %cont_hs_is_t_hs_is_t_hs_is_t_hs_is_t_bool_bool_bool_bool_ap_uint_ap_uint_ap_85, void %arrayidx172.case.11, i1 %cont_hs_is_t_hs_is_t_hs_is_t_hs_is_t_bool_bool_bool_bool_ap_uint_ap_uint_ap_85, void %arrayidx172.case.10, i1 %cont_hs_is_t_hs_is_t_hs_is_t_hs_is_t_bool_bool_bool_bool_ap_uint_ap_uint_ap_85, void %arrayidx172.case.9, i1 %cont_hs_is_t_hs_is_t_hs_is_t_hs_is_t_bool_bool_bool_bool_ap_uint_ap_uint_ap_85, void %arrayidx172.case.8, i1 %cont_hs_is_t_hs_is_t_hs_is_t_hs_is_t_bool_bool_bool_bool_ap_uint_ap_uint_ap_85, void %arrayidx172.case.7, i1 %cont_hs_is_t_hs_is_t_hs_is_t_hs_is_t_bool_bool_bool_bool_ap_uint_ap_uint_ap_85, void %arrayidx172.case.6, i1 %cont_hs_is_t_hs_is_t_hs_is_t_hs_is_t_bool_bool_bool_bool_ap_uint_ap_uint_ap_85, void %arrayidx172.case.5, i1 %cont_hs_is_t_hs_is_t_hs_is_t_hs_is_t_bool_bool_bool_bool_ap_uint_ap_uint_ap_85, void %arrayidx172.case.4, i1 1, void %arrayidx172.case.3, i1 %cont_hs_is_t_hs_is_t_hs_is_t_hs_is_t_bool_bool_bool_bool_ap_uint_ap_uint_ap_85, void %arrayidx172.case.2, i1 %cont_hs_is_t_hs_is_t_hs_is_t_hs_is_t_bool_bool_bool_bool_ap_uint_ap_uint_ap_85, void %arrayidx172.case.1, i1 %cont_hs_is_t_hs_is_t_hs_is_t_hs_is_t_bool_bool_bool_bool_ap_uint_ap_uint_ap_85, void %arrayidx168.exit"   --->   Operation 235 'phi' 'cont_hs_is_t_hs_is_t_hs_is_t_hs_is_t_bool_bool_bool_bool_ap_uint_ap_uint_ap_98' <Predicate = (state_load == 5)> <Delay = 0.00>
ST_1 : Operation 236 [1/1] (0.00ns)   --->   "%cont_hs_is_t_hs_is_t_hs_is_t_hs_is_t_bool_bool_bool_bool_ap_uint_ap_uint_ap_99 = phi i33 %ret_V, void %arrayidx172.case.19, i33 %ret_V, void %arrayidx172.case.18, i33 %ret_V, void %arrayidx172.case.17, i33 %ret_V, void %arrayidx172.case.16, i33 %ret_V, void %arrayidx172.case.15, i33 %ret_V, void %arrayidx172.case.14, i33 %ret_V, void %arrayidx172.case.13, i33 %ret_V, void %arrayidx172.case.12, i33 %ret_V, void %arrayidx172.case.11, i33 %ret_V, void %arrayidx172.case.10, i33 %ret_V, void %arrayidx172.case.9, i33 %ret_V, void %arrayidx172.case.8, i33 %ret_V, void %arrayidx172.case.7, i33 %ret_V, void %arrayidx172.case.6, i33 %ret_V, void %arrayidx172.case.5, i33 %ret_V, void %arrayidx172.case.4, i33 %ret_V_7, void %arrayidx172.case.3, i33 %ret_V, void %arrayidx172.case.2, i33 %ret_V, void %arrayidx172.case.1, i33 %ret_V, void %arrayidx168.exit"   --->   Operation 236 'phi' 'cont_hs_is_t_hs_is_t_hs_is_t_hs_is_t_bool_bool_bool_bool_ap_uint_ap_uint_ap_99' <Predicate = (state_load == 5)> <Delay = 0.00>
ST_1 : Operation 237 [1/1] (0.00ns)   --->   "%cont_hs_is_t_hs_is_t_hs_is_t_hs_is_t_bool_bool_bool_bool_ap_uint_ap_uint_ap_100 = phi i1 %cont_hs_is_t_hs_is_t_hs_is_t_hs_is_t_bool_bool_bool_bool_ap_uint_ap_uint_ap_86, void %arrayidx172.case.19, i1 %cont_hs_is_t_hs_is_t_hs_is_t_hs_is_t_bool_bool_bool_bool_ap_uint_ap_uint_ap_86, void %arrayidx172.case.18, i1 %cont_hs_is_t_hs_is_t_hs_is_t_hs_is_t_bool_bool_bool_bool_ap_uint_ap_uint_ap_86, void %arrayidx172.case.17, i1 %cont_hs_is_t_hs_is_t_hs_is_t_hs_is_t_bool_bool_bool_bool_ap_uint_ap_uint_ap_86, void %arrayidx172.case.16, i1 %cont_hs_is_t_hs_is_t_hs_is_t_hs_is_t_bool_bool_bool_bool_ap_uint_ap_uint_ap_86, void %arrayidx172.case.15, i1 %cont_hs_is_t_hs_is_t_hs_is_t_hs_is_t_bool_bool_bool_bool_ap_uint_ap_uint_ap_86, void %arrayidx172.case.14, i1 %cont_hs_is_t_hs_is_t_hs_is_t_hs_is_t_bool_bool_bool_bool_ap_uint_ap_uint_ap_86, void %arrayidx172.case.13, i1 %cont_hs_is_t_hs_is_t_hs_is_t_hs_is_t_bool_bool_bool_bool_ap_uint_ap_uint_ap_86, void %arrayidx172.case.12, i1 %cont_hs_is_t_hs_is_t_hs_is_t_hs_is_t_bool_bool_bool_bool_ap_uint_ap_uint_ap_86, void %arrayidx172.case.11, i1 %cont_hs_is_t_hs_is_t_hs_is_t_hs_is_t_bool_bool_bool_bool_ap_uint_ap_uint_ap_86, void %arrayidx172.case.10, i1 %cont_hs_is_t_hs_is_t_hs_is_t_hs_is_t_bool_bool_bool_bool_ap_uint_ap_uint_ap_86, void %arrayidx172.case.9, i1 %cont_hs_is_t_hs_is_t_hs_is_t_hs_is_t_bool_bool_bool_bool_ap_uint_ap_uint_ap_86, void %arrayidx172.case.8, i1 %cont_hs_is_t_hs_is_t_hs_is_t_hs_is_t_bool_bool_bool_bool_ap_uint_ap_uint_ap_86, void %arrayidx172.case.7, i1 %cont_hs_is_t_hs_is_t_hs_is_t_hs_is_t_bool_bool_bool_bool_ap_uint_ap_uint_ap_86, void %arrayidx172.case.6, i1 %cont_hs_is_t_hs_is_t_hs_is_t_hs_is_t_bool_bool_bool_bool_ap_uint_ap_uint_ap_86, void %arrayidx172.case.5, i1 1, void %arrayidx172.case.4, i1 %cont_hs_is_t_hs_is_t_hs_is_t_hs_is_t_bool_bool_bool_bool_ap_uint_ap_uint_ap_86, void %arrayidx172.case.3, i1 %cont_hs_is_t_hs_is_t_hs_is_t_hs_is_t_bool_bool_bool_bool_ap_uint_ap_uint_ap_86, void %arrayidx172.case.2, i1 %cont_hs_is_t_hs_is_t_hs_is_t_hs_is_t_bool_bool_bool_bool_ap_uint_ap_uint_ap_86, void %arrayidx172.case.1, i1 %cont_hs_is_t_hs_is_t_hs_is_t_hs_is_t_bool_bool_bool_bool_ap_uint_ap_uint_ap_86, void %arrayidx168.exit"   --->   Operation 237 'phi' 'cont_hs_is_t_hs_is_t_hs_is_t_hs_is_t_bool_bool_bool_bool_ap_uint_ap_uint_ap_100' <Predicate = (state_load == 5)> <Delay = 0.00>
ST_1 : Operation 238 [1/1] (0.00ns)   --->   "%cont_hs_is_t_hs_is_t_hs_is_t_hs_is_t_bool_bool_bool_bool_ap_uint_ap_uint_ap_101 = phi i33 %ret_V, void %arrayidx172.case.19, i33 %ret_V, void %arrayidx172.case.18, i33 %ret_V, void %arrayidx172.case.17, i33 %ret_V, void %arrayidx172.case.16, i33 %ret_V, void %arrayidx172.case.15, i33 %ret_V, void %arrayidx172.case.14, i33 %ret_V, void %arrayidx172.case.13, i33 %ret_V, void %arrayidx172.case.12, i33 %ret_V, void %arrayidx172.case.11, i33 %ret_V, void %arrayidx172.case.10, i33 %ret_V, void %arrayidx172.case.9, i33 %ret_V, void %arrayidx172.case.8, i33 %ret_V, void %arrayidx172.case.7, i33 %ret_V, void %arrayidx172.case.6, i33 %ret_V, void %arrayidx172.case.5, i33 %ret_V_7, void %arrayidx172.case.4, i33 %ret_V, void %arrayidx172.case.3, i33 %ret_V, void %arrayidx172.case.2, i33 %ret_V, void %arrayidx172.case.1, i33 %ret_V, void %arrayidx168.exit"   --->   Operation 238 'phi' 'cont_hs_is_t_hs_is_t_hs_is_t_hs_is_t_bool_bool_bool_bool_ap_uint_ap_uint_ap_101' <Predicate = (state_load == 5)> <Delay = 0.00>
ST_1 : Operation 239 [1/1] (0.00ns)   --->   "%cont_hs_is_t_hs_is_t_hs_is_t_hs_is_t_bool_bool_bool_bool_ap_uint_ap_uint_ap_102 = phi i1 %cont_hs_is_t_hs_is_t_hs_is_t_hs_is_t_bool_bool_bool_bool_ap_uint_ap_uint_ap_87, void %arrayidx172.case.19, i1 %cont_hs_is_t_hs_is_t_hs_is_t_hs_is_t_bool_bool_bool_bool_ap_uint_ap_uint_ap_87, void %arrayidx172.case.18, i1 %cont_hs_is_t_hs_is_t_hs_is_t_hs_is_t_bool_bool_bool_bool_ap_uint_ap_uint_ap_87, void %arrayidx172.case.17, i1 %cont_hs_is_t_hs_is_t_hs_is_t_hs_is_t_bool_bool_bool_bool_ap_uint_ap_uint_ap_87, void %arrayidx172.case.16, i1 %cont_hs_is_t_hs_is_t_hs_is_t_hs_is_t_bool_bool_bool_bool_ap_uint_ap_uint_ap_87, void %arrayidx172.case.15, i1 %cont_hs_is_t_hs_is_t_hs_is_t_hs_is_t_bool_bool_bool_bool_ap_uint_ap_uint_ap_87, void %arrayidx172.case.14, i1 %cont_hs_is_t_hs_is_t_hs_is_t_hs_is_t_bool_bool_bool_bool_ap_uint_ap_uint_ap_87, void %arrayidx172.case.13, i1 %cont_hs_is_t_hs_is_t_hs_is_t_hs_is_t_bool_bool_bool_bool_ap_uint_ap_uint_ap_87, void %arrayidx172.case.12, i1 %cont_hs_is_t_hs_is_t_hs_is_t_hs_is_t_bool_bool_bool_bool_ap_uint_ap_uint_ap_87, void %arrayidx172.case.11, i1 %cont_hs_is_t_hs_is_t_hs_is_t_hs_is_t_bool_bool_bool_bool_ap_uint_ap_uint_ap_87, void %arrayidx172.case.10, i1 %cont_hs_is_t_hs_is_t_hs_is_t_hs_is_t_bool_bool_bool_bool_ap_uint_ap_uint_ap_87, void %arrayidx172.case.9, i1 %cont_hs_is_t_hs_is_t_hs_is_t_hs_is_t_bool_bool_bool_bool_ap_uint_ap_uint_ap_87, void %arrayidx172.case.8, i1 %cont_hs_is_t_hs_is_t_hs_is_t_hs_is_t_bool_bool_bool_bool_ap_uint_ap_uint_ap_87, void %arrayidx172.case.7, i1 %cont_hs_is_t_hs_is_t_hs_is_t_hs_is_t_bool_bool_bool_bool_ap_uint_ap_uint_ap_87, void %arrayidx172.case.6, i1 1, void %arrayidx172.case.5, i1 %cont_hs_is_t_hs_is_t_hs_is_t_hs_is_t_bool_bool_bool_bool_ap_uint_ap_uint_ap_87, void %arrayidx172.case.4, i1 %cont_hs_is_t_hs_is_t_hs_is_t_hs_is_t_bool_bool_bool_bool_ap_uint_ap_uint_ap_87, void %arrayidx172.case.3, i1 %cont_hs_is_t_hs_is_t_hs_is_t_hs_is_t_bool_bool_bool_bool_ap_uint_ap_uint_ap_87, void %arrayidx172.case.2, i1 %cont_hs_is_t_hs_is_t_hs_is_t_hs_is_t_bool_bool_bool_bool_ap_uint_ap_uint_ap_87, void %arrayidx172.case.1, i1 %cont_hs_is_t_hs_is_t_hs_is_t_hs_is_t_bool_bool_bool_bool_ap_uint_ap_uint_ap_87, void %arrayidx168.exit"   --->   Operation 239 'phi' 'cont_hs_is_t_hs_is_t_hs_is_t_hs_is_t_bool_bool_bool_bool_ap_uint_ap_uint_ap_102' <Predicate = (state_load == 5)> <Delay = 0.00>
ST_1 : Operation 240 [1/1] (0.00ns)   --->   "%cont_hs_is_t_hs_is_t_hs_is_t_hs_is_t_bool_bool_bool_bool_ap_uint_ap_uint_ap_103 = phi i33 %ret_V, void %arrayidx172.case.19, i33 %ret_V, void %arrayidx172.case.18, i33 %ret_V, void %arrayidx172.case.17, i33 %ret_V, void %arrayidx172.case.16, i33 %ret_V, void %arrayidx172.case.15, i33 %ret_V, void %arrayidx172.case.14, i33 %ret_V, void %arrayidx172.case.13, i33 %ret_V, void %arrayidx172.case.12, i33 %ret_V, void %arrayidx172.case.11, i33 %ret_V, void %arrayidx172.case.10, i33 %ret_V, void %arrayidx172.case.9, i33 %ret_V, void %arrayidx172.case.8, i33 %ret_V, void %arrayidx172.case.7, i33 %ret_V, void %arrayidx172.case.6, i33 %ret_V_7, void %arrayidx172.case.5, i33 %ret_V, void %arrayidx172.case.4, i33 %ret_V, void %arrayidx172.case.3, i33 %ret_V, void %arrayidx172.case.2, i33 %ret_V, void %arrayidx172.case.1, i33 %ret_V, void %arrayidx168.exit"   --->   Operation 240 'phi' 'cont_hs_is_t_hs_is_t_hs_is_t_hs_is_t_bool_bool_bool_bool_ap_uint_ap_uint_ap_103' <Predicate = (state_load == 5)> <Delay = 0.00>
ST_1 : Operation 241 [1/1] (0.00ns)   --->   "%cont_hs_is_t_hs_is_t_hs_is_t_hs_is_t_bool_bool_bool_bool_ap_uint_ap_uint_ap_104 = phi i1 %cont_hs_is_t_hs_is_t_hs_is_t_hs_is_t_bool_bool_bool_bool_ap_uint_ap_uint_ap_88, void %arrayidx172.case.19, i1 %cont_hs_is_t_hs_is_t_hs_is_t_hs_is_t_bool_bool_bool_bool_ap_uint_ap_uint_ap_88, void %arrayidx172.case.18, i1 %cont_hs_is_t_hs_is_t_hs_is_t_hs_is_t_bool_bool_bool_bool_ap_uint_ap_uint_ap_88, void %arrayidx172.case.17, i1 %cont_hs_is_t_hs_is_t_hs_is_t_hs_is_t_bool_bool_bool_bool_ap_uint_ap_uint_ap_88, void %arrayidx172.case.16, i1 %cont_hs_is_t_hs_is_t_hs_is_t_hs_is_t_bool_bool_bool_bool_ap_uint_ap_uint_ap_88, void %arrayidx172.case.15, i1 %cont_hs_is_t_hs_is_t_hs_is_t_hs_is_t_bool_bool_bool_bool_ap_uint_ap_uint_ap_88, void %arrayidx172.case.14, i1 %cont_hs_is_t_hs_is_t_hs_is_t_hs_is_t_bool_bool_bool_bool_ap_uint_ap_uint_ap_88, void %arrayidx172.case.13, i1 %cont_hs_is_t_hs_is_t_hs_is_t_hs_is_t_bool_bool_bool_bool_ap_uint_ap_uint_ap_88, void %arrayidx172.case.12, i1 %cont_hs_is_t_hs_is_t_hs_is_t_hs_is_t_bool_bool_bool_bool_ap_uint_ap_uint_ap_88, void %arrayidx172.case.11, i1 %cont_hs_is_t_hs_is_t_hs_is_t_hs_is_t_bool_bool_bool_bool_ap_uint_ap_uint_ap_88, void %arrayidx172.case.10, i1 %cont_hs_is_t_hs_is_t_hs_is_t_hs_is_t_bool_bool_bool_bool_ap_uint_ap_uint_ap_88, void %arrayidx172.case.9, i1 %cont_hs_is_t_hs_is_t_hs_is_t_hs_is_t_bool_bool_bool_bool_ap_uint_ap_uint_ap_88, void %arrayidx172.case.8, i1 %cont_hs_is_t_hs_is_t_hs_is_t_hs_is_t_bool_bool_bool_bool_ap_uint_ap_uint_ap_88, void %arrayidx172.case.7, i1 1, void %arrayidx172.case.6, i1 %cont_hs_is_t_hs_is_t_hs_is_t_hs_is_t_bool_bool_bool_bool_ap_uint_ap_uint_ap_88, void %arrayidx172.case.5, i1 %cont_hs_is_t_hs_is_t_hs_is_t_hs_is_t_bool_bool_bool_bool_ap_uint_ap_uint_ap_88, void %arrayidx172.case.4, i1 %cont_hs_is_t_hs_is_t_hs_is_t_hs_is_t_bool_bool_bool_bool_ap_uint_ap_uint_ap_88, void %arrayidx172.case.3, i1 %cont_hs_is_t_hs_is_t_hs_is_t_hs_is_t_bool_bool_bool_bool_ap_uint_ap_uint_ap_88, void %arrayidx172.case.2, i1 %cont_hs_is_t_hs_is_t_hs_is_t_hs_is_t_bool_bool_bool_bool_ap_uint_ap_uint_ap_88, void %arrayidx172.case.1, i1 %cont_hs_is_t_hs_is_t_hs_is_t_hs_is_t_bool_bool_bool_bool_ap_uint_ap_uint_ap_88, void %arrayidx168.exit"   --->   Operation 241 'phi' 'cont_hs_is_t_hs_is_t_hs_is_t_hs_is_t_bool_bool_bool_bool_ap_uint_ap_uint_ap_104' <Predicate = (state_load == 5)> <Delay = 0.00>
ST_1 : Operation 242 [1/1] (0.00ns)   --->   "%cont_hs_is_t_hs_is_t_hs_is_t_hs_is_t_bool_bool_bool_bool_ap_uint_ap_uint_ap_105 = phi i33 %ret_V, void %arrayidx172.case.19, i33 %ret_V, void %arrayidx172.case.18, i33 %ret_V, void %arrayidx172.case.17, i33 %ret_V, void %arrayidx172.case.16, i33 %ret_V, void %arrayidx172.case.15, i33 %ret_V, void %arrayidx172.case.14, i33 %ret_V, void %arrayidx172.case.13, i33 %ret_V, void %arrayidx172.case.12, i33 %ret_V, void %arrayidx172.case.11, i33 %ret_V, void %arrayidx172.case.10, i33 %ret_V, void %arrayidx172.case.9, i33 %ret_V, void %arrayidx172.case.8, i33 %ret_V, void %arrayidx172.case.7, i33 %ret_V_7, void %arrayidx172.case.6, i33 %ret_V, void %arrayidx172.case.5, i33 %ret_V, void %arrayidx172.case.4, i33 %ret_V, void %arrayidx172.case.3, i33 %ret_V, void %arrayidx172.case.2, i33 %ret_V, void %arrayidx172.case.1, i33 %ret_V, void %arrayidx168.exit"   --->   Operation 242 'phi' 'cont_hs_is_t_hs_is_t_hs_is_t_hs_is_t_bool_bool_bool_bool_ap_uint_ap_uint_ap_105' <Predicate = (state_load == 5)> <Delay = 0.00>
ST_1 : Operation 243 [1/1] (0.00ns)   --->   "%cont_hs_is_t_hs_is_t_hs_is_t_hs_is_t_bool_bool_bool_bool_ap_uint_ap_uint_ap_106 = phi i1 %cont_hs_is_t_hs_is_t_hs_is_t_hs_is_t_bool_bool_bool_bool_ap_uint_ap_uint_ap_89, void %arrayidx172.case.19, i1 %cont_hs_is_t_hs_is_t_hs_is_t_hs_is_t_bool_bool_bool_bool_ap_uint_ap_uint_ap_89, void %arrayidx172.case.18, i1 %cont_hs_is_t_hs_is_t_hs_is_t_hs_is_t_bool_bool_bool_bool_ap_uint_ap_uint_ap_89, void %arrayidx172.case.17, i1 %cont_hs_is_t_hs_is_t_hs_is_t_hs_is_t_bool_bool_bool_bool_ap_uint_ap_uint_ap_89, void %arrayidx172.case.16, i1 %cont_hs_is_t_hs_is_t_hs_is_t_hs_is_t_bool_bool_bool_bool_ap_uint_ap_uint_ap_89, void %arrayidx172.case.15, i1 %cont_hs_is_t_hs_is_t_hs_is_t_hs_is_t_bool_bool_bool_bool_ap_uint_ap_uint_ap_89, void %arrayidx172.case.14, i1 %cont_hs_is_t_hs_is_t_hs_is_t_hs_is_t_bool_bool_bool_bool_ap_uint_ap_uint_ap_89, void %arrayidx172.case.13, i1 %cont_hs_is_t_hs_is_t_hs_is_t_hs_is_t_bool_bool_bool_bool_ap_uint_ap_uint_ap_89, void %arrayidx172.case.12, i1 %cont_hs_is_t_hs_is_t_hs_is_t_hs_is_t_bool_bool_bool_bool_ap_uint_ap_uint_ap_89, void %arrayidx172.case.11, i1 %cont_hs_is_t_hs_is_t_hs_is_t_hs_is_t_bool_bool_bool_bool_ap_uint_ap_uint_ap_89, void %arrayidx172.case.10, i1 %cont_hs_is_t_hs_is_t_hs_is_t_hs_is_t_bool_bool_bool_bool_ap_uint_ap_uint_ap_89, void %arrayidx172.case.9, i1 %cont_hs_is_t_hs_is_t_hs_is_t_hs_is_t_bool_bool_bool_bool_ap_uint_ap_uint_ap_89, void %arrayidx172.case.8, i1 1, void %arrayidx172.case.7, i1 %cont_hs_is_t_hs_is_t_hs_is_t_hs_is_t_bool_bool_bool_bool_ap_uint_ap_uint_ap_89, void %arrayidx172.case.6, i1 %cont_hs_is_t_hs_is_t_hs_is_t_hs_is_t_bool_bool_bool_bool_ap_uint_ap_uint_ap_89, void %arrayidx172.case.5, i1 %cont_hs_is_t_hs_is_t_hs_is_t_hs_is_t_bool_bool_bool_bool_ap_uint_ap_uint_ap_89, void %arrayidx172.case.4, i1 %cont_hs_is_t_hs_is_t_hs_is_t_hs_is_t_bool_bool_bool_bool_ap_uint_ap_uint_ap_89, void %arrayidx172.case.3, i1 %cont_hs_is_t_hs_is_t_hs_is_t_hs_is_t_bool_bool_bool_bool_ap_uint_ap_uint_ap_89, void %arrayidx172.case.2, i1 %cont_hs_is_t_hs_is_t_hs_is_t_hs_is_t_bool_bool_bool_bool_ap_uint_ap_uint_ap_89, void %arrayidx172.case.1, i1 %cont_hs_is_t_hs_is_t_hs_is_t_hs_is_t_bool_bool_bool_bool_ap_uint_ap_uint_ap_89, void %arrayidx168.exit"   --->   Operation 243 'phi' 'cont_hs_is_t_hs_is_t_hs_is_t_hs_is_t_bool_bool_bool_bool_ap_uint_ap_uint_ap_106' <Predicate = (state_load == 5)> <Delay = 0.00>
ST_1 : Operation 244 [1/1] (0.00ns)   --->   "%cont_hs_is_t_hs_is_t_hs_is_t_hs_is_t_bool_bool_bool_bool_ap_uint_ap_uint_ap_107 = phi i33 %ret_V, void %arrayidx172.case.19, i33 %ret_V, void %arrayidx172.case.18, i33 %ret_V, void %arrayidx172.case.17, i33 %ret_V, void %arrayidx172.case.16, i33 %ret_V, void %arrayidx172.case.15, i33 %ret_V, void %arrayidx172.case.14, i33 %ret_V, void %arrayidx172.case.13, i33 %ret_V, void %arrayidx172.case.12, i33 %ret_V, void %arrayidx172.case.11, i33 %ret_V, void %arrayidx172.case.10, i33 %ret_V, void %arrayidx172.case.9, i33 %ret_V, void %arrayidx172.case.8, i33 %ret_V_7, void %arrayidx172.case.7, i33 %ret_V, void %arrayidx172.case.6, i33 %ret_V, void %arrayidx172.case.5, i33 %ret_V, void %arrayidx172.case.4, i33 %ret_V, void %arrayidx172.case.3, i33 %ret_V, void %arrayidx172.case.2, i33 %ret_V, void %arrayidx172.case.1, i33 %ret_V, void %arrayidx168.exit"   --->   Operation 244 'phi' 'cont_hs_is_t_hs_is_t_hs_is_t_hs_is_t_bool_bool_bool_bool_ap_uint_ap_uint_ap_107' <Predicate = (state_load == 5)> <Delay = 0.00>
ST_1 : Operation 245 [1/1] (0.00ns)   --->   "%cont_hs_is_t_hs_is_t_hs_is_t_hs_is_t_bool_bool_bool_bool_ap_uint_ap_uint_ap_108 = phi i1 %cont_hs_is_t_hs_is_t_hs_is_t_hs_is_t_bool_bool_bool_bool_ap_uint_ap_uint_ap_90, void %arrayidx172.case.19, i1 %cont_hs_is_t_hs_is_t_hs_is_t_hs_is_t_bool_bool_bool_bool_ap_uint_ap_uint_ap_90, void %arrayidx172.case.18, i1 %cont_hs_is_t_hs_is_t_hs_is_t_hs_is_t_bool_bool_bool_bool_ap_uint_ap_uint_ap_90, void %arrayidx172.case.17, i1 %cont_hs_is_t_hs_is_t_hs_is_t_hs_is_t_bool_bool_bool_bool_ap_uint_ap_uint_ap_90, void %arrayidx172.case.16, i1 %cont_hs_is_t_hs_is_t_hs_is_t_hs_is_t_bool_bool_bool_bool_ap_uint_ap_uint_ap_90, void %arrayidx172.case.15, i1 %cont_hs_is_t_hs_is_t_hs_is_t_hs_is_t_bool_bool_bool_bool_ap_uint_ap_uint_ap_90, void %arrayidx172.case.14, i1 %cont_hs_is_t_hs_is_t_hs_is_t_hs_is_t_bool_bool_bool_bool_ap_uint_ap_uint_ap_90, void %arrayidx172.case.13, i1 %cont_hs_is_t_hs_is_t_hs_is_t_hs_is_t_bool_bool_bool_bool_ap_uint_ap_uint_ap_90, void %arrayidx172.case.12, i1 %cont_hs_is_t_hs_is_t_hs_is_t_hs_is_t_bool_bool_bool_bool_ap_uint_ap_uint_ap_90, void %arrayidx172.case.11, i1 %cont_hs_is_t_hs_is_t_hs_is_t_hs_is_t_bool_bool_bool_bool_ap_uint_ap_uint_ap_90, void %arrayidx172.case.10, i1 %cont_hs_is_t_hs_is_t_hs_is_t_hs_is_t_bool_bool_bool_bool_ap_uint_ap_uint_ap_90, void %arrayidx172.case.9, i1 1, void %arrayidx172.case.8, i1 %cont_hs_is_t_hs_is_t_hs_is_t_hs_is_t_bool_bool_bool_bool_ap_uint_ap_uint_ap_90, void %arrayidx172.case.7, i1 %cont_hs_is_t_hs_is_t_hs_is_t_hs_is_t_bool_bool_bool_bool_ap_uint_ap_uint_ap_90, void %arrayidx172.case.6, i1 %cont_hs_is_t_hs_is_t_hs_is_t_hs_is_t_bool_bool_bool_bool_ap_uint_ap_uint_ap_90, void %arrayidx172.case.5, i1 %cont_hs_is_t_hs_is_t_hs_is_t_hs_is_t_bool_bool_bool_bool_ap_uint_ap_uint_ap_90, void %arrayidx172.case.4, i1 %cont_hs_is_t_hs_is_t_hs_is_t_hs_is_t_bool_bool_bool_bool_ap_uint_ap_uint_ap_90, void %arrayidx172.case.3, i1 %cont_hs_is_t_hs_is_t_hs_is_t_hs_is_t_bool_bool_bool_bool_ap_uint_ap_uint_ap_90, void %arrayidx172.case.2, i1 %cont_hs_is_t_hs_is_t_hs_is_t_hs_is_t_bool_bool_bool_bool_ap_uint_ap_uint_ap_90, void %arrayidx172.case.1, i1 %cont_hs_is_t_hs_is_t_hs_is_t_hs_is_t_bool_bool_bool_bool_ap_uint_ap_uint_ap_90, void %arrayidx168.exit"   --->   Operation 245 'phi' 'cont_hs_is_t_hs_is_t_hs_is_t_hs_is_t_bool_bool_bool_bool_ap_uint_ap_uint_ap_108' <Predicate = (state_load == 5)> <Delay = 0.00>
ST_1 : Operation 246 [1/1] (0.00ns)   --->   "%cont_hs_is_t_hs_is_t_hs_is_t_hs_is_t_bool_bool_bool_bool_ap_uint_ap_uint_ap_109 = phi i33 %ret_V, void %arrayidx172.case.19, i33 %ret_V, void %arrayidx172.case.18, i33 %ret_V, void %arrayidx172.case.17, i33 %ret_V, void %arrayidx172.case.16, i33 %ret_V, void %arrayidx172.case.15, i33 %ret_V, void %arrayidx172.case.14, i33 %ret_V, void %arrayidx172.case.13, i33 %ret_V, void %arrayidx172.case.12, i33 %ret_V, void %arrayidx172.case.11, i33 %ret_V, void %arrayidx172.case.10, i33 %ret_V, void %arrayidx172.case.9, i33 %ret_V_7, void %arrayidx172.case.8, i33 %ret_V, void %arrayidx172.case.7, i33 %ret_V, void %arrayidx172.case.6, i33 %ret_V, void %arrayidx172.case.5, i33 %ret_V, void %arrayidx172.case.4, i33 %ret_V, void %arrayidx172.case.3, i33 %ret_V, void %arrayidx172.case.2, i33 %ret_V, void %arrayidx172.case.1, i33 %ret_V, void %arrayidx168.exit"   --->   Operation 246 'phi' 'cont_hs_is_t_hs_is_t_hs_is_t_hs_is_t_bool_bool_bool_bool_ap_uint_ap_uint_ap_109' <Predicate = (state_load == 5)> <Delay = 0.00>
ST_1 : Operation 247 [1/1] (0.00ns)   --->   "%cont_hs_is_t_hs_is_t_hs_is_t_hs_is_t_bool_bool_bool_bool_ap_uint_ap_uint_ap_110 = phi i1 %cont_hs_is_t_hs_is_t_hs_is_t_hs_is_t_bool_bool_bool_bool_ap_uint_ap_uint_ap_91, void %arrayidx172.case.19, i1 %cont_hs_is_t_hs_is_t_hs_is_t_hs_is_t_bool_bool_bool_bool_ap_uint_ap_uint_ap_91, void %arrayidx172.case.18, i1 %cont_hs_is_t_hs_is_t_hs_is_t_hs_is_t_bool_bool_bool_bool_ap_uint_ap_uint_ap_91, void %arrayidx172.case.17, i1 %cont_hs_is_t_hs_is_t_hs_is_t_hs_is_t_bool_bool_bool_bool_ap_uint_ap_uint_ap_91, void %arrayidx172.case.16, i1 %cont_hs_is_t_hs_is_t_hs_is_t_hs_is_t_bool_bool_bool_bool_ap_uint_ap_uint_ap_91, void %arrayidx172.case.15, i1 %cont_hs_is_t_hs_is_t_hs_is_t_hs_is_t_bool_bool_bool_bool_ap_uint_ap_uint_ap_91, void %arrayidx172.case.14, i1 %cont_hs_is_t_hs_is_t_hs_is_t_hs_is_t_bool_bool_bool_bool_ap_uint_ap_uint_ap_91, void %arrayidx172.case.13, i1 %cont_hs_is_t_hs_is_t_hs_is_t_hs_is_t_bool_bool_bool_bool_ap_uint_ap_uint_ap_91, void %arrayidx172.case.12, i1 %cont_hs_is_t_hs_is_t_hs_is_t_hs_is_t_bool_bool_bool_bool_ap_uint_ap_uint_ap_91, void %arrayidx172.case.11, i1 %cont_hs_is_t_hs_is_t_hs_is_t_hs_is_t_bool_bool_bool_bool_ap_uint_ap_uint_ap_91, void %arrayidx172.case.10, i1 1, void %arrayidx172.case.9, i1 %cont_hs_is_t_hs_is_t_hs_is_t_hs_is_t_bool_bool_bool_bool_ap_uint_ap_uint_ap_91, void %arrayidx172.case.8, i1 %cont_hs_is_t_hs_is_t_hs_is_t_hs_is_t_bool_bool_bool_bool_ap_uint_ap_uint_ap_91, void %arrayidx172.case.7, i1 %cont_hs_is_t_hs_is_t_hs_is_t_hs_is_t_bool_bool_bool_bool_ap_uint_ap_uint_ap_91, void %arrayidx172.case.6, i1 %cont_hs_is_t_hs_is_t_hs_is_t_hs_is_t_bool_bool_bool_bool_ap_uint_ap_uint_ap_91, void %arrayidx172.case.5, i1 %cont_hs_is_t_hs_is_t_hs_is_t_hs_is_t_bool_bool_bool_bool_ap_uint_ap_uint_ap_91, void %arrayidx172.case.4, i1 %cont_hs_is_t_hs_is_t_hs_is_t_hs_is_t_bool_bool_bool_bool_ap_uint_ap_uint_ap_91, void %arrayidx172.case.3, i1 %cont_hs_is_t_hs_is_t_hs_is_t_hs_is_t_bool_bool_bool_bool_ap_uint_ap_uint_ap_91, void %arrayidx172.case.2, i1 %cont_hs_is_t_hs_is_t_hs_is_t_hs_is_t_bool_bool_bool_bool_ap_uint_ap_uint_ap_91, void %arrayidx172.case.1, i1 %cont_hs_is_t_hs_is_t_hs_is_t_hs_is_t_bool_bool_bool_bool_ap_uint_ap_uint_ap_91, void %arrayidx168.exit"   --->   Operation 247 'phi' 'cont_hs_is_t_hs_is_t_hs_is_t_hs_is_t_bool_bool_bool_bool_ap_uint_ap_uint_ap_110' <Predicate = (state_load == 5)> <Delay = 0.00>
ST_1 : Operation 248 [1/1] (0.00ns)   --->   "%cont_hs_is_t_hs_is_t_hs_is_t_hs_is_t_bool_bool_bool_bool_ap_uint_ap_uint_ap_111 = phi i33 %ret_V, void %arrayidx172.case.19, i33 %ret_V, void %arrayidx172.case.18, i33 %ret_V, void %arrayidx172.case.17, i33 %ret_V, void %arrayidx172.case.16, i33 %ret_V, void %arrayidx172.case.15, i33 %ret_V, void %arrayidx172.case.14, i33 %ret_V, void %arrayidx172.case.13, i33 %ret_V, void %arrayidx172.case.12, i33 %ret_V, void %arrayidx172.case.11, i33 %ret_V, void %arrayidx172.case.10, i33 %ret_V_7, void %arrayidx172.case.9, i33 %ret_V, void %arrayidx172.case.8, i33 %ret_V, void %arrayidx172.case.7, i33 %ret_V, void %arrayidx172.case.6, i33 %ret_V, void %arrayidx172.case.5, i33 %ret_V, void %arrayidx172.case.4, i33 %ret_V, void %arrayidx172.case.3, i33 %ret_V, void %arrayidx172.case.2, i33 %ret_V, void %arrayidx172.case.1, i33 %ret_V, void %arrayidx168.exit"   --->   Operation 248 'phi' 'cont_hs_is_t_hs_is_t_hs_is_t_hs_is_t_bool_bool_bool_bool_ap_uint_ap_uint_ap_111' <Predicate = (state_load == 5)> <Delay = 0.00>
ST_1 : Operation 249 [1/1] (0.00ns)   --->   "%p_ZZ4contP7hs_is_tS0_S0_S0_bbbb7ap_uintILi5EES1_ILi11EEPS3_PbE8buffer_a_10_flag_5 = phi i1 %p_ZZ4contP7hs_is_tS0_S0_S0_bbbb7ap_uintILi5EES1_ILi11EEPS3_PbE8buffer_a_10_flag_4, void %arrayidx172.case.19, i1 %p_ZZ4contP7hs_is_tS0_S0_S0_bbbb7ap_uintILi5EES1_ILi11EEPS3_PbE8buffer_a_10_flag_4, void %arrayidx172.case.18, i1 %p_ZZ4contP7hs_is_tS0_S0_S0_bbbb7ap_uintILi5EES1_ILi11EEPS3_PbE8buffer_a_10_flag_4, void %arrayidx172.case.17, i1 %p_ZZ4contP7hs_is_tS0_S0_S0_bbbb7ap_uintILi5EES1_ILi11EEPS3_PbE8buffer_a_10_flag_4, void %arrayidx172.case.16, i1 %p_ZZ4contP7hs_is_tS0_S0_S0_bbbb7ap_uintILi5EES1_ILi11EEPS3_PbE8buffer_a_10_flag_4, void %arrayidx172.case.15, i1 %p_ZZ4contP7hs_is_tS0_S0_S0_bbbb7ap_uintILi5EES1_ILi11EEPS3_PbE8buffer_a_10_flag_4, void %arrayidx172.case.14, i1 %p_ZZ4contP7hs_is_tS0_S0_S0_bbbb7ap_uintILi5EES1_ILi11EEPS3_PbE8buffer_a_10_flag_4, void %arrayidx172.case.13, i1 %p_ZZ4contP7hs_is_tS0_S0_S0_bbbb7ap_uintILi5EES1_ILi11EEPS3_PbE8buffer_a_10_flag_4, void %arrayidx172.case.12, i1 %p_ZZ4contP7hs_is_tS0_S0_S0_bbbb7ap_uintILi5EES1_ILi11EEPS3_PbE8buffer_a_10_flag_4, void %arrayidx172.case.11, i1 1, void %arrayidx172.case.10, i1 %p_ZZ4contP7hs_is_tS0_S0_S0_bbbb7ap_uintILi5EES1_ILi11EEPS3_PbE8buffer_a_10_flag_4, void %arrayidx172.case.9, i1 %p_ZZ4contP7hs_is_tS0_S0_S0_bbbb7ap_uintILi5EES1_ILi11EEPS3_PbE8buffer_a_10_flag_4, void %arrayidx172.case.8, i1 %p_ZZ4contP7hs_is_tS0_S0_S0_bbbb7ap_uintILi5EES1_ILi11EEPS3_PbE8buffer_a_10_flag_4, void %arrayidx172.case.7, i1 %p_ZZ4contP7hs_is_tS0_S0_S0_bbbb7ap_uintILi5EES1_ILi11EEPS3_PbE8buffer_a_10_flag_4, void %arrayidx172.case.6, i1 %p_ZZ4contP7hs_is_tS0_S0_S0_bbbb7ap_uintILi5EES1_ILi11EEPS3_PbE8buffer_a_10_flag_4, void %arrayidx172.case.5, i1 %p_ZZ4contP7hs_is_tS0_S0_S0_bbbb7ap_uintILi5EES1_ILi11EEPS3_PbE8buffer_a_10_flag_4, void %arrayidx172.case.4, i1 %p_ZZ4contP7hs_is_tS0_S0_S0_bbbb7ap_uintILi5EES1_ILi11EEPS3_PbE8buffer_a_10_flag_4, void %arrayidx172.case.3, i1 %p_ZZ4contP7hs_is_tS0_S0_S0_bbbb7ap_uintILi5EES1_ILi11EEPS3_PbE8buffer_a_10_flag_4, void %arrayidx172.case.2, i1 %p_ZZ4contP7hs_is_tS0_S0_S0_bbbb7ap_uintILi5EES1_ILi11EEPS3_PbE8buffer_a_10_flag_4, void %arrayidx172.case.1, i1 %p_ZZ4contP7hs_is_tS0_S0_S0_bbbb7ap_uintILi5EES1_ILi11EEPS3_PbE8buffer_a_10_flag_4, void %arrayidx168.exit"   --->   Operation 249 'phi' 'p_ZZ4contP7hs_is_tS0_S0_S0_bbbb7ap_uintILi5EES1_ILi11EEPS3_PbE8buffer_a_10_flag_5' <Predicate = (state_load == 5)> <Delay = 0.00>
ST_1 : Operation 250 [1/1] (0.00ns)   --->   "%p_ZZ4contP7hs_is_tS0_S0_S0_bbbb7ap_uintILi5EES1_ILi11EEPS3_PbE8buffer_a_10_new_5 = phi i33 %ret_V, void %arrayidx172.case.19, i33 %ret_V, void %arrayidx172.case.18, i33 %ret_V, void %arrayidx172.case.17, i33 %ret_V, void %arrayidx172.case.16, i33 %ret_V, void %arrayidx172.case.15, i33 %ret_V, void %arrayidx172.case.14, i33 %ret_V, void %arrayidx172.case.13, i33 %ret_V, void %arrayidx172.case.12, i33 %ret_V, void %arrayidx172.case.11, i33 %ret_V_7, void %arrayidx172.case.10, i33 %ret_V, void %arrayidx172.case.9, i33 %ret_V, void %arrayidx172.case.8, i33 %ret_V, void %arrayidx172.case.7, i33 %ret_V, void %arrayidx172.case.6, i33 %ret_V, void %arrayidx172.case.5, i33 %ret_V, void %arrayidx172.case.4, i33 %ret_V, void %arrayidx172.case.3, i33 %ret_V, void %arrayidx172.case.2, i33 %ret_V, void %arrayidx172.case.1, i33 %ret_V, void %arrayidx168.exit"   --->   Operation 250 'phi' 'p_ZZ4contP7hs_is_tS0_S0_S0_bbbb7ap_uintILi5EES1_ILi11EEPS3_PbE8buffer_a_10_new_5' <Predicate = (state_load == 5)> <Delay = 0.00>
ST_1 : Operation 251 [1/1] (0.00ns)   --->   "%cont_mulmulmulmulmulmulhs_is_t_hs_is_t_hs_is_t_hs_is_t_bool_bool_bool_bool_ap_uint_5_ap_uint_11_ap_uint_11_bool_buffer_a_float_long_signed_char_float128_5 = phi i1 %cont_mulmulmulmulmulmulhs_is_t_hs_is_t_hs_is_t_hs_is_t_bool_bool_bool_bool_ap_uint_5_ap_uint_11_ap_uint_11_bool_buffer_a_float_long_signed_char_float128_4, void %arrayidx172.case.19, i1 %cont_mulmulmulmulmulmulhs_is_t_hs_is_t_hs_is_t_hs_is_t_bool_bool_bool_bool_ap_uint_5_ap_uint_11_ap_uint_11_bool_buffer_a_float_long_signed_char_float128_4, void %arrayidx172.case.18, i1 %cont_mulmulmulmulmulmulhs_is_t_hs_is_t_hs_is_t_hs_is_t_bool_bool_bool_bool_ap_uint_5_ap_uint_11_ap_uint_11_bool_buffer_a_float_long_signed_char_float128_4, void %arrayidx172.case.17, i1 %cont_mulmulmulmulmulmulhs_is_t_hs_is_t_hs_is_t_hs_is_t_bool_bool_bool_bool_ap_uint_5_ap_uint_11_ap_uint_11_bool_buffer_a_float_long_signed_char_float128_4, void %arrayidx172.case.16, i1 %cont_mulmulmulmulmulmulhs_is_t_hs_is_t_hs_is_t_hs_is_t_bool_bool_bool_bool_ap_uint_5_ap_uint_11_ap_uint_11_bool_buffer_a_float_long_signed_char_float128_4, void %arrayidx172.case.15, i1 %cont_mulmulmulmulmulmulhs_is_t_hs_is_t_hs_is_t_hs_is_t_bool_bool_bool_bool_ap_uint_5_ap_uint_11_ap_uint_11_bool_buffer_a_float_long_signed_char_float128_4, void %arrayidx172.case.14, i1 %cont_mulmulmulmulmulmulhs_is_t_hs_is_t_hs_is_t_hs_is_t_bool_bool_bool_bool_ap_uint_5_ap_uint_11_ap_uint_11_bool_buffer_a_float_long_signed_char_float128_4, void %arrayidx172.case.13, i1 %cont_mulmulmulmulmulmulhs_is_t_hs_is_t_hs_is_t_hs_is_t_bool_bool_bool_bool_ap_uint_5_ap_uint_11_ap_uint_11_bool_buffer_a_float_long_signed_char_float128_4, void %arrayidx172.case.12, i1 1, void %arrayidx172.case.11, i1 %cont_mulmulmulmulmulmulhs_is_t_hs_is_t_hs_is_t_hs_is_t_bool_bool_bool_bool_ap_uint_5_ap_uint_11_ap_uint_11_bool_buffer_a_float_long_signed_char_float128_4, void %arrayidx172.case.10, i1 %cont_mulmulmulmulmulmulhs_is_t_hs_is_t_hs_is_t_hs_is_t_bool_bool_bool_bool_ap_uint_5_ap_uint_11_ap_uint_11_bool_buffer_a_float_long_signed_char_float128_4, void %arrayidx172.case.9, i1 %cont_mulmulmulmulmulmulhs_is_t_hs_is_t_hs_is_t_hs_is_t_bool_bool_bool_bool_ap_uint_5_ap_uint_11_ap_uint_11_bool_buffer_a_float_long_signed_char_float128_4, void %arrayidx172.case.8, i1 %cont_mulmulmulmulmulmulhs_is_t_hs_is_t_hs_is_t_hs_is_t_bool_bool_bool_bool_ap_uint_5_ap_uint_11_ap_uint_11_bool_buffer_a_float_long_signed_char_float128_4, void %arrayidx172.case.7, i1 %cont_mulmulmulmulmulmulhs_is_t_hs_is_t_hs_is_t_hs_is_t_bool_bool_bool_bool_ap_uint_5_ap_uint_11_ap_uint_11_bool_buffer_a_float_long_signed_char_float128_4, void %arrayidx172.case.6, i1 %cont_mulmulmulmulmulmulhs_is_t_hs_is_t_hs_is_t_hs_is_t_bool_bool_bool_bool_ap_uint_5_ap_uint_11_ap_uint_11_bool_buffer_a_float_long_signed_char_float128_4, void %arrayidx172.case.5, i1 %cont_mulmulmulmulmulmulhs_is_t_hs_is_t_hs_is_t_hs_is_t_bool_bool_bool_bool_ap_uint_5_ap_uint_11_ap_uint_11_bool_buffer_a_float_long_signed_char_float128_4, void %arrayidx172.case.4, i1 %cont_mulmulmulmulmulmulhs_is_t_hs_is_t_hs_is_t_hs_is_t_bool_bool_bool_bool_ap_uint_5_ap_uint_11_ap_uint_11_bool_buffer_a_float_long_signed_char_float128_4, void %arrayidx172.case.3, i1 %cont_mulmulmulmulmulmulhs_is_t_hs_is_t_hs_is_t_hs_is_t_bool_bool_bool_bool_ap_uint_5_ap_uint_11_ap_uint_11_bool_buffer_a_float_long_signed_char_float128_4, void %arrayidx172.case.2, i1 %cont_mulmulmulmulmulmulhs_is_t_hs_is_t_hs_is_t_hs_is_t_bool_bool_bool_bool_ap_uint_5_ap_uint_11_ap_uint_11_bool_buffer_a_float_long_signed_char_float128_4, void %arrayidx172.case.1, i1 %cont_mulmulmulmulmulmulhs_is_t_hs_is_t_hs_is_t_hs_is_t_bool_bool_bool_bool_ap_uint_5_ap_uint_11_ap_uint_11_bool_buffer_a_float_long_signed_char_float128_4, void %arrayidx168.exit"   --->   Operation 251 'phi' 'cont_mulmulmulmulmulmulhs_is_t_hs_is_t_hs_is_t_hs_is_t_bool_bool_bool_bool_ap_uint_5_ap_uint_11_ap_uint_11_bool_buffer_a_float_long_signed_char_float128_5' <Predicate = (state_load == 5)> <Delay = 0.00>
ST_1 : Operation 252 [1/1] (0.00ns)   --->   "%cont_mulmulmulmulmulmulhs_is_t_hs_is_t_hs_is_t_hs_is_t_bool_bool_bool_bool_ap_uint_5_ap_uint_11_ap_uint_11_bool_buffer_a_int128_long_double_wchar_t_5 = phi i33 %ret_V, void %arrayidx172.case.19, i33 %ret_V, void %arrayidx172.case.18, i33 %ret_V, void %arrayidx172.case.17, i33 %ret_V, void %arrayidx172.case.16, i33 %ret_V, void %arrayidx172.case.15, i33 %ret_V, void %arrayidx172.case.14, i33 %ret_V, void %arrayidx172.case.13, i33 %ret_V, void %arrayidx172.case.12, i33 %ret_V_7, void %arrayidx172.case.11, i33 %ret_V, void %arrayidx172.case.10, i33 %ret_V, void %arrayidx172.case.9, i33 %ret_V, void %arrayidx172.case.8, i33 %ret_V, void %arrayidx172.case.7, i33 %ret_V, void %arrayidx172.case.6, i33 %ret_V, void %arrayidx172.case.5, i33 %ret_V, void %arrayidx172.case.4, i33 %ret_V, void %arrayidx172.case.3, i33 %ret_V, void %arrayidx172.case.2, i33 %ret_V, void %arrayidx172.case.1, i33 %ret_V, void %arrayidx168.exit"   --->   Operation 252 'phi' 'cont_mulmulmulmulmulmulhs_is_t_hs_is_t_hs_is_t_hs_is_t_bool_bool_bool_bool_ap_uint_5_ap_uint_11_ap_uint_11_bool_buffer_a_int128_long_double_wchar_t_5' <Predicate = (state_load == 5)> <Delay = 0.00>
ST_1 : Operation 253 [1/1] (0.00ns)   --->   "%cont_mulmulmulmulmulmulhs_is_t_hs_is_t_hs_is_t_hs_is_t_bool_bool_bool_bool_ap_uint_5_ap_uint_11_ap_uint_11_bool_buffer_a_f_long_signed_char_float128_5 = phi i1 %cont_mulmulmulmulmulmulhs_is_t_hs_is_t_hs_is_t_hs_is_t_bool_bool_bool_bool_ap_uint_5_ap_uint_11_ap_uint_11_bool_buffer_a_f_long_signed_char_float128_4, void %arrayidx172.case.19, i1 %cont_mulmulmulmulmulmulhs_is_t_hs_is_t_hs_is_t_hs_is_t_bool_bool_bool_bool_ap_uint_5_ap_uint_11_ap_uint_11_bool_buffer_a_f_long_signed_char_float128_4, void %arrayidx172.case.18, i1 %cont_mulmulmulmulmulmulhs_is_t_hs_is_t_hs_is_t_hs_is_t_bool_bool_bool_bool_ap_uint_5_ap_uint_11_ap_uint_11_bool_buffer_a_f_long_signed_char_float128_4, void %arrayidx172.case.17, i1 %cont_mulmulmulmulmulmulhs_is_t_hs_is_t_hs_is_t_hs_is_t_bool_bool_bool_bool_ap_uint_5_ap_uint_11_ap_uint_11_bool_buffer_a_f_long_signed_char_float128_4, void %arrayidx172.case.16, i1 %cont_mulmulmulmulmulmulhs_is_t_hs_is_t_hs_is_t_hs_is_t_bool_bool_bool_bool_ap_uint_5_ap_uint_11_ap_uint_11_bool_buffer_a_f_long_signed_char_float128_4, void %arrayidx172.case.15, i1 %cont_mulmulmulmulmulmulhs_is_t_hs_is_t_hs_is_t_hs_is_t_bool_bool_bool_bool_ap_uint_5_ap_uint_11_ap_uint_11_bool_buffer_a_f_long_signed_char_float128_4, void %arrayidx172.case.14, i1 %cont_mulmulmulmulmulmulhs_is_t_hs_is_t_hs_is_t_hs_is_t_bool_bool_bool_bool_ap_uint_5_ap_uint_11_ap_uint_11_bool_buffer_a_f_long_signed_char_float128_4, void %arrayidx172.case.13, i1 1, void %arrayidx172.case.12, i1 %cont_mulmulmulmulmulmulhs_is_t_hs_is_t_hs_is_t_hs_is_t_bool_bool_bool_bool_ap_uint_5_ap_uint_11_ap_uint_11_bool_buffer_a_f_long_signed_char_float128_4, void %arrayidx172.case.11, i1 %cont_mulmulmulmulmulmulhs_is_t_hs_is_t_hs_is_t_hs_is_t_bool_bool_bool_bool_ap_uint_5_ap_uint_11_ap_uint_11_bool_buffer_a_f_long_signed_char_float128_4, void %arrayidx172.case.10, i1 %cont_mulmulmulmulmulmulhs_is_t_hs_is_t_hs_is_t_hs_is_t_bool_bool_bool_bool_ap_uint_5_ap_uint_11_ap_uint_11_bool_buffer_a_f_long_signed_char_float128_4, void %arrayidx172.case.9, i1 %cont_mulmulmulmulmulmulhs_is_t_hs_is_t_hs_is_t_hs_is_t_bool_bool_bool_bool_ap_uint_5_ap_uint_11_ap_uint_11_bool_buffer_a_f_long_signed_char_float128_4, void %arrayidx172.case.8, i1 %cont_mulmulmulmulmulmulhs_is_t_hs_is_t_hs_is_t_hs_is_t_bool_bool_bool_bool_ap_uint_5_ap_uint_11_ap_uint_11_bool_buffer_a_f_long_signed_char_float128_4, void %arrayidx172.case.7, i1 %cont_mulmulmulmulmulmulhs_is_t_hs_is_t_hs_is_t_hs_is_t_bool_bool_bool_bool_ap_uint_5_ap_uint_11_ap_uint_11_bool_buffer_a_f_long_signed_char_float128_4, void %arrayidx172.case.6, i1 %cont_mulmulmulmulmulmulhs_is_t_hs_is_t_hs_is_t_hs_is_t_bool_bool_bool_bool_ap_uint_5_ap_uint_11_ap_uint_11_bool_buffer_a_f_long_signed_char_float128_4, void %arrayidx172.case.5, i1 %cont_mulmulmulmulmulmulhs_is_t_hs_is_t_hs_is_t_hs_is_t_bool_bool_bool_bool_ap_uint_5_ap_uint_11_ap_uint_11_bool_buffer_a_f_long_signed_char_float128_4, void %arrayidx172.case.4, i1 %cont_mulmulmulmulmulmulhs_is_t_hs_is_t_hs_is_t_hs_is_t_bool_bool_bool_bool_ap_uint_5_ap_uint_11_ap_uint_11_bool_buffer_a_f_long_signed_char_float128_4, void %arrayidx172.case.3, i1 %cont_mulmulmulmulmulmulhs_is_t_hs_is_t_hs_is_t_hs_is_t_bool_bool_bool_bool_ap_uint_5_ap_uint_11_ap_uint_11_bool_buffer_a_f_long_signed_char_float128_4, void %arrayidx172.case.2, i1 %cont_mulmulmulmulmulmulhs_is_t_hs_is_t_hs_is_t_hs_is_t_bool_bool_bool_bool_ap_uint_5_ap_uint_11_ap_uint_11_bool_buffer_a_f_long_signed_char_float128_4, void %arrayidx172.case.1, i1 %cont_mulmulmulmulmulmulhs_is_t_hs_is_t_hs_is_t_hs_is_t_bool_bool_bool_bool_ap_uint_5_ap_uint_11_ap_uint_11_bool_buffer_a_f_long_signed_char_float128_4, void %arrayidx168.exit"   --->   Operation 253 'phi' 'cont_mulmulmulmulmulmulhs_is_t_hs_is_t_hs_is_t_hs_is_t_bool_bool_bool_bool_ap_uint_5_ap_uint_11_ap_uint_11_bool_buffer_a_f_long_signed_char_float128_5' <Predicate = (state_load == 5)> <Delay = 0.00>
ST_1 : Operation 254 [1/1] (0.00ns)   --->   "%cont_mulmulmulmulmulmulhs_is_t_hs_is_t_hs_is_t_hs_is_t_bool_bool_bool_bool_ap_uint_5_ap_uint_11_ap_uint_11_bool_buffer_a_n_long_double_wchar_t_5 = phi i33 %ret_V, void %arrayidx172.case.19, i33 %ret_V, void %arrayidx172.case.18, i33 %ret_V, void %arrayidx172.case.17, i33 %ret_V, void %arrayidx172.case.16, i33 %ret_V, void %arrayidx172.case.15, i33 %ret_V, void %arrayidx172.case.14, i33 %ret_V, void %arrayidx172.case.13, i33 %ret_V_7, void %arrayidx172.case.12, i33 %ret_V, void %arrayidx172.case.11, i33 %ret_V, void %arrayidx172.case.10, i33 %ret_V, void %arrayidx172.case.9, i33 %ret_V, void %arrayidx172.case.8, i33 %ret_V, void %arrayidx172.case.7, i33 %ret_V, void %arrayidx172.case.6, i33 %ret_V, void %arrayidx172.case.5, i33 %ret_V, void %arrayidx172.case.4, i33 %ret_V, void %arrayidx172.case.3, i33 %ret_V, void %arrayidx172.case.2, i33 %ret_V, void %arrayidx172.case.1, i33 %ret_V, void %arrayidx168.exit"   --->   Operation 254 'phi' 'cont_mulmulmulmulmulmulhs_is_t_hs_is_t_hs_is_t_hs_is_t_bool_bool_bool_bool_ap_uint_5_ap_uint_11_ap_uint_11_bool_buffer_a_n_long_double_wchar_t_5' <Predicate = (state_load == 5)> <Delay = 0.00>
ST_1 : Operation 255 [1/1] (0.00ns)   --->   "%cont_mulmulmulmulmulmulhs_is_t_hs_is_t_hs_is_t_hs_is_t_bool_bool_bool_bool_ap_uint_5_ap_uint_11_ap_uint_11_bool_buffer_a_fl_signed_char_float128_5 = phi i1 %cont_mulmulmulmulmulmulhs_is_t_hs_is_t_hs_is_t_hs_is_t_bool_bool_bool_bool_ap_uint_5_ap_uint_11_ap_uint_11_bool_buffer_a_fl_signed_char_float128_4, void %arrayidx172.case.19, i1 %cont_mulmulmulmulmulmulhs_is_t_hs_is_t_hs_is_t_hs_is_t_bool_bool_bool_bool_ap_uint_5_ap_uint_11_ap_uint_11_bool_buffer_a_fl_signed_char_float128_4, void %arrayidx172.case.18, i1 %cont_mulmulmulmulmulmulhs_is_t_hs_is_t_hs_is_t_hs_is_t_bool_bool_bool_bool_ap_uint_5_ap_uint_11_ap_uint_11_bool_buffer_a_fl_signed_char_float128_4, void %arrayidx172.case.17, i1 %cont_mulmulmulmulmulmulhs_is_t_hs_is_t_hs_is_t_hs_is_t_bool_bool_bool_bool_ap_uint_5_ap_uint_11_ap_uint_11_bool_buffer_a_fl_signed_char_float128_4, void %arrayidx172.case.16, i1 %cont_mulmulmulmulmulmulhs_is_t_hs_is_t_hs_is_t_hs_is_t_bool_bool_bool_bool_ap_uint_5_ap_uint_11_ap_uint_11_bool_buffer_a_fl_signed_char_float128_4, void %arrayidx172.case.15, i1 %cont_mulmulmulmulmulmulhs_is_t_hs_is_t_hs_is_t_hs_is_t_bool_bool_bool_bool_ap_uint_5_ap_uint_11_ap_uint_11_bool_buffer_a_fl_signed_char_float128_4, void %arrayidx172.case.14, i1 1, void %arrayidx172.case.13, i1 %cont_mulmulmulmulmulmulhs_is_t_hs_is_t_hs_is_t_hs_is_t_bool_bool_bool_bool_ap_uint_5_ap_uint_11_ap_uint_11_bool_buffer_a_fl_signed_char_float128_4, void %arrayidx172.case.12, i1 %cont_mulmulmulmulmulmulhs_is_t_hs_is_t_hs_is_t_hs_is_t_bool_bool_bool_bool_ap_uint_5_ap_uint_11_ap_uint_11_bool_buffer_a_fl_signed_char_float128_4, void %arrayidx172.case.11, i1 %cont_mulmulmulmulmulmulhs_is_t_hs_is_t_hs_is_t_hs_is_t_bool_bool_bool_bool_ap_uint_5_ap_uint_11_ap_uint_11_bool_buffer_a_fl_signed_char_float128_4, void %arrayidx172.case.10, i1 %cont_mulmulmulmulmulmulhs_is_t_hs_is_t_hs_is_t_hs_is_t_bool_bool_bool_bool_ap_uint_5_ap_uint_11_ap_uint_11_bool_buffer_a_fl_signed_char_float128_4, void %arrayidx172.case.9, i1 %cont_mulmulmulmulmulmulhs_is_t_hs_is_t_hs_is_t_hs_is_t_bool_bool_bool_bool_ap_uint_5_ap_uint_11_ap_uint_11_bool_buffer_a_fl_signed_char_float128_4, void %arrayidx172.case.8, i1 %cont_mulmulmulmulmulmulhs_is_t_hs_is_t_hs_is_t_hs_is_t_bool_bool_bool_bool_ap_uint_5_ap_uint_11_ap_uint_11_bool_buffer_a_fl_signed_char_float128_4, void %arrayidx172.case.7, i1 %cont_mulmulmulmulmulmulhs_is_t_hs_is_t_hs_is_t_hs_is_t_bool_bool_bool_bool_ap_uint_5_ap_uint_11_ap_uint_11_bool_buffer_a_fl_signed_char_float128_4, void %arrayidx172.case.6, i1 %cont_mulmulmulmulmulmulhs_is_t_hs_is_t_hs_is_t_hs_is_t_bool_bool_bool_bool_ap_uint_5_ap_uint_11_ap_uint_11_bool_buffer_a_fl_signed_char_float128_4, void %arrayidx172.case.5, i1 %cont_mulmulmulmulmulmulhs_is_t_hs_is_t_hs_is_t_hs_is_t_bool_bool_bool_bool_ap_uint_5_ap_uint_11_ap_uint_11_bool_buffer_a_fl_signed_char_float128_4, void %arrayidx172.case.4, i1 %cont_mulmulmulmulmulmulhs_is_t_hs_is_t_hs_is_t_hs_is_t_bool_bool_bool_bool_ap_uint_5_ap_uint_11_ap_uint_11_bool_buffer_a_fl_signed_char_float128_4, void %arrayidx172.case.3, i1 %cont_mulmulmulmulmulmulhs_is_t_hs_is_t_hs_is_t_hs_is_t_bool_bool_bool_bool_ap_uint_5_ap_uint_11_ap_uint_11_bool_buffer_a_fl_signed_char_float128_4, void %arrayidx172.case.2, i1 %cont_mulmulmulmulmulmulhs_is_t_hs_is_t_hs_is_t_hs_is_t_bool_bool_bool_bool_ap_uint_5_ap_uint_11_ap_uint_11_bool_buffer_a_fl_signed_char_float128_4, void %arrayidx172.case.1, i1 %cont_mulmulmulmulmulmulhs_is_t_hs_is_t_hs_is_t_hs_is_t_bool_bool_bool_bool_ap_uint_5_ap_uint_11_ap_uint_11_bool_buffer_a_fl_signed_char_float128_4, void %arrayidx168.exit"   --->   Operation 255 'phi' 'cont_mulmulmulmulmulmulhs_is_t_hs_is_t_hs_is_t_hs_is_t_bool_bool_bool_bool_ap_uint_5_ap_uint_11_ap_uint_11_bool_buffer_a_fl_signed_char_float128_5' <Predicate = (state_load == 5)> <Delay = 0.00>
ST_1 : Operation 256 [1/1] (0.00ns)   --->   "%cont_mulmulmulmulmulmulhs_is_t_hs_is_t_hs_is_t_hs_is_t_bool_bool_bool_bool_ap_uint_5_ap_uint_11_ap_uint_11_bool_buffer_a_ne_wchar_t_5 = phi i33 %ret_V, void %arrayidx172.case.19, i33 %ret_V, void %arrayidx172.case.18, i33 %ret_V, void %arrayidx172.case.17, i33 %ret_V, void %arrayidx172.case.16, i33 %ret_V, void %arrayidx172.case.15, i33 %ret_V, void %arrayidx172.case.14, i33 %ret_V_7, void %arrayidx172.case.13, i33 %ret_V, void %arrayidx172.case.12, i33 %ret_V, void %arrayidx172.case.11, i33 %ret_V, void %arrayidx172.case.10, i33 %ret_V, void %arrayidx172.case.9, i33 %ret_V, void %arrayidx172.case.8, i33 %ret_V, void %arrayidx172.case.7, i33 %ret_V, void %arrayidx172.case.6, i33 %ret_V, void %arrayidx172.case.5, i33 %ret_V, void %arrayidx172.case.4, i33 %ret_V, void %arrayidx172.case.3, i33 %ret_V, void %arrayidx172.case.2, i33 %ret_V, void %arrayidx172.case.1, i33 %ret_V, void %arrayidx168.exit"   --->   Operation 256 'phi' 'cont_mulmulmulmulmulmulhs_is_t_hs_is_t_hs_is_t_hs_is_t_bool_bool_bool_bool_ap_uint_5_ap_uint_11_ap_uint_11_bool_buffer_a_ne_wchar_t_5' <Predicate = (state_load == 5)> <Delay = 0.00>
ST_1 : Operation 257 [1/1] (0.00ns)   --->   "%cont_mulmulmulmulmulmulhs_is_t_hs_is_t_hs_is_t_hs_is_t_bool_bool_bool_bool_ap_uint_5_ap_uint_11_ap_uint_11_bool_buffer_a_fla_float128_5 = phi i1 %cont_mulmulmulmulmulmulhs_is_t_hs_is_t_hs_is_t_hs_is_t_bool_bool_bool_bool_ap_uint_5_ap_uint_11_ap_uint_11_bool_buffer_a_fla_float128_4, void %arrayidx172.case.19, i1 %cont_mulmulmulmulmulmulhs_is_t_hs_is_t_hs_is_t_hs_is_t_bool_bool_bool_bool_ap_uint_5_ap_uint_11_ap_uint_11_bool_buffer_a_fla_float128_4, void %arrayidx172.case.18, i1 %cont_mulmulmulmulmulmulhs_is_t_hs_is_t_hs_is_t_hs_is_t_bool_bool_bool_bool_ap_uint_5_ap_uint_11_ap_uint_11_bool_buffer_a_fla_float128_4, void %arrayidx172.case.17, i1 %cont_mulmulmulmulmulmulhs_is_t_hs_is_t_hs_is_t_hs_is_t_bool_bool_bool_bool_ap_uint_5_ap_uint_11_ap_uint_11_bool_buffer_a_fla_float128_4, void %arrayidx172.case.16, i1 %cont_mulmulmulmulmulmulhs_is_t_hs_is_t_hs_is_t_hs_is_t_bool_bool_bool_bool_ap_uint_5_ap_uint_11_ap_uint_11_bool_buffer_a_fla_float128_4, void %arrayidx172.case.15, i1 1, void %arrayidx172.case.14, i1 %cont_mulmulmulmulmulmulhs_is_t_hs_is_t_hs_is_t_hs_is_t_bool_bool_bool_bool_ap_uint_5_ap_uint_11_ap_uint_11_bool_buffer_a_fla_float128_4, void %arrayidx172.case.13, i1 %cont_mulmulmulmulmulmulhs_is_t_hs_is_t_hs_is_t_hs_is_t_bool_bool_bool_bool_ap_uint_5_ap_uint_11_ap_uint_11_bool_buffer_a_fla_float128_4, void %arrayidx172.case.12, i1 %cont_mulmulmulmulmulmulhs_is_t_hs_is_t_hs_is_t_hs_is_t_bool_bool_bool_bool_ap_uint_5_ap_uint_11_ap_uint_11_bool_buffer_a_fla_float128_4, void %arrayidx172.case.11, i1 %cont_mulmulmulmulmulmulhs_is_t_hs_is_t_hs_is_t_hs_is_t_bool_bool_bool_bool_ap_uint_5_ap_uint_11_ap_uint_11_bool_buffer_a_fla_float128_4, void %arrayidx172.case.10, i1 %cont_mulmulmulmulmulmulhs_is_t_hs_is_t_hs_is_t_hs_is_t_bool_bool_bool_bool_ap_uint_5_ap_uint_11_ap_uint_11_bool_buffer_a_fla_float128_4, void %arrayidx172.case.9, i1 %cont_mulmulmulmulmulmulhs_is_t_hs_is_t_hs_is_t_hs_is_t_bool_bool_bool_bool_ap_uint_5_ap_uint_11_ap_uint_11_bool_buffer_a_fla_float128_4, void %arrayidx172.case.8, i1 %cont_mulmulmulmulmulmulhs_is_t_hs_is_t_hs_is_t_hs_is_t_bool_bool_bool_bool_ap_uint_5_ap_uint_11_ap_uint_11_bool_buffer_a_fla_float128_4, void %arrayidx172.case.7, i1 %cont_mulmulmulmulmulmulhs_is_t_hs_is_t_hs_is_t_hs_is_t_bool_bool_bool_bool_ap_uint_5_ap_uint_11_ap_uint_11_bool_buffer_a_fla_float128_4, void %arrayidx172.case.6, i1 %cont_mulmulmulmulmulmulhs_is_t_hs_is_t_hs_is_t_hs_is_t_bool_bool_bool_bool_ap_uint_5_ap_uint_11_ap_uint_11_bool_buffer_a_fla_float128_4, void %arrayidx172.case.5, i1 %cont_mulmulmulmulmulmulhs_is_t_hs_is_t_hs_is_t_hs_is_t_bool_bool_bool_bool_ap_uint_5_ap_uint_11_ap_uint_11_bool_buffer_a_fla_float128_4, void %arrayidx172.case.4, i1 %cont_mulmulmulmulmulmulhs_is_t_hs_is_t_hs_is_t_hs_is_t_bool_bool_bool_bool_ap_uint_5_ap_uint_11_ap_uint_11_bool_buffer_a_fla_float128_4, void %arrayidx172.case.3, i1 %cont_mulmulmulmulmulmulhs_is_t_hs_is_t_hs_is_t_hs_is_t_bool_bool_bool_bool_ap_uint_5_ap_uint_11_ap_uint_11_bool_buffer_a_fla_float128_4, void %arrayidx172.case.2, i1 %cont_mulmulmulmulmulmulhs_is_t_hs_is_t_hs_is_t_hs_is_t_bool_bool_bool_bool_ap_uint_5_ap_uint_11_ap_uint_11_bool_buffer_a_fla_float128_4, void %arrayidx172.case.1, i1 %cont_mulmulmulmulmulmulhs_is_t_hs_is_t_hs_is_t_hs_is_t_bool_bool_bool_bool_ap_uint_5_ap_uint_11_ap_uint_11_bool_buffer_a_fla_float128_4, void %arrayidx168.exit"   --->   Operation 257 'phi' 'cont_mulmulmulmulmulmulhs_is_t_hs_is_t_hs_is_t_hs_is_t_bool_bool_bool_bool_ap_uint_5_ap_uint_11_ap_uint_11_bool_buffer_a_fla_float128_5' <Predicate = (state_load == 5)> <Delay = 0.00>
ST_1 : Operation 258 [1/1] (0.00ns)   --->   "%cont_mulmulmulmulmulmulhs_is_t_hs_is_t_hs_is_t_hs_is_t_bool_bool_bool_bool_ap_uint_5_ap_uint_11_ap_uint_11_bool_buffer_a_new_5 = phi i33 %ret_V, void %arrayidx172.case.19, i33 %ret_V, void %arrayidx172.case.18, i33 %ret_V, void %arrayidx172.case.17, i33 %ret_V, void %arrayidx172.case.16, i33 %ret_V, void %arrayidx172.case.15, i33 %ret_V_7, void %arrayidx172.case.14, i33 %ret_V, void %arrayidx172.case.13, i33 %ret_V, void %arrayidx172.case.12, i33 %ret_V, void %arrayidx172.case.11, i33 %ret_V, void %arrayidx172.case.10, i33 %ret_V, void %arrayidx172.case.9, i33 %ret_V, void %arrayidx172.case.8, i33 %ret_V, void %arrayidx172.case.7, i33 %ret_V, void %arrayidx172.case.6, i33 %ret_V, void %arrayidx172.case.5, i33 %ret_V, void %arrayidx172.case.4, i33 %ret_V, void %arrayidx172.case.3, i33 %ret_V, void %arrayidx172.case.2, i33 %ret_V, void %arrayidx172.case.1, i33 %ret_V, void %arrayidx168.exit"   --->   Operation 258 'phi' 'cont_mulmulmulmulmulmulhs_is_t_hs_is_t_hs_is_t_hs_is_t_bool_bool_bool_bool_ap_uint_5_ap_uint_11_ap_uint_11_bool_buffer_a_new_5' <Predicate = (state_load == 5)> <Delay = 0.00>
ST_1 : Operation 259 [1/1] (0.00ns)   --->   "%cont_mulmulmulmulmulmulhs_is_t_hs_is_t_hs_is_t_hs_is_t_bool_bool_bool_bool_ap_uint_5_ap_uint_11_ap_uint_11_bool_buffer_a_flag_5 = phi i1 %cont_mulmulmulmulmulmulhs_is_t_hs_is_t_hs_is_t_hs_is_t_bool_bool_bool_bool_ap_uint_5_ap_uint_11_ap_uint_11_bool_buffer_a_flag_4, void %arrayidx172.case.19, i1 %cont_mulmulmulmulmulmulhs_is_t_hs_is_t_hs_is_t_hs_is_t_bool_bool_bool_bool_ap_uint_5_ap_uint_11_ap_uint_11_bool_buffer_a_flag_4, void %arrayidx172.case.18, i1 %cont_mulmulmulmulmulmulhs_is_t_hs_is_t_hs_is_t_hs_is_t_bool_bool_bool_bool_ap_uint_5_ap_uint_11_ap_uint_11_bool_buffer_a_flag_4, void %arrayidx172.case.17, i1 %cont_mulmulmulmulmulmulhs_is_t_hs_is_t_hs_is_t_hs_is_t_bool_bool_bool_bool_ap_uint_5_ap_uint_11_ap_uint_11_bool_buffer_a_flag_4, void %arrayidx172.case.16, i1 1, void %arrayidx172.case.15, i1 %cont_mulmulmulmulmulmulhs_is_t_hs_is_t_hs_is_t_hs_is_t_bool_bool_bool_bool_ap_uint_5_ap_uint_11_ap_uint_11_bool_buffer_a_flag_4, void %arrayidx172.case.14, i1 %cont_mulmulmulmulmulmulhs_is_t_hs_is_t_hs_is_t_hs_is_t_bool_bool_bool_bool_ap_uint_5_ap_uint_11_ap_uint_11_bool_buffer_a_flag_4, void %arrayidx172.case.13, i1 %cont_mulmulmulmulmulmulhs_is_t_hs_is_t_hs_is_t_hs_is_t_bool_bool_bool_bool_ap_uint_5_ap_uint_11_ap_uint_11_bool_buffer_a_flag_4, void %arrayidx172.case.12, i1 %cont_mulmulmulmulmulmulhs_is_t_hs_is_t_hs_is_t_hs_is_t_bool_bool_bool_bool_ap_uint_5_ap_uint_11_ap_uint_11_bool_buffer_a_flag_4, void %arrayidx172.case.11, i1 %cont_mulmulmulmulmulmulhs_is_t_hs_is_t_hs_is_t_hs_is_t_bool_bool_bool_bool_ap_uint_5_ap_uint_11_ap_uint_11_bool_buffer_a_flag_4, void %arrayidx172.case.10, i1 %cont_mulmulmulmulmulmulhs_is_t_hs_is_t_hs_is_t_hs_is_t_bool_bool_bool_bool_ap_uint_5_ap_uint_11_ap_uint_11_bool_buffer_a_flag_4, void %arrayidx172.case.9, i1 %cont_mulmulmulmulmulmulhs_is_t_hs_is_t_hs_is_t_hs_is_t_bool_bool_bool_bool_ap_uint_5_ap_uint_11_ap_uint_11_bool_buffer_a_flag_4, void %arrayidx172.case.8, i1 %cont_mulmulmulmulmulmulhs_is_t_hs_is_t_hs_is_t_hs_is_t_bool_bool_bool_bool_ap_uint_5_ap_uint_11_ap_uint_11_bool_buffer_a_flag_4, void %arrayidx172.case.7, i1 %cont_mulmulmulmulmulmulhs_is_t_hs_is_t_hs_is_t_hs_is_t_bool_bool_bool_bool_ap_uint_5_ap_uint_11_ap_uint_11_bool_buffer_a_flag_4, void %arrayidx172.case.6, i1 %cont_mulmulmulmulmulmulhs_is_t_hs_is_t_hs_is_t_hs_is_t_bool_bool_bool_bool_ap_uint_5_ap_uint_11_ap_uint_11_bool_buffer_a_flag_4, void %arrayidx172.case.5, i1 %cont_mulmulmulmulmulmulhs_is_t_hs_is_t_hs_is_t_hs_is_t_bool_bool_bool_bool_ap_uint_5_ap_uint_11_ap_uint_11_bool_buffer_a_flag_4, void %arrayidx172.case.4, i1 %cont_mulmulmulmulmulmulhs_is_t_hs_is_t_hs_is_t_hs_is_t_bool_bool_bool_bool_ap_uint_5_ap_uint_11_ap_uint_11_bool_buffer_a_flag_4, void %arrayidx172.case.3, i1 %cont_mulmulmulmulmulmulhs_is_t_hs_is_t_hs_is_t_hs_is_t_bool_bool_bool_bool_ap_uint_5_ap_uint_11_ap_uint_11_bool_buffer_a_flag_4, void %arrayidx172.case.2, i1 %cont_mulmulmulmulmulmulhs_is_t_hs_is_t_hs_is_t_hs_is_t_bool_bool_bool_bool_ap_uint_5_ap_uint_11_ap_uint_11_bool_buffer_a_flag_4, void %arrayidx172.case.1, i1 %cont_mulmulmulmulmulmulhs_is_t_hs_is_t_hs_is_t_hs_is_t_bool_bool_bool_bool_ap_uint_5_ap_uint_11_ap_uint_11_bool_buffer_a_flag_4, void %arrayidx168.exit"   --->   Operation 259 'phi' 'cont_mulmulmulmulmulmulhs_is_t_hs_is_t_hs_is_t_hs_is_t_bool_bool_bool_bool_ap_uint_5_ap_uint_11_ap_uint_11_bool_buffer_a_flag_5' <Predicate = (state_load == 5)> <Delay = 0.00>
ST_1 : Operation 260 [1/1] (0.00ns)   --->   "%p_ZZ4contP7hs_is_tS0_S0_S0_bbbb7ap_uintILi5EES1_ILi11EEPS3_PbE8buffer_a_15_new_5 = phi i33 %ret_V, void %arrayidx172.case.19, i33 %ret_V, void %arrayidx172.case.18, i33 %ret_V, void %arrayidx172.case.17, i33 %ret_V, void %arrayidx172.case.16, i33 %ret_V_7, void %arrayidx172.case.15, i33 %ret_V, void %arrayidx172.case.14, i33 %ret_V, void %arrayidx172.case.13, i33 %ret_V, void %arrayidx172.case.12, i33 %ret_V, void %arrayidx172.case.11, i33 %ret_V, void %arrayidx172.case.10, i33 %ret_V, void %arrayidx172.case.9, i33 %ret_V, void %arrayidx172.case.8, i33 %ret_V, void %arrayidx172.case.7, i33 %ret_V, void %arrayidx172.case.6, i33 %ret_V, void %arrayidx172.case.5, i33 %ret_V, void %arrayidx172.case.4, i33 %ret_V, void %arrayidx172.case.3, i33 %ret_V, void %arrayidx172.case.2, i33 %ret_V, void %arrayidx172.case.1, i33 %ret_V, void %arrayidx168.exit"   --->   Operation 260 'phi' 'p_ZZ4contP7hs_is_tS0_S0_S0_bbbb7ap_uintILi5EES1_ILi11EEPS3_PbE8buffer_a_15_new_5' <Predicate = (state_load == 5)> <Delay = 0.00>
ST_1 : Operation 261 [1/1] (0.00ns)   --->   "%p_ZZ4contP7hs_is_tS0_S0_S0_bbbb7ap_uintILi5EES1_ILi11EEPS3_PbE8buffer_a_16_flag_5 = phi i1 %p_ZZ4contP7hs_is_tS0_S0_S0_bbbb7ap_uintILi5EES1_ILi11EEPS3_PbE8buffer_a_16_flag_4, void %arrayidx172.case.19, i1 %p_ZZ4contP7hs_is_tS0_S0_S0_bbbb7ap_uintILi5EES1_ILi11EEPS3_PbE8buffer_a_16_flag_4, void %arrayidx172.case.18, i1 %p_ZZ4contP7hs_is_tS0_S0_S0_bbbb7ap_uintILi5EES1_ILi11EEPS3_PbE8buffer_a_16_flag_4, void %arrayidx172.case.17, i1 1, void %arrayidx172.case.16, i1 %p_ZZ4contP7hs_is_tS0_S0_S0_bbbb7ap_uintILi5EES1_ILi11EEPS3_PbE8buffer_a_16_flag_4, void %arrayidx172.case.15, i1 %p_ZZ4contP7hs_is_tS0_S0_S0_bbbb7ap_uintILi5EES1_ILi11EEPS3_PbE8buffer_a_16_flag_4, void %arrayidx172.case.14, i1 %p_ZZ4contP7hs_is_tS0_S0_S0_bbbb7ap_uintILi5EES1_ILi11EEPS3_PbE8buffer_a_16_flag_4, void %arrayidx172.case.13, i1 %p_ZZ4contP7hs_is_tS0_S0_S0_bbbb7ap_uintILi5EES1_ILi11EEPS3_PbE8buffer_a_16_flag_4, void %arrayidx172.case.12, i1 %p_ZZ4contP7hs_is_tS0_S0_S0_bbbb7ap_uintILi5EES1_ILi11EEPS3_PbE8buffer_a_16_flag_4, void %arrayidx172.case.11, i1 %p_ZZ4contP7hs_is_tS0_S0_S0_bbbb7ap_uintILi5EES1_ILi11EEPS3_PbE8buffer_a_16_flag_4, void %arrayidx172.case.10, i1 %p_ZZ4contP7hs_is_tS0_S0_S0_bbbb7ap_uintILi5EES1_ILi11EEPS3_PbE8buffer_a_16_flag_4, void %arrayidx172.case.9, i1 %p_ZZ4contP7hs_is_tS0_S0_S0_bbbb7ap_uintILi5EES1_ILi11EEPS3_PbE8buffer_a_16_flag_4, void %arrayidx172.case.8, i1 %p_ZZ4contP7hs_is_tS0_S0_S0_bbbb7ap_uintILi5EES1_ILi11EEPS3_PbE8buffer_a_16_flag_4, void %arrayidx172.case.7, i1 %p_ZZ4contP7hs_is_tS0_S0_S0_bbbb7ap_uintILi5EES1_ILi11EEPS3_PbE8buffer_a_16_flag_4, void %arrayidx172.case.6, i1 %p_ZZ4contP7hs_is_tS0_S0_S0_bbbb7ap_uintILi5EES1_ILi11EEPS3_PbE8buffer_a_16_flag_4, void %arrayidx172.case.5, i1 %p_ZZ4contP7hs_is_tS0_S0_S0_bbbb7ap_uintILi5EES1_ILi11EEPS3_PbE8buffer_a_16_flag_4, void %arrayidx172.case.4, i1 %p_ZZ4contP7hs_is_tS0_S0_S0_bbbb7ap_uintILi5EES1_ILi11EEPS3_PbE8buffer_a_16_flag_4, void %arrayidx172.case.3, i1 %p_ZZ4contP7hs_is_tS0_S0_S0_bbbb7ap_uintILi5EES1_ILi11EEPS3_PbE8buffer_a_16_flag_4, void %arrayidx172.case.2, i1 %p_ZZ4contP7hs_is_tS0_S0_S0_bbbb7ap_uintILi5EES1_ILi11EEPS3_PbE8buffer_a_16_flag_4, void %arrayidx172.case.1, i1 %p_ZZ4contP7hs_is_tS0_S0_S0_bbbb7ap_uintILi5EES1_ILi11EEPS3_PbE8buffer_a_16_flag_4, void %arrayidx168.exit"   --->   Operation 261 'phi' 'p_ZZ4contP7hs_is_tS0_S0_S0_bbbb7ap_uintILi5EES1_ILi11EEPS3_PbE8buffer_a_16_flag_5' <Predicate = (state_load == 5)> <Delay = 0.00>
ST_1 : Operation 262 [1/1] (0.00ns)   --->   "%cont_hs_is_t_hs_is_t_hs_is_t_hs_is_t_bool_bool_bool_bool_ap_uint_5_ap_uint_11_ap_uint_11_bool_buffer_a_27 = phi i33 %ret_V, void %arrayidx172.case.19, i33 %ret_V, void %arrayidx172.case.18, i33 %ret_V, void %arrayidx172.case.17, i33 %ret_V_7, void %arrayidx172.case.16, i33 %ret_V, void %arrayidx172.case.15, i33 %ret_V, void %arrayidx172.case.14, i33 %ret_V, void %arrayidx172.case.13, i33 %ret_V, void %arrayidx172.case.12, i33 %ret_V, void %arrayidx172.case.11, i33 %ret_V, void %arrayidx172.case.10, i33 %ret_V, void %arrayidx172.case.9, i33 %ret_V, void %arrayidx172.case.8, i33 %ret_V, void %arrayidx172.case.7, i33 %ret_V, void %arrayidx172.case.6, i33 %ret_V, void %arrayidx172.case.5, i33 %ret_V, void %arrayidx172.case.4, i33 %ret_V, void %arrayidx172.case.3, i33 %ret_V, void %arrayidx172.case.2, i33 %ret_V, void %arrayidx172.case.1, i33 %ret_V, void %arrayidx168.exit"   --->   Operation 262 'phi' 'cont_hs_is_t_hs_is_t_hs_is_t_hs_is_t_bool_bool_bool_bool_ap_uint_5_ap_uint_11_ap_uint_11_bool_buffer_a_27' <Predicate = (state_load == 5)> <Delay = 0.00>
ST_1 : Operation 263 [1/1] (0.00ns)   --->   "%cont_hs_is_t_hs_is_t_hs_is_t_hs_is_t_bool_bool_bool_bool_ap_uint_5_ap_uint_11_ap_uint_11_bool_buffer_a_28 = phi i1 %cont_hs_is_t_hs_is_t_hs_is_t_hs_is_t_bool_bool_bool_bool_ap_uint_5_ap_uint_11_ap_uint_11_bool_buffer_a_26, void %arrayidx172.case.19, i1 %cont_hs_is_t_hs_is_t_hs_is_t_hs_is_t_bool_bool_bool_bool_ap_uint_5_ap_uint_11_ap_uint_11_bool_buffer_a_26, void %arrayidx172.case.18, i1 1, void %arrayidx172.case.17, i1 %cont_hs_is_t_hs_is_t_hs_is_t_hs_is_t_bool_bool_bool_bool_ap_uint_5_ap_uint_11_ap_uint_11_bool_buffer_a_26, void %arrayidx172.case.16, i1 %cont_hs_is_t_hs_is_t_hs_is_t_hs_is_t_bool_bool_bool_bool_ap_uint_5_ap_uint_11_ap_uint_11_bool_buffer_a_26, void %arrayidx172.case.15, i1 %cont_hs_is_t_hs_is_t_hs_is_t_hs_is_t_bool_bool_bool_bool_ap_uint_5_ap_uint_11_ap_uint_11_bool_buffer_a_26, void %arrayidx172.case.14, i1 %cont_hs_is_t_hs_is_t_hs_is_t_hs_is_t_bool_bool_bool_bool_ap_uint_5_ap_uint_11_ap_uint_11_bool_buffer_a_26, void %arrayidx172.case.13, i1 %cont_hs_is_t_hs_is_t_hs_is_t_hs_is_t_bool_bool_bool_bool_ap_uint_5_ap_uint_11_ap_uint_11_bool_buffer_a_26, void %arrayidx172.case.12, i1 %cont_hs_is_t_hs_is_t_hs_is_t_hs_is_t_bool_bool_bool_bool_ap_uint_5_ap_uint_11_ap_uint_11_bool_buffer_a_26, void %arrayidx172.case.11, i1 %cont_hs_is_t_hs_is_t_hs_is_t_hs_is_t_bool_bool_bool_bool_ap_uint_5_ap_uint_11_ap_uint_11_bool_buffer_a_26, void %arrayidx172.case.10, i1 %cont_hs_is_t_hs_is_t_hs_is_t_hs_is_t_bool_bool_bool_bool_ap_uint_5_ap_uint_11_ap_uint_11_bool_buffer_a_26, void %arrayidx172.case.9, i1 %cont_hs_is_t_hs_is_t_hs_is_t_hs_is_t_bool_bool_bool_bool_ap_uint_5_ap_uint_11_ap_uint_11_bool_buffer_a_26, void %arrayidx172.case.8, i1 %cont_hs_is_t_hs_is_t_hs_is_t_hs_is_t_bool_bool_bool_bool_ap_uint_5_ap_uint_11_ap_uint_11_bool_buffer_a_26, void %arrayidx172.case.7, i1 %cont_hs_is_t_hs_is_t_hs_is_t_hs_is_t_bool_bool_bool_bool_ap_uint_5_ap_uint_11_ap_uint_11_bool_buffer_a_26, void %arrayidx172.case.6, i1 %cont_hs_is_t_hs_is_t_hs_is_t_hs_is_t_bool_bool_bool_bool_ap_uint_5_ap_uint_11_ap_uint_11_bool_buffer_a_26, void %arrayidx172.case.5, i1 %cont_hs_is_t_hs_is_t_hs_is_t_hs_is_t_bool_bool_bool_bool_ap_uint_5_ap_uint_11_ap_uint_11_bool_buffer_a_26, void %arrayidx172.case.4, i1 %cont_hs_is_t_hs_is_t_hs_is_t_hs_is_t_bool_bool_bool_bool_ap_uint_5_ap_uint_11_ap_uint_11_bool_buffer_a_26, void %arrayidx172.case.3, i1 %cont_hs_is_t_hs_is_t_hs_is_t_hs_is_t_bool_bool_bool_bool_ap_uint_5_ap_uint_11_ap_uint_11_bool_buffer_a_26, void %arrayidx172.case.2, i1 %cont_hs_is_t_hs_is_t_hs_is_t_hs_is_t_bool_bool_bool_bool_ap_uint_5_ap_uint_11_ap_uint_11_bool_buffer_a_26, void %arrayidx172.case.1, i1 %cont_hs_is_t_hs_is_t_hs_is_t_hs_is_t_bool_bool_bool_bool_ap_uint_5_ap_uint_11_ap_uint_11_bool_buffer_a_26, void %arrayidx168.exit"   --->   Operation 263 'phi' 'cont_hs_is_t_hs_is_t_hs_is_t_hs_is_t_bool_bool_bool_bool_ap_uint_5_ap_uint_11_ap_uint_11_bool_buffer_a_28' <Predicate = (state_load == 5)> <Delay = 0.00>
ST_1 : Operation 264 [1/1] (0.00ns)   --->   "%p_ZZ4contP7hs_is_tS0_S0_S0_bbbb7ap_uintILi5EES1_ILi11EEPS3_PbE8buffer_a_17_new_5 = phi i33 %ret_V, void %arrayidx172.case.19, i33 %ret_V, void %arrayidx172.case.18, i33 %ret_V_7, void %arrayidx172.case.17, i33 %ret_V, void %arrayidx172.case.16, i33 %ret_V, void %arrayidx172.case.15, i33 %ret_V, void %arrayidx172.case.14, i33 %ret_V, void %arrayidx172.case.13, i33 %ret_V, void %arrayidx172.case.12, i33 %ret_V, void %arrayidx172.case.11, i33 %ret_V, void %arrayidx172.case.10, i33 %ret_V, void %arrayidx172.case.9, i33 %ret_V, void %arrayidx172.case.8, i33 %ret_V, void %arrayidx172.case.7, i33 %ret_V, void %arrayidx172.case.6, i33 %ret_V, void %arrayidx172.case.5, i33 %ret_V, void %arrayidx172.case.4, i33 %ret_V, void %arrayidx172.case.3, i33 %ret_V, void %arrayidx172.case.2, i33 %ret_V, void %arrayidx172.case.1, i33 %ret_V, void %arrayidx168.exit"   --->   Operation 264 'phi' 'p_ZZ4contP7hs_is_tS0_S0_S0_bbbb7ap_uintILi5EES1_ILi11EEPS3_PbE8buffer_a_17_new_5' <Predicate = (state_load == 5)> <Delay = 0.00>
ST_1 : Operation 265 [1/1] (0.00ns)   --->   "%p_ZZ4contP7hs_is_tS0_S0_S0_bbbb7ap_uintILi5EES1_ILi11EEPS3_PbE8buffer_a_18_flag_5 = phi i1 %p_ZZ4contP7hs_is_tS0_S0_S0_bbbb7ap_uintILi5EES1_ILi11EEPS3_PbE8buffer_a_18_flag_4, void %arrayidx172.case.19, i1 1, void %arrayidx172.case.18, i1 %p_ZZ4contP7hs_is_tS0_S0_S0_bbbb7ap_uintILi5EES1_ILi11EEPS3_PbE8buffer_a_18_flag_4, void %arrayidx172.case.17, i1 %p_ZZ4contP7hs_is_tS0_S0_S0_bbbb7ap_uintILi5EES1_ILi11EEPS3_PbE8buffer_a_18_flag_4, void %arrayidx172.case.16, i1 %p_ZZ4contP7hs_is_tS0_S0_S0_bbbb7ap_uintILi5EES1_ILi11EEPS3_PbE8buffer_a_18_flag_4, void %arrayidx172.case.15, i1 %p_ZZ4contP7hs_is_tS0_S0_S0_bbbb7ap_uintILi5EES1_ILi11EEPS3_PbE8buffer_a_18_flag_4, void %arrayidx172.case.14, i1 %p_ZZ4contP7hs_is_tS0_S0_S0_bbbb7ap_uintILi5EES1_ILi11EEPS3_PbE8buffer_a_18_flag_4, void %arrayidx172.case.13, i1 %p_ZZ4contP7hs_is_tS0_S0_S0_bbbb7ap_uintILi5EES1_ILi11EEPS3_PbE8buffer_a_18_flag_4, void %arrayidx172.case.12, i1 %p_ZZ4contP7hs_is_tS0_S0_S0_bbbb7ap_uintILi5EES1_ILi11EEPS3_PbE8buffer_a_18_flag_4, void %arrayidx172.case.11, i1 %p_ZZ4contP7hs_is_tS0_S0_S0_bbbb7ap_uintILi5EES1_ILi11EEPS3_PbE8buffer_a_18_flag_4, void %arrayidx172.case.10, i1 %p_ZZ4contP7hs_is_tS0_S0_S0_bbbb7ap_uintILi5EES1_ILi11EEPS3_PbE8buffer_a_18_flag_4, void %arrayidx172.case.9, i1 %p_ZZ4contP7hs_is_tS0_S0_S0_bbbb7ap_uintILi5EES1_ILi11EEPS3_PbE8buffer_a_18_flag_4, void %arrayidx172.case.8, i1 %p_ZZ4contP7hs_is_tS0_S0_S0_bbbb7ap_uintILi5EES1_ILi11EEPS3_PbE8buffer_a_18_flag_4, void %arrayidx172.case.7, i1 %p_ZZ4contP7hs_is_tS0_S0_S0_bbbb7ap_uintILi5EES1_ILi11EEPS3_PbE8buffer_a_18_flag_4, void %arrayidx172.case.6, i1 %p_ZZ4contP7hs_is_tS0_S0_S0_bbbb7ap_uintILi5EES1_ILi11EEPS3_PbE8buffer_a_18_flag_4, void %arrayidx172.case.5, i1 %p_ZZ4contP7hs_is_tS0_S0_S0_bbbb7ap_uintILi5EES1_ILi11EEPS3_PbE8buffer_a_18_flag_4, void %arrayidx172.case.4, i1 %p_ZZ4contP7hs_is_tS0_S0_S0_bbbb7ap_uintILi5EES1_ILi11EEPS3_PbE8buffer_a_18_flag_4, void %arrayidx172.case.3, i1 %p_ZZ4contP7hs_is_tS0_S0_S0_bbbb7ap_uintILi5EES1_ILi11EEPS3_PbE8buffer_a_18_flag_4, void %arrayidx172.case.2, i1 %p_ZZ4contP7hs_is_tS0_S0_S0_bbbb7ap_uintILi5EES1_ILi11EEPS3_PbE8buffer_a_18_flag_4, void %arrayidx172.case.1, i1 %p_ZZ4contP7hs_is_tS0_S0_S0_bbbb7ap_uintILi5EES1_ILi11EEPS3_PbE8buffer_a_18_flag_4, void %arrayidx168.exit"   --->   Operation 265 'phi' 'p_ZZ4contP7hs_is_tS0_S0_S0_bbbb7ap_uintILi5EES1_ILi11EEPS3_PbE8buffer_a_18_flag_5' <Predicate = (state_load == 5)> <Delay = 0.00>
ST_1 : Operation 266 [1/1] (0.00ns)   --->   "%p_ZZ4contP7hs_is_tS0_S0_S0_bbbb7ap_uintILi5EES1_ILi11EEPS3_PbE8buffer_a_18_new_5 = phi i33 %ret_V, void %arrayidx172.case.19, i33 %ret_V_7, void %arrayidx172.case.18, i33 %ret_V, void %arrayidx172.case.17, i33 %ret_V, void %arrayidx172.case.16, i33 %ret_V, void %arrayidx172.case.15, i33 %ret_V, void %arrayidx172.case.14, i33 %ret_V, void %arrayidx172.case.13, i33 %ret_V, void %arrayidx172.case.12, i33 %ret_V, void %arrayidx172.case.11, i33 %ret_V, void %arrayidx172.case.10, i33 %ret_V, void %arrayidx172.case.9, i33 %ret_V, void %arrayidx172.case.8, i33 %ret_V, void %arrayidx172.case.7, i33 %ret_V, void %arrayidx172.case.6, i33 %ret_V, void %arrayidx172.case.5, i33 %ret_V, void %arrayidx172.case.4, i33 %ret_V, void %arrayidx172.case.3, i33 %ret_V, void %arrayidx172.case.2, i33 %ret_V, void %arrayidx172.case.1, i33 %ret_V, void %arrayidx168.exit"   --->   Operation 266 'phi' 'p_ZZ4contP7hs_is_tS0_S0_S0_bbbb7ap_uintILi5EES1_ILi11EEPS3_PbE8buffer_a_18_new_5' <Predicate = (state_load == 5)> <Delay = 0.00>
ST_1 : Operation 267 [1/1] (0.00ns)   --->   "%p_ZZ4contP7hs_is_tS0_S0_S0_bbbb7ap_uintILi5EES1_ILi11EEPS3_PbE8buffer_a_19_flag_5 = phi i1 1, void %arrayidx172.case.19, i1 %p_ZZ4contP7hs_is_tS0_S0_S0_bbbb7ap_uintILi5EES1_ILi11EEPS3_PbE8buffer_a_19_flag_4, void %arrayidx172.case.18, i1 %p_ZZ4contP7hs_is_tS0_S0_S0_bbbb7ap_uintILi5EES1_ILi11EEPS3_PbE8buffer_a_19_flag_4, void %arrayidx172.case.17, i1 %p_ZZ4contP7hs_is_tS0_S0_S0_bbbb7ap_uintILi5EES1_ILi11EEPS3_PbE8buffer_a_19_flag_4, void %arrayidx172.case.16, i1 %p_ZZ4contP7hs_is_tS0_S0_S0_bbbb7ap_uintILi5EES1_ILi11EEPS3_PbE8buffer_a_19_flag_4, void %arrayidx172.case.15, i1 %p_ZZ4contP7hs_is_tS0_S0_S0_bbbb7ap_uintILi5EES1_ILi11EEPS3_PbE8buffer_a_19_flag_4, void %arrayidx172.case.14, i1 %p_ZZ4contP7hs_is_tS0_S0_S0_bbbb7ap_uintILi5EES1_ILi11EEPS3_PbE8buffer_a_19_flag_4, void %arrayidx172.case.13, i1 %p_ZZ4contP7hs_is_tS0_S0_S0_bbbb7ap_uintILi5EES1_ILi11EEPS3_PbE8buffer_a_19_flag_4, void %arrayidx172.case.12, i1 %p_ZZ4contP7hs_is_tS0_S0_S0_bbbb7ap_uintILi5EES1_ILi11EEPS3_PbE8buffer_a_19_flag_4, void %arrayidx172.case.11, i1 %p_ZZ4contP7hs_is_tS0_S0_S0_bbbb7ap_uintILi5EES1_ILi11EEPS3_PbE8buffer_a_19_flag_4, void %arrayidx172.case.10, i1 %p_ZZ4contP7hs_is_tS0_S0_S0_bbbb7ap_uintILi5EES1_ILi11EEPS3_PbE8buffer_a_19_flag_4, void %arrayidx172.case.9, i1 %p_ZZ4contP7hs_is_tS0_S0_S0_bbbb7ap_uintILi5EES1_ILi11EEPS3_PbE8buffer_a_19_flag_4, void %arrayidx172.case.8, i1 %p_ZZ4contP7hs_is_tS0_S0_S0_bbbb7ap_uintILi5EES1_ILi11EEPS3_PbE8buffer_a_19_flag_4, void %arrayidx172.case.7, i1 %p_ZZ4contP7hs_is_tS0_S0_S0_bbbb7ap_uintILi5EES1_ILi11EEPS3_PbE8buffer_a_19_flag_4, void %arrayidx172.case.6, i1 %p_ZZ4contP7hs_is_tS0_S0_S0_bbbb7ap_uintILi5EES1_ILi11EEPS3_PbE8buffer_a_19_flag_4, void %arrayidx172.case.5, i1 %p_ZZ4contP7hs_is_tS0_S0_S0_bbbb7ap_uintILi5EES1_ILi11EEPS3_PbE8buffer_a_19_flag_4, void %arrayidx172.case.4, i1 %p_ZZ4contP7hs_is_tS0_S0_S0_bbbb7ap_uintILi5EES1_ILi11EEPS3_PbE8buffer_a_19_flag_4, void %arrayidx172.case.3, i1 %p_ZZ4contP7hs_is_tS0_S0_S0_bbbb7ap_uintILi5EES1_ILi11EEPS3_PbE8buffer_a_19_flag_4, void %arrayidx172.case.2, i1 %p_ZZ4contP7hs_is_tS0_S0_S0_bbbb7ap_uintILi5EES1_ILi11EEPS3_PbE8buffer_a_19_flag_4, void %arrayidx172.case.1, i1 %p_ZZ4contP7hs_is_tS0_S0_S0_bbbb7ap_uintILi5EES1_ILi11EEPS3_PbE8buffer_a_19_flag_4, void %arrayidx168.exit"   --->   Operation 267 'phi' 'p_ZZ4contP7hs_is_tS0_S0_S0_bbbb7ap_uintILi5EES1_ILi11EEPS3_PbE8buffer_a_19_flag_5' <Predicate = (state_load == 5)> <Delay = 0.00>
ST_1 : Operation 268 [1/1] (0.00ns)   --->   "%p_ZZ4contP7hs_is_tS0_S0_S0_bbbb7ap_uintILi5EES1_ILi11EEPS3_PbE8buffer_a_19_new_5 = phi i33 %ret_V_7, void %arrayidx172.case.19, i33 %ret_V, void %arrayidx172.case.18, i33 %ret_V, void %arrayidx172.case.17, i33 %ret_V, void %arrayidx172.case.16, i33 %ret_V, void %arrayidx172.case.15, i33 %ret_V, void %arrayidx172.case.14, i33 %ret_V, void %arrayidx172.case.13, i33 %ret_V, void %arrayidx172.case.12, i33 %ret_V, void %arrayidx172.case.11, i33 %ret_V, void %arrayidx172.case.10, i33 %ret_V, void %arrayidx172.case.9, i33 %ret_V, void %arrayidx172.case.8, i33 %ret_V, void %arrayidx172.case.7, i33 %ret_V, void %arrayidx172.case.6, i33 %ret_V, void %arrayidx172.case.5, i33 %ret_V, void %arrayidx172.case.4, i33 %ret_V, void %arrayidx172.case.3, i33 %ret_V, void %arrayidx172.case.2, i33 %ret_V, void %arrayidx172.case.1, i33 %ret_V, void %arrayidx168.exit"   --->   Operation 268 'phi' 'p_ZZ4contP7hs_is_tS0_S0_S0_bbbb7ap_uintILi5EES1_ILi11EEPS3_PbE8buffer_a_19_new_5' <Predicate = (state_load == 5)> <Delay = 0.00>
ST_1 : Operation 269 [1/1] (0.00ns)   --->   "%lhs_V_2 = load i32 %tmp_im_x_V"   --->   Operation 269 'load' 'lhs_V_2' <Predicate = (state_load == 5)> <Delay = 0.00>
ST_1 : Operation 270 [1/1] (0.00ns)   --->   "%sext_ln186_6 = sext i32 %lhs_V_2"   --->   Operation 270 'sext' 'sext_ln186_6' <Predicate = (state_load == 5)> <Delay = 0.00>
ST_1 : Operation 271 [1/1] (0.00ns)   --->   "%rhs_V_2 = load i32 %tmp_im_y_V"   --->   Operation 271 'load' 'rhs_V_2' <Predicate = (state_load == 5)> <Delay = 0.00>
ST_1 : Operation 272 [1/1] (0.00ns)   --->   "%sext_ln186_7 = sext i32 %rhs_V_2"   --->   Operation 272 'sext' 'sext_ln186_7' <Predicate = (state_load == 5)> <Delay = 0.00>
ST_1 : Operation 273 [1/1] (1.01ns)   --->   "%ret_V_8 = add i33 %sext_ln186_7, i33 %sext_ln186_6"   --->   Operation 273 'add' 'ret_V_8' <Predicate = (state_load == 5)> <Delay = 1.01> <CoreInst = "Adder">   --->   Core 1 'Adder' <Latency = 0> <II = 1> <Delay = 1.01> <FuncUnit> <Opcode : 'add' 'sub'> <InPorts = 2> <OutPorts = 1>
ST_1 : Operation 274 [1/1] (0.44ns)   --->   "%switch_ln298 = switch i5 %trunc_ln292, void %arrayidx176.case.19, i5 0, void %arrayidx176.exit, i5 1, void %arrayidx176.case.1, i5 2, void %arrayidx176.case.2, i5 3, void %arrayidx176.case.3, i5 4, void %arrayidx176.case.4, i5 5, void %arrayidx176.case.5, i5 6, void %arrayidx176.case.6, i5 7, void %arrayidx176.case.7, i5 8, void %arrayidx176.case.8, i5 9, void %arrayidx176.case.9, i5 10, void %arrayidx176.case.10, i5 11, void %arrayidx176.case.11, i5 12, void %arrayidx176.case.12, i5 13, void %arrayidx176.case.13, i5 14, void %arrayidx176.case.14, i5 15, void %arrayidx176.case.15, i5 16, void %arrayidx176.case.16, i5 17, void %arrayidx176.case.17, i5 18, void %arrayidx176.case.18" [FFT/FFT.cpp:298]   --->   Operation 274 'switch' 'switch_ln298' <Predicate = (state_load == 5)> <Delay = 0.44>
ST_1 : Operation 275 [1/1] (0.42ns)   --->   "%br_ln298 = br void %arrayidx176.exit" [FFT/FFT.cpp:298]   --->   Operation 275 'br' 'br_ln298' <Predicate = (state_load == 5 & trunc_ln292 == 18)> <Delay = 0.42>
ST_1 : Operation 276 [1/1] (0.42ns)   --->   "%br_ln298 = br void %arrayidx176.exit" [FFT/FFT.cpp:298]   --->   Operation 276 'br' 'br_ln298' <Predicate = (state_load == 5 & trunc_ln292 == 17)> <Delay = 0.42>
ST_1 : Operation 277 [1/1] (0.42ns)   --->   "%br_ln298 = br void %arrayidx176.exit" [FFT/FFT.cpp:298]   --->   Operation 277 'br' 'br_ln298' <Predicate = (state_load == 5 & trunc_ln292 == 16)> <Delay = 0.42>
ST_1 : Operation 278 [1/1] (0.42ns)   --->   "%br_ln298 = br void %arrayidx176.exit" [FFT/FFT.cpp:298]   --->   Operation 278 'br' 'br_ln298' <Predicate = (state_load == 5 & trunc_ln292 == 15)> <Delay = 0.42>
ST_1 : Operation 279 [1/1] (0.42ns)   --->   "%br_ln298 = br void %arrayidx176.exit" [FFT/FFT.cpp:298]   --->   Operation 279 'br' 'br_ln298' <Predicate = (state_load == 5 & trunc_ln292 == 14)> <Delay = 0.42>
ST_1 : Operation 280 [1/1] (0.42ns)   --->   "%br_ln298 = br void %arrayidx176.exit" [FFT/FFT.cpp:298]   --->   Operation 280 'br' 'br_ln298' <Predicate = (state_load == 5 & trunc_ln292 == 13)> <Delay = 0.42>
ST_1 : Operation 281 [1/1] (0.42ns)   --->   "%br_ln298 = br void %arrayidx176.exit" [FFT/FFT.cpp:298]   --->   Operation 281 'br' 'br_ln298' <Predicate = (state_load == 5 & trunc_ln292 == 12)> <Delay = 0.42>
ST_1 : Operation 282 [1/1] (0.42ns)   --->   "%br_ln298 = br void %arrayidx176.exit" [FFT/FFT.cpp:298]   --->   Operation 282 'br' 'br_ln298' <Predicate = (state_load == 5 & trunc_ln292 == 11)> <Delay = 0.42>
ST_1 : Operation 283 [1/1] (0.42ns)   --->   "%br_ln298 = br void %arrayidx176.exit" [FFT/FFT.cpp:298]   --->   Operation 283 'br' 'br_ln298' <Predicate = (state_load == 5 & trunc_ln292 == 10)> <Delay = 0.42>
ST_1 : Operation 284 [1/1] (0.42ns)   --->   "%br_ln298 = br void %arrayidx176.exit" [FFT/FFT.cpp:298]   --->   Operation 284 'br' 'br_ln298' <Predicate = (state_load == 5 & trunc_ln292 == 9)> <Delay = 0.42>
ST_1 : Operation 285 [1/1] (0.42ns)   --->   "%br_ln298 = br void %arrayidx176.exit" [FFT/FFT.cpp:298]   --->   Operation 285 'br' 'br_ln298' <Predicate = (state_load == 5 & trunc_ln292 == 8)> <Delay = 0.42>
ST_1 : Operation 286 [1/1] (0.42ns)   --->   "%br_ln298 = br void %arrayidx176.exit" [FFT/FFT.cpp:298]   --->   Operation 286 'br' 'br_ln298' <Predicate = (state_load == 5 & trunc_ln292 == 7)> <Delay = 0.42>
ST_1 : Operation 287 [1/1] (0.42ns)   --->   "%br_ln298 = br void %arrayidx176.exit" [FFT/FFT.cpp:298]   --->   Operation 287 'br' 'br_ln298' <Predicate = (state_load == 5 & trunc_ln292 == 6)> <Delay = 0.42>
ST_1 : Operation 288 [1/1] (0.42ns)   --->   "%br_ln298 = br void %arrayidx176.exit" [FFT/FFT.cpp:298]   --->   Operation 288 'br' 'br_ln298' <Predicate = (state_load == 5 & trunc_ln292 == 5)> <Delay = 0.42>
ST_1 : Operation 289 [1/1] (0.42ns)   --->   "%br_ln298 = br void %arrayidx176.exit" [FFT/FFT.cpp:298]   --->   Operation 289 'br' 'br_ln298' <Predicate = (state_load == 5 & trunc_ln292 == 4)> <Delay = 0.42>
ST_1 : Operation 290 [1/1] (0.42ns)   --->   "%br_ln298 = br void %arrayidx176.exit" [FFT/FFT.cpp:298]   --->   Operation 290 'br' 'br_ln298' <Predicate = (state_load == 5 & trunc_ln292 == 3)> <Delay = 0.42>
ST_1 : Operation 291 [1/1] (0.42ns)   --->   "%br_ln298 = br void %arrayidx176.exit" [FFT/FFT.cpp:298]   --->   Operation 291 'br' 'br_ln298' <Predicate = (state_load == 5 & trunc_ln292 == 2)> <Delay = 0.42>
ST_1 : Operation 292 [1/1] (0.42ns)   --->   "%br_ln298 = br void %arrayidx176.exit" [FFT/FFT.cpp:298]   --->   Operation 292 'br' 'br_ln298' <Predicate = (state_load == 5 & trunc_ln292 == 1)> <Delay = 0.42>
ST_1 : Operation 293 [1/1] (0.42ns)   --->   "%br_ln298 = br void %arrayidx176.exit" [FFT/FFT.cpp:298]   --->   Operation 293 'br' 'br_ln298' <Predicate = (state_load == 5 & trunc_ln292 != 0 & trunc_ln292 != 1 & trunc_ln292 != 2 & trunc_ln292 != 3 & trunc_ln292 != 4 & trunc_ln292 != 5 & trunc_ln292 != 6 & trunc_ln292 != 7 & trunc_ln292 != 8 & trunc_ln292 != 9 & trunc_ln292 != 10 & trunc_ln292 != 11 & trunc_ln292 != 12 & trunc_ln292 != 13 & trunc_ln292 != 14 & trunc_ln292 != 15 & trunc_ln292 != 16 & trunc_ln292 != 17 & trunc_ln292 != 18)> <Delay = 0.42>
ST_1 : Operation 294 [1/1] (0.00ns)   --->   "%cont_hs_is_t_hs_is_t_hs_is_t_hs_is_t_bool_bool_bool_bool_ap_uint_ap_uint_ap_112 = phi i1 0, void %arrayidx176.case.19, i1 0, void %arrayidx176.case.18, i1 0, void %arrayidx176.case.17, i1 0, void %arrayidx176.case.16, i1 0, void %arrayidx176.case.15, i1 0, void %arrayidx176.case.14, i1 0, void %arrayidx176.case.13, i1 0, void %arrayidx176.case.12, i1 0, void %arrayidx176.case.11, i1 0, void %arrayidx176.case.10, i1 0, void %arrayidx176.case.9, i1 0, void %arrayidx176.case.8, i1 0, void %arrayidx176.case.7, i1 0, void %arrayidx176.case.6, i1 0, void %arrayidx176.case.5, i1 0, void %arrayidx176.case.4, i1 0, void %arrayidx176.case.3, i1 0, void %arrayidx176.case.2, i1 0, void %arrayidx176.case.1, i1 1, void %arrayidx172.exit"   --->   Operation 294 'phi' 'cont_hs_is_t_hs_is_t_hs_is_t_hs_is_t_bool_bool_bool_bool_ap_uint_ap_uint_ap_112' <Predicate = (state_load == 5)> <Delay = 0.00>
ST_1 : Operation 295 [1/1] (0.00ns)   --->   "%cont_hs_is_t_hs_is_t_hs_is_t_hs_is_t_bool_bool_bool_bool_ap_uint_ap_uint_ap_113 = phi i1 0, void %arrayidx176.case.19, i1 0, void %arrayidx176.case.18, i1 0, void %arrayidx176.case.17, i1 0, void %arrayidx176.case.16, i1 0, void %arrayidx176.case.15, i1 0, void %arrayidx176.case.14, i1 0, void %arrayidx176.case.13, i1 0, void %arrayidx176.case.12, i1 0, void %arrayidx176.case.11, i1 0, void %arrayidx176.case.10, i1 0, void %arrayidx176.case.9, i1 0, void %arrayidx176.case.8, i1 0, void %arrayidx176.case.7, i1 0, void %arrayidx176.case.6, i1 0, void %arrayidx176.case.5, i1 0, void %arrayidx176.case.4, i1 0, void %arrayidx176.case.3, i1 0, void %arrayidx176.case.2, i1 1, void %arrayidx176.case.1, i1 0, void %arrayidx172.exit"   --->   Operation 295 'phi' 'cont_hs_is_t_hs_is_t_hs_is_t_hs_is_t_bool_bool_bool_bool_ap_uint_ap_uint_ap_113' <Predicate = (state_load == 5)> <Delay = 0.00>
ST_1 : Operation 296 [1/1] (0.00ns)   --->   "%cont_hs_is_t_hs_is_t_hs_is_t_hs_is_t_bool_bool_bool_bool_ap_uint_ap_uint_ap_114 = phi i1 0, void %arrayidx176.case.19, i1 0, void %arrayidx176.case.18, i1 0, void %arrayidx176.case.17, i1 0, void %arrayidx176.case.16, i1 0, void %arrayidx176.case.15, i1 0, void %arrayidx176.case.14, i1 0, void %arrayidx176.case.13, i1 0, void %arrayidx176.case.12, i1 0, void %arrayidx176.case.11, i1 0, void %arrayidx176.case.10, i1 0, void %arrayidx176.case.9, i1 0, void %arrayidx176.case.8, i1 0, void %arrayidx176.case.7, i1 0, void %arrayidx176.case.6, i1 0, void %arrayidx176.case.5, i1 0, void %arrayidx176.case.4, i1 0, void %arrayidx176.case.3, i1 1, void %arrayidx176.case.2, i1 0, void %arrayidx176.case.1, i1 0, void %arrayidx172.exit"   --->   Operation 296 'phi' 'cont_hs_is_t_hs_is_t_hs_is_t_hs_is_t_bool_bool_bool_bool_ap_uint_ap_uint_ap_114' <Predicate = (state_load == 5)> <Delay = 0.00>
ST_1 : Operation 297 [1/1] (0.00ns)   --->   "%cont_hs_is_t_hs_is_t_hs_is_t_hs_is_t_bool_bool_bool_bool_ap_uint_ap_uint_ap_115 = phi i1 0, void %arrayidx176.case.19, i1 0, void %arrayidx176.case.18, i1 0, void %arrayidx176.case.17, i1 0, void %arrayidx176.case.16, i1 0, void %arrayidx176.case.15, i1 0, void %arrayidx176.case.14, i1 0, void %arrayidx176.case.13, i1 0, void %arrayidx176.case.12, i1 0, void %arrayidx176.case.11, i1 0, void %arrayidx176.case.10, i1 0, void %arrayidx176.case.9, i1 0, void %arrayidx176.case.8, i1 0, void %arrayidx176.case.7, i1 0, void %arrayidx176.case.6, i1 0, void %arrayidx176.case.5, i1 0, void %arrayidx176.case.4, i1 1, void %arrayidx176.case.3, i1 0, void %arrayidx176.case.2, i1 0, void %arrayidx176.case.1, i1 0, void %arrayidx172.exit"   --->   Operation 297 'phi' 'cont_hs_is_t_hs_is_t_hs_is_t_hs_is_t_bool_bool_bool_bool_ap_uint_ap_uint_ap_115' <Predicate = (state_load == 5)> <Delay = 0.00>
ST_1 : Operation 298 [1/1] (0.00ns)   --->   "%cont_hs_is_t_hs_is_t_hs_is_t_hs_is_t_bool_bool_bool_bool_ap_uint_ap_uint_ap_116 = phi i1 0, void %arrayidx176.case.19, i1 0, void %arrayidx176.case.18, i1 0, void %arrayidx176.case.17, i1 0, void %arrayidx176.case.16, i1 0, void %arrayidx176.case.15, i1 0, void %arrayidx176.case.14, i1 0, void %arrayidx176.case.13, i1 0, void %arrayidx176.case.12, i1 0, void %arrayidx176.case.11, i1 0, void %arrayidx176.case.10, i1 0, void %arrayidx176.case.9, i1 0, void %arrayidx176.case.8, i1 0, void %arrayidx176.case.7, i1 0, void %arrayidx176.case.6, i1 0, void %arrayidx176.case.5, i1 1, void %arrayidx176.case.4, i1 0, void %arrayidx176.case.3, i1 0, void %arrayidx176.case.2, i1 0, void %arrayidx176.case.1, i1 0, void %arrayidx172.exit"   --->   Operation 298 'phi' 'cont_hs_is_t_hs_is_t_hs_is_t_hs_is_t_bool_bool_bool_bool_ap_uint_ap_uint_ap_116' <Predicate = (state_load == 5)> <Delay = 0.00>
ST_1 : Operation 299 [1/1] (0.00ns)   --->   "%cont_hs_is_t_hs_is_t_hs_is_t_hs_is_t_bool_bool_bool_bool_ap_uint_ap_uint_ap_117 = phi i1 0, void %arrayidx176.case.19, i1 0, void %arrayidx176.case.18, i1 0, void %arrayidx176.case.17, i1 0, void %arrayidx176.case.16, i1 0, void %arrayidx176.case.15, i1 0, void %arrayidx176.case.14, i1 0, void %arrayidx176.case.13, i1 0, void %arrayidx176.case.12, i1 0, void %arrayidx176.case.11, i1 0, void %arrayidx176.case.10, i1 0, void %arrayidx176.case.9, i1 0, void %arrayidx176.case.8, i1 0, void %arrayidx176.case.7, i1 0, void %arrayidx176.case.6, i1 1, void %arrayidx176.case.5, i1 0, void %arrayidx176.case.4, i1 0, void %arrayidx176.case.3, i1 0, void %arrayidx176.case.2, i1 0, void %arrayidx176.case.1, i1 0, void %arrayidx172.exit"   --->   Operation 299 'phi' 'cont_hs_is_t_hs_is_t_hs_is_t_hs_is_t_bool_bool_bool_bool_ap_uint_ap_uint_ap_117' <Predicate = (state_load == 5)> <Delay = 0.00>
ST_1 : Operation 300 [1/1] (0.00ns)   --->   "%cont_hs_is_t_hs_is_t_hs_is_t_hs_is_t_bool_bool_bool_bool_ap_uint_ap_uint_ap_118 = phi i1 0, void %arrayidx176.case.19, i1 0, void %arrayidx176.case.18, i1 0, void %arrayidx176.case.17, i1 0, void %arrayidx176.case.16, i1 0, void %arrayidx176.case.15, i1 0, void %arrayidx176.case.14, i1 0, void %arrayidx176.case.13, i1 0, void %arrayidx176.case.12, i1 0, void %arrayidx176.case.11, i1 0, void %arrayidx176.case.10, i1 0, void %arrayidx176.case.9, i1 0, void %arrayidx176.case.8, i1 0, void %arrayidx176.case.7, i1 1, void %arrayidx176.case.6, i1 0, void %arrayidx176.case.5, i1 0, void %arrayidx176.case.4, i1 0, void %arrayidx176.case.3, i1 0, void %arrayidx176.case.2, i1 0, void %arrayidx176.case.1, i1 0, void %arrayidx172.exit"   --->   Operation 300 'phi' 'cont_hs_is_t_hs_is_t_hs_is_t_hs_is_t_bool_bool_bool_bool_ap_uint_ap_uint_ap_118' <Predicate = (state_load == 5)> <Delay = 0.00>
ST_1 : Operation 301 [1/1] (0.00ns)   --->   "%cont_hs_is_t_hs_is_t_hs_is_t_hs_is_t_bool_bool_bool_bool_ap_uint_ap_uint_ap_119 = phi i1 0, void %arrayidx176.case.19, i1 0, void %arrayidx176.case.18, i1 0, void %arrayidx176.case.17, i1 0, void %arrayidx176.case.16, i1 0, void %arrayidx176.case.15, i1 0, void %arrayidx176.case.14, i1 0, void %arrayidx176.case.13, i1 0, void %arrayidx176.case.12, i1 0, void %arrayidx176.case.11, i1 0, void %arrayidx176.case.10, i1 0, void %arrayidx176.case.9, i1 0, void %arrayidx176.case.8, i1 1, void %arrayidx176.case.7, i1 0, void %arrayidx176.case.6, i1 0, void %arrayidx176.case.5, i1 0, void %arrayidx176.case.4, i1 0, void %arrayidx176.case.3, i1 0, void %arrayidx176.case.2, i1 0, void %arrayidx176.case.1, i1 0, void %arrayidx172.exit"   --->   Operation 301 'phi' 'cont_hs_is_t_hs_is_t_hs_is_t_hs_is_t_bool_bool_bool_bool_ap_uint_ap_uint_ap_119' <Predicate = (state_load == 5)> <Delay = 0.00>
ST_1 : Operation 302 [1/1] (0.00ns)   --->   "%cont_hs_is_t_hs_is_t_hs_is_t_hs_is_t_bool_bool_bool_bool_ap_uint_ap_uint_ap_120 = phi i1 0, void %arrayidx176.case.19, i1 0, void %arrayidx176.case.18, i1 0, void %arrayidx176.case.17, i1 0, void %arrayidx176.case.16, i1 0, void %arrayidx176.case.15, i1 0, void %arrayidx176.case.14, i1 0, void %arrayidx176.case.13, i1 0, void %arrayidx176.case.12, i1 0, void %arrayidx176.case.11, i1 0, void %arrayidx176.case.10, i1 0, void %arrayidx176.case.9, i1 1, void %arrayidx176.case.8, i1 0, void %arrayidx176.case.7, i1 0, void %arrayidx176.case.6, i1 0, void %arrayidx176.case.5, i1 0, void %arrayidx176.case.4, i1 0, void %arrayidx176.case.3, i1 0, void %arrayidx176.case.2, i1 0, void %arrayidx176.case.1, i1 0, void %arrayidx172.exit"   --->   Operation 302 'phi' 'cont_hs_is_t_hs_is_t_hs_is_t_hs_is_t_bool_bool_bool_bool_ap_uint_ap_uint_ap_120' <Predicate = (state_load == 5)> <Delay = 0.00>
ST_1 : Operation 303 [1/1] (0.00ns)   --->   "%cont_hs_is_t_hs_is_t_hs_is_t_hs_is_t_bool_bool_bool_bool_ap_uint_ap_uint_ap_121 = phi i1 0, void %arrayidx176.case.19, i1 0, void %arrayidx176.case.18, i1 0, void %arrayidx176.case.17, i1 0, void %arrayidx176.case.16, i1 0, void %arrayidx176.case.15, i1 0, void %arrayidx176.case.14, i1 0, void %arrayidx176.case.13, i1 0, void %arrayidx176.case.12, i1 0, void %arrayidx176.case.11, i1 0, void %arrayidx176.case.10, i1 1, void %arrayidx176.case.9, i1 0, void %arrayidx176.case.8, i1 0, void %arrayidx176.case.7, i1 0, void %arrayidx176.case.6, i1 0, void %arrayidx176.case.5, i1 0, void %arrayidx176.case.4, i1 0, void %arrayidx176.case.3, i1 0, void %arrayidx176.case.2, i1 0, void %arrayidx176.case.1, i1 0, void %arrayidx172.exit"   --->   Operation 303 'phi' 'cont_hs_is_t_hs_is_t_hs_is_t_hs_is_t_bool_bool_bool_bool_ap_uint_ap_uint_ap_121' <Predicate = (state_load == 5)> <Delay = 0.00>
ST_1 : Operation 304 [1/1] (0.00ns)   --->   "%p_ZZ4contP7hs_is_tS0_S0_S0_bbbb7ap_uintILi5EES1_ILi11EEPS3_PbE8buffer_b_10_flag_4 = phi i1 0, void %arrayidx176.case.19, i1 0, void %arrayidx176.case.18, i1 0, void %arrayidx176.case.17, i1 0, void %arrayidx176.case.16, i1 0, void %arrayidx176.case.15, i1 0, void %arrayidx176.case.14, i1 0, void %arrayidx176.case.13, i1 0, void %arrayidx176.case.12, i1 0, void %arrayidx176.case.11, i1 1, void %arrayidx176.case.10, i1 0, void %arrayidx176.case.9, i1 0, void %arrayidx176.case.8, i1 0, void %arrayidx176.case.7, i1 0, void %arrayidx176.case.6, i1 0, void %arrayidx176.case.5, i1 0, void %arrayidx176.case.4, i1 0, void %arrayidx176.case.3, i1 0, void %arrayidx176.case.2, i1 0, void %arrayidx176.case.1, i1 0, void %arrayidx172.exit"   --->   Operation 304 'phi' 'p_ZZ4contP7hs_is_tS0_S0_S0_bbbb7ap_uintILi5EES1_ILi11EEPS3_PbE8buffer_b_10_flag_4' <Predicate = (state_load == 5)> <Delay = 0.00>
ST_1 : Operation 305 [1/1] (0.00ns)   --->   "%cont_mulmulmulmulmulmulhs_is_t_hs_is_t_hs_is_t_hs_is_t_bool_bool_bool_bool_ap_uint_5_ap_uint_11_ap_uint_11_bool_buffer_b_float_long_signed_char_float128_4 = phi i1 0, void %arrayidx176.case.19, i1 0, void %arrayidx176.case.18, i1 0, void %arrayidx176.case.17, i1 0, void %arrayidx176.case.16, i1 0, void %arrayidx176.case.15, i1 0, void %arrayidx176.case.14, i1 0, void %arrayidx176.case.13, i1 0, void %arrayidx176.case.12, i1 1, void %arrayidx176.case.11, i1 0, void %arrayidx176.case.10, i1 0, void %arrayidx176.case.9, i1 0, void %arrayidx176.case.8, i1 0, void %arrayidx176.case.7, i1 0, void %arrayidx176.case.6, i1 0, void %arrayidx176.case.5, i1 0, void %arrayidx176.case.4, i1 0, void %arrayidx176.case.3, i1 0, void %arrayidx176.case.2, i1 0, void %arrayidx176.case.1, i1 0, void %arrayidx172.exit"   --->   Operation 305 'phi' 'cont_mulmulmulmulmulmulhs_is_t_hs_is_t_hs_is_t_hs_is_t_bool_bool_bool_bool_ap_uint_5_ap_uint_11_ap_uint_11_bool_buffer_b_float_long_signed_char_float128_4' <Predicate = (state_load == 5)> <Delay = 0.00>
ST_1 : Operation 306 [1/1] (0.00ns)   --->   "%cont_mulmulmulmulmulmulhs_is_t_hs_is_t_hs_is_t_hs_is_t_bool_bool_bool_bool_ap_uint_5_ap_uint_11_ap_uint_11_bool_buffer_b_f_long_signed_char_float128_4 = phi i1 0, void %arrayidx176.case.19, i1 0, void %arrayidx176.case.18, i1 0, void %arrayidx176.case.17, i1 0, void %arrayidx176.case.16, i1 0, void %arrayidx176.case.15, i1 0, void %arrayidx176.case.14, i1 0, void %arrayidx176.case.13, i1 1, void %arrayidx176.case.12, i1 0, void %arrayidx176.case.11, i1 0, void %arrayidx176.case.10, i1 0, void %arrayidx176.case.9, i1 0, void %arrayidx176.case.8, i1 0, void %arrayidx176.case.7, i1 0, void %arrayidx176.case.6, i1 0, void %arrayidx176.case.5, i1 0, void %arrayidx176.case.4, i1 0, void %arrayidx176.case.3, i1 0, void %arrayidx176.case.2, i1 0, void %arrayidx176.case.1, i1 0, void %arrayidx172.exit"   --->   Operation 306 'phi' 'cont_mulmulmulmulmulmulhs_is_t_hs_is_t_hs_is_t_hs_is_t_bool_bool_bool_bool_ap_uint_5_ap_uint_11_ap_uint_11_bool_buffer_b_f_long_signed_char_float128_4' <Predicate = (state_load == 5)> <Delay = 0.00>
ST_1 : Operation 307 [1/1] (0.00ns)   --->   "%cont_mulmulmulmulmulmulhs_is_t_hs_is_t_hs_is_t_hs_is_t_bool_bool_bool_bool_ap_uint_5_ap_uint_11_ap_uint_11_bool_buffer_b_fl_signed_char_float128_4 = phi i1 0, void %arrayidx176.case.19, i1 0, void %arrayidx176.case.18, i1 0, void %arrayidx176.case.17, i1 0, void %arrayidx176.case.16, i1 0, void %arrayidx176.case.15, i1 0, void %arrayidx176.case.14, i1 1, void %arrayidx176.case.13, i1 0, void %arrayidx176.case.12, i1 0, void %arrayidx176.case.11, i1 0, void %arrayidx176.case.10, i1 0, void %arrayidx176.case.9, i1 0, void %arrayidx176.case.8, i1 0, void %arrayidx176.case.7, i1 0, void %arrayidx176.case.6, i1 0, void %arrayidx176.case.5, i1 0, void %arrayidx176.case.4, i1 0, void %arrayidx176.case.3, i1 0, void %arrayidx176.case.2, i1 0, void %arrayidx176.case.1, i1 0, void %arrayidx172.exit"   --->   Operation 307 'phi' 'cont_mulmulmulmulmulmulhs_is_t_hs_is_t_hs_is_t_hs_is_t_bool_bool_bool_bool_ap_uint_5_ap_uint_11_ap_uint_11_bool_buffer_b_fl_signed_char_float128_4' <Predicate = (state_load == 5)> <Delay = 0.00>
ST_1 : Operation 308 [1/1] (0.00ns)   --->   "%cont_mulmulmulmulmulmulhs_is_t_hs_is_t_hs_is_t_hs_is_t_bool_bool_bool_bool_ap_uint_5_ap_uint_11_ap_uint_11_bool_buffer_b_fla_float128_4 = phi i1 0, void %arrayidx176.case.19, i1 0, void %arrayidx176.case.18, i1 0, void %arrayidx176.case.17, i1 0, void %arrayidx176.case.16, i1 0, void %arrayidx176.case.15, i1 1, void %arrayidx176.case.14, i1 0, void %arrayidx176.case.13, i1 0, void %arrayidx176.case.12, i1 0, void %arrayidx176.case.11, i1 0, void %arrayidx176.case.10, i1 0, void %arrayidx176.case.9, i1 0, void %arrayidx176.case.8, i1 0, void %arrayidx176.case.7, i1 0, void %arrayidx176.case.6, i1 0, void %arrayidx176.case.5, i1 0, void %arrayidx176.case.4, i1 0, void %arrayidx176.case.3, i1 0, void %arrayidx176.case.2, i1 0, void %arrayidx176.case.1, i1 0, void %arrayidx172.exit"   --->   Operation 308 'phi' 'cont_mulmulmulmulmulmulhs_is_t_hs_is_t_hs_is_t_hs_is_t_bool_bool_bool_bool_ap_uint_5_ap_uint_11_ap_uint_11_bool_buffer_b_fla_float128_4' <Predicate = (state_load == 5)> <Delay = 0.00>
ST_1 : Operation 309 [1/1] (0.00ns)   --->   "%cont_mulmulmulmulmulmulhs_is_t_hs_is_t_hs_is_t_hs_is_t_bool_bool_bool_bool_ap_uint_5_ap_uint_11_ap_uint_11_bool_buffer_b_flag_4 = phi i1 0, void %arrayidx176.case.19, i1 0, void %arrayidx176.case.18, i1 0, void %arrayidx176.case.17, i1 0, void %arrayidx176.case.16, i1 1, void %arrayidx176.case.15, i1 0, void %arrayidx176.case.14, i1 0, void %arrayidx176.case.13, i1 0, void %arrayidx176.case.12, i1 0, void %arrayidx176.case.11, i1 0, void %arrayidx176.case.10, i1 0, void %arrayidx176.case.9, i1 0, void %arrayidx176.case.8, i1 0, void %arrayidx176.case.7, i1 0, void %arrayidx176.case.6, i1 0, void %arrayidx176.case.5, i1 0, void %arrayidx176.case.4, i1 0, void %arrayidx176.case.3, i1 0, void %arrayidx176.case.2, i1 0, void %arrayidx176.case.1, i1 0, void %arrayidx172.exit"   --->   Operation 309 'phi' 'cont_mulmulmulmulmulmulhs_is_t_hs_is_t_hs_is_t_hs_is_t_bool_bool_bool_bool_ap_uint_5_ap_uint_11_ap_uint_11_bool_buffer_b_flag_4' <Predicate = (state_load == 5)> <Delay = 0.00>
ST_1 : Operation 310 [1/1] (0.00ns)   --->   "%p_ZZ4contP7hs_is_tS0_S0_S0_bbbb7ap_uintILi5EES1_ILi11EEPS3_PbE8buffer_b_16_flag_4 = phi i1 0, void %arrayidx176.case.19, i1 0, void %arrayidx176.case.18, i1 0, void %arrayidx176.case.17, i1 1, void %arrayidx176.case.16, i1 0, void %arrayidx176.case.15, i1 0, void %arrayidx176.case.14, i1 0, void %arrayidx176.case.13, i1 0, void %arrayidx176.case.12, i1 0, void %arrayidx176.case.11, i1 0, void %arrayidx176.case.10, i1 0, void %arrayidx176.case.9, i1 0, void %arrayidx176.case.8, i1 0, void %arrayidx176.case.7, i1 0, void %arrayidx176.case.6, i1 0, void %arrayidx176.case.5, i1 0, void %arrayidx176.case.4, i1 0, void %arrayidx176.case.3, i1 0, void %arrayidx176.case.2, i1 0, void %arrayidx176.case.1, i1 0, void %arrayidx172.exit"   --->   Operation 310 'phi' 'p_ZZ4contP7hs_is_tS0_S0_S0_bbbb7ap_uintILi5EES1_ILi11EEPS3_PbE8buffer_b_16_flag_4' <Predicate = (state_load == 5)> <Delay = 0.00>
ST_1 : Operation 311 [1/1] (0.00ns)   --->   "%cont_hs_is_t_hs_is_t_hs_is_t_hs_is_t_bool_bool_bool_bool_ap_uint_5_ap_uint_11_ap_uint_11_bool_buffer_b_29 = phi i1 0, void %arrayidx176.case.19, i1 0, void %arrayidx176.case.18, i1 1, void %arrayidx176.case.17, i1 0, void %arrayidx176.case.16, i1 0, void %arrayidx176.case.15, i1 0, void %arrayidx176.case.14, i1 0, void %arrayidx176.case.13, i1 0, void %arrayidx176.case.12, i1 0, void %arrayidx176.case.11, i1 0, void %arrayidx176.case.10, i1 0, void %arrayidx176.case.9, i1 0, void %arrayidx176.case.8, i1 0, void %arrayidx176.case.7, i1 0, void %arrayidx176.case.6, i1 0, void %arrayidx176.case.5, i1 0, void %arrayidx176.case.4, i1 0, void %arrayidx176.case.3, i1 0, void %arrayidx176.case.2, i1 0, void %arrayidx176.case.1, i1 0, void %arrayidx172.exit"   --->   Operation 311 'phi' 'cont_hs_is_t_hs_is_t_hs_is_t_hs_is_t_bool_bool_bool_bool_ap_uint_5_ap_uint_11_ap_uint_11_bool_buffer_b_29' <Predicate = (state_load == 5)> <Delay = 0.00>
ST_1 : Operation 312 [1/1] (0.00ns)   --->   "%p_ZZ4contP7hs_is_tS0_S0_S0_bbbb7ap_uintILi5EES1_ILi11EEPS3_PbE8buffer_b_18_flag_4 = phi i1 0, void %arrayidx176.case.19, i1 1, void %arrayidx176.case.18, i1 0, void %arrayidx176.case.17, i1 0, void %arrayidx176.case.16, i1 0, void %arrayidx176.case.15, i1 0, void %arrayidx176.case.14, i1 0, void %arrayidx176.case.13, i1 0, void %arrayidx176.case.12, i1 0, void %arrayidx176.case.11, i1 0, void %arrayidx176.case.10, i1 0, void %arrayidx176.case.9, i1 0, void %arrayidx176.case.8, i1 0, void %arrayidx176.case.7, i1 0, void %arrayidx176.case.6, i1 0, void %arrayidx176.case.5, i1 0, void %arrayidx176.case.4, i1 0, void %arrayidx176.case.3, i1 0, void %arrayidx176.case.2, i1 0, void %arrayidx176.case.1, i1 0, void %arrayidx172.exit"   --->   Operation 312 'phi' 'p_ZZ4contP7hs_is_tS0_S0_S0_bbbb7ap_uintILi5EES1_ILi11EEPS3_PbE8buffer_b_18_flag_4' <Predicate = (state_load == 5)> <Delay = 0.00>
ST_1 : Operation 313 [1/1] (0.00ns)   --->   "%p_ZZ4contP7hs_is_tS0_S0_S0_bbbb7ap_uintILi5EES1_ILi11EEPS3_PbE8buffer_b_19_flag_4 = phi i1 1, void %arrayidx176.case.19, i1 0, void %arrayidx176.case.18, i1 0, void %arrayidx176.case.17, i1 0, void %arrayidx176.case.16, i1 0, void %arrayidx176.case.15, i1 0, void %arrayidx176.case.14, i1 0, void %arrayidx176.case.13, i1 0, void %arrayidx176.case.12, i1 0, void %arrayidx176.case.11, i1 0, void %arrayidx176.case.10, i1 0, void %arrayidx176.case.9, i1 0, void %arrayidx176.case.8, i1 0, void %arrayidx176.case.7, i1 0, void %arrayidx176.case.6, i1 0, void %arrayidx176.case.5, i1 0, void %arrayidx176.case.4, i1 0, void %arrayidx176.case.3, i1 0, void %arrayidx176.case.2, i1 0, void %arrayidx176.case.1, i1 0, void %arrayidx172.exit"   --->   Operation 313 'phi' 'p_ZZ4contP7hs_is_tS0_S0_S0_bbbb7ap_uintILi5EES1_ILi11EEPS3_PbE8buffer_b_19_flag_4' <Predicate = (state_load == 5)> <Delay = 0.00>
ST_1 : Operation 314 [1/1] (1.01ns)   --->   "%ret_V_9 = sub i33 %sext_ln186_6, i33 %sext_ln186_7"   --->   Operation 314 'sub' 'ret_V_9' <Predicate = (state_load == 5)> <Delay = 1.01> <CoreInst = "Adder">   --->   Core 1 'Adder' <Latency = 0> <II = 1> <Delay = 1.01> <FuncUnit> <Opcode : 'add' 'sub'> <InPorts = 2> <OutPorts = 1>
ST_1 : Operation 315 [1/1] (0.44ns)   --->   "%switch_ln299 = switch i5 %trunc_ln304, void %arrayidx180.case.19, i5 0, void %arrayidx180.exit, i5 1, void %arrayidx180.case.1, i5 2, void %arrayidx180.case.2, i5 3, void %arrayidx180.case.3, i5 4, void %arrayidx180.case.4, i5 5, void %arrayidx180.case.5, i5 6, void %arrayidx180.case.6, i5 7, void %arrayidx180.case.7, i5 8, void %arrayidx180.case.8, i5 9, void %arrayidx180.case.9, i5 10, void %arrayidx180.case.10, i5 11, void %arrayidx180.case.11, i5 12, void %arrayidx180.case.12, i5 13, void %arrayidx180.case.13, i5 14, void %arrayidx180.case.14, i5 15, void %arrayidx180.case.15, i5 16, void %arrayidx180.case.16, i5 17, void %arrayidx180.case.17, i5 18, void %arrayidx180.case.18" [FFT/FFT.cpp:299]   --->   Operation 315 'switch' 'switch_ln299' <Predicate = (state_load == 5)> <Delay = 0.44>
ST_1 : Operation 316 [1/1] (0.42ns)   --->   "%br_ln299 = br void %arrayidx180.exit" [FFT/FFT.cpp:299]   --->   Operation 316 'br' 'br_ln299' <Predicate = (state_load == 5 & trunc_ln304 == 18)> <Delay = 0.42>
ST_1 : Operation 317 [1/1] (0.42ns)   --->   "%br_ln299 = br void %arrayidx180.exit" [FFT/FFT.cpp:299]   --->   Operation 317 'br' 'br_ln299' <Predicate = (state_load == 5 & trunc_ln304 == 17)> <Delay = 0.42>
ST_1 : Operation 318 [1/1] (0.42ns)   --->   "%br_ln299 = br void %arrayidx180.exit" [FFT/FFT.cpp:299]   --->   Operation 318 'br' 'br_ln299' <Predicate = (state_load == 5 & trunc_ln304 == 16)> <Delay = 0.42>
ST_1 : Operation 319 [1/1] (0.42ns)   --->   "%br_ln299 = br void %arrayidx180.exit" [FFT/FFT.cpp:299]   --->   Operation 319 'br' 'br_ln299' <Predicate = (state_load == 5 & trunc_ln304 == 15)> <Delay = 0.42>
ST_1 : Operation 320 [1/1] (0.42ns)   --->   "%br_ln299 = br void %arrayidx180.exit" [FFT/FFT.cpp:299]   --->   Operation 320 'br' 'br_ln299' <Predicate = (state_load == 5 & trunc_ln304 == 14)> <Delay = 0.42>
ST_1 : Operation 321 [1/1] (0.42ns)   --->   "%br_ln299 = br void %arrayidx180.exit" [FFT/FFT.cpp:299]   --->   Operation 321 'br' 'br_ln299' <Predicate = (state_load == 5 & trunc_ln304 == 13)> <Delay = 0.42>
ST_1 : Operation 322 [1/1] (0.42ns)   --->   "%br_ln299 = br void %arrayidx180.exit" [FFT/FFT.cpp:299]   --->   Operation 322 'br' 'br_ln299' <Predicate = (state_load == 5 & trunc_ln304 == 12)> <Delay = 0.42>
ST_1 : Operation 323 [1/1] (0.42ns)   --->   "%br_ln299 = br void %arrayidx180.exit" [FFT/FFT.cpp:299]   --->   Operation 323 'br' 'br_ln299' <Predicate = (state_load == 5 & trunc_ln304 == 11)> <Delay = 0.42>
ST_1 : Operation 324 [1/1] (0.42ns)   --->   "%br_ln299 = br void %arrayidx180.exit" [FFT/FFT.cpp:299]   --->   Operation 324 'br' 'br_ln299' <Predicate = (state_load == 5 & trunc_ln304 == 10)> <Delay = 0.42>
ST_1 : Operation 325 [1/1] (0.42ns)   --->   "%br_ln299 = br void %arrayidx180.exit" [FFT/FFT.cpp:299]   --->   Operation 325 'br' 'br_ln299' <Predicate = (state_load == 5 & trunc_ln304 == 9)> <Delay = 0.42>
ST_1 : Operation 326 [1/1] (0.42ns)   --->   "%br_ln299 = br void %arrayidx180.exit" [FFT/FFT.cpp:299]   --->   Operation 326 'br' 'br_ln299' <Predicate = (state_load == 5 & trunc_ln304 == 8)> <Delay = 0.42>
ST_1 : Operation 327 [1/1] (0.42ns)   --->   "%br_ln299 = br void %arrayidx180.exit" [FFT/FFT.cpp:299]   --->   Operation 327 'br' 'br_ln299' <Predicate = (state_load == 5 & trunc_ln304 == 7)> <Delay = 0.42>
ST_1 : Operation 328 [1/1] (0.42ns)   --->   "%br_ln299 = br void %arrayidx180.exit" [FFT/FFT.cpp:299]   --->   Operation 328 'br' 'br_ln299' <Predicate = (state_load == 5 & trunc_ln304 == 6)> <Delay = 0.42>
ST_1 : Operation 329 [1/1] (0.42ns)   --->   "%br_ln299 = br void %arrayidx180.exit" [FFT/FFT.cpp:299]   --->   Operation 329 'br' 'br_ln299' <Predicate = (state_load == 5 & trunc_ln304 == 5)> <Delay = 0.42>
ST_1 : Operation 330 [1/1] (0.42ns)   --->   "%br_ln299 = br void %arrayidx180.exit" [FFT/FFT.cpp:299]   --->   Operation 330 'br' 'br_ln299' <Predicate = (state_load == 5 & trunc_ln304 == 4)> <Delay = 0.42>
ST_1 : Operation 331 [1/1] (0.42ns)   --->   "%br_ln299 = br void %arrayidx180.exit" [FFT/FFT.cpp:299]   --->   Operation 331 'br' 'br_ln299' <Predicate = (state_load == 5 & trunc_ln304 == 3)> <Delay = 0.42>
ST_1 : Operation 332 [1/1] (0.42ns)   --->   "%br_ln299 = br void %arrayidx180.exit" [FFT/FFT.cpp:299]   --->   Operation 332 'br' 'br_ln299' <Predicate = (state_load == 5 & trunc_ln304 == 2)> <Delay = 0.42>
ST_1 : Operation 333 [1/1] (0.42ns)   --->   "%br_ln299 = br void %arrayidx180.exit" [FFT/FFT.cpp:299]   --->   Operation 333 'br' 'br_ln299' <Predicate = (state_load == 5 & trunc_ln304 == 1)> <Delay = 0.42>
ST_1 : Operation 334 [1/1] (0.42ns)   --->   "%br_ln299 = br void %arrayidx180.exit" [FFT/FFT.cpp:299]   --->   Operation 334 'br' 'br_ln299' <Predicate = (state_load == 5 & trunc_ln304 != 0 & trunc_ln304 != 1 & trunc_ln304 != 2 & trunc_ln304 != 3 & trunc_ln304 != 4 & trunc_ln304 != 5 & trunc_ln304 != 6 & trunc_ln304 != 7 & trunc_ln304 != 8 & trunc_ln304 != 9 & trunc_ln304 != 10 & trunc_ln304 != 11 & trunc_ln304 != 12 & trunc_ln304 != 13 & trunc_ln304 != 14 & trunc_ln304 != 15 & trunc_ln304 != 16 & trunc_ln304 != 17 & trunc_ln304 != 18)> <Delay = 0.42>
ST_1 : Operation 335 [1/1] (0.00ns)   --->   "%cont_hs_is_t_hs_is_t_hs_is_t_hs_is_t_bool_bool_bool_bool_ap_uint_ap_uint_ap_122 = phi i1 %cont_hs_is_t_hs_is_t_hs_is_t_hs_is_t_bool_bool_bool_bool_ap_uint_ap_uint_ap_112, void %arrayidx180.case.19, i1 %cont_hs_is_t_hs_is_t_hs_is_t_hs_is_t_bool_bool_bool_bool_ap_uint_ap_uint_ap_112, void %arrayidx180.case.18, i1 %cont_hs_is_t_hs_is_t_hs_is_t_hs_is_t_bool_bool_bool_bool_ap_uint_ap_uint_ap_112, void %arrayidx180.case.17, i1 %cont_hs_is_t_hs_is_t_hs_is_t_hs_is_t_bool_bool_bool_bool_ap_uint_ap_uint_ap_112, void %arrayidx180.case.16, i1 %cont_hs_is_t_hs_is_t_hs_is_t_hs_is_t_bool_bool_bool_bool_ap_uint_ap_uint_ap_112, void %arrayidx180.case.15, i1 %cont_hs_is_t_hs_is_t_hs_is_t_hs_is_t_bool_bool_bool_bool_ap_uint_ap_uint_ap_112, void %arrayidx180.case.14, i1 %cont_hs_is_t_hs_is_t_hs_is_t_hs_is_t_bool_bool_bool_bool_ap_uint_ap_uint_ap_112, void %arrayidx180.case.13, i1 %cont_hs_is_t_hs_is_t_hs_is_t_hs_is_t_bool_bool_bool_bool_ap_uint_ap_uint_ap_112, void %arrayidx180.case.12, i1 %cont_hs_is_t_hs_is_t_hs_is_t_hs_is_t_bool_bool_bool_bool_ap_uint_ap_uint_ap_112, void %arrayidx180.case.11, i1 %cont_hs_is_t_hs_is_t_hs_is_t_hs_is_t_bool_bool_bool_bool_ap_uint_ap_uint_ap_112, void %arrayidx180.case.10, i1 %cont_hs_is_t_hs_is_t_hs_is_t_hs_is_t_bool_bool_bool_bool_ap_uint_ap_uint_ap_112, void %arrayidx180.case.9, i1 %cont_hs_is_t_hs_is_t_hs_is_t_hs_is_t_bool_bool_bool_bool_ap_uint_ap_uint_ap_112, void %arrayidx180.case.8, i1 %cont_hs_is_t_hs_is_t_hs_is_t_hs_is_t_bool_bool_bool_bool_ap_uint_ap_uint_ap_112, void %arrayidx180.case.7, i1 %cont_hs_is_t_hs_is_t_hs_is_t_hs_is_t_bool_bool_bool_bool_ap_uint_ap_uint_ap_112, void %arrayidx180.case.6, i1 %cont_hs_is_t_hs_is_t_hs_is_t_hs_is_t_bool_bool_bool_bool_ap_uint_ap_uint_ap_112, void %arrayidx180.case.5, i1 %cont_hs_is_t_hs_is_t_hs_is_t_hs_is_t_bool_bool_bool_bool_ap_uint_ap_uint_ap_112, void %arrayidx180.case.4, i1 %cont_hs_is_t_hs_is_t_hs_is_t_hs_is_t_bool_bool_bool_bool_ap_uint_ap_uint_ap_112, void %arrayidx180.case.3, i1 %cont_hs_is_t_hs_is_t_hs_is_t_hs_is_t_bool_bool_bool_bool_ap_uint_ap_uint_ap_112, void %arrayidx180.case.2, i1 %cont_hs_is_t_hs_is_t_hs_is_t_hs_is_t_bool_bool_bool_bool_ap_uint_ap_uint_ap_112, void %arrayidx180.case.1, i1 1, void %arrayidx176.exit"   --->   Operation 335 'phi' 'cont_hs_is_t_hs_is_t_hs_is_t_hs_is_t_bool_bool_bool_bool_ap_uint_ap_uint_ap_122' <Predicate = (state_load == 5)> <Delay = 0.00>
ST_1 : Operation 336 [1/1] (0.00ns)   --->   "%cont_hs_is_t_hs_is_t_hs_is_t_hs_is_t_bool_bool_bool_bool_ap_uint_ap_uint_ap_123 = phi i33 %ret_V_8, void %arrayidx180.case.19, i33 %ret_V_8, void %arrayidx180.case.18, i33 %ret_V_8, void %arrayidx180.case.17, i33 %ret_V_8, void %arrayidx180.case.16, i33 %ret_V_8, void %arrayidx180.case.15, i33 %ret_V_8, void %arrayidx180.case.14, i33 %ret_V_8, void %arrayidx180.case.13, i33 %ret_V_8, void %arrayidx180.case.12, i33 %ret_V_8, void %arrayidx180.case.11, i33 %ret_V_8, void %arrayidx180.case.10, i33 %ret_V_8, void %arrayidx180.case.9, i33 %ret_V_8, void %arrayidx180.case.8, i33 %ret_V_8, void %arrayidx180.case.7, i33 %ret_V_8, void %arrayidx180.case.6, i33 %ret_V_8, void %arrayidx180.case.5, i33 %ret_V_8, void %arrayidx180.case.4, i33 %ret_V_8, void %arrayidx180.case.3, i33 %ret_V_8, void %arrayidx180.case.2, i33 %ret_V_8, void %arrayidx180.case.1, i33 %ret_V_9, void %arrayidx176.exit"   --->   Operation 336 'phi' 'cont_hs_is_t_hs_is_t_hs_is_t_hs_is_t_bool_bool_bool_bool_ap_uint_ap_uint_ap_123' <Predicate = (state_load == 5)> <Delay = 0.00>
ST_1 : Operation 337 [1/1] (0.00ns)   --->   "%cont_hs_is_t_hs_is_t_hs_is_t_hs_is_t_bool_bool_bool_bool_ap_uint_ap_uint_ap_124 = phi i1 %cont_hs_is_t_hs_is_t_hs_is_t_hs_is_t_bool_bool_bool_bool_ap_uint_ap_uint_ap_113, void %arrayidx180.case.19, i1 %cont_hs_is_t_hs_is_t_hs_is_t_hs_is_t_bool_bool_bool_bool_ap_uint_ap_uint_ap_113, void %arrayidx180.case.18, i1 %cont_hs_is_t_hs_is_t_hs_is_t_hs_is_t_bool_bool_bool_bool_ap_uint_ap_uint_ap_113, void %arrayidx180.case.17, i1 %cont_hs_is_t_hs_is_t_hs_is_t_hs_is_t_bool_bool_bool_bool_ap_uint_ap_uint_ap_113, void %arrayidx180.case.16, i1 %cont_hs_is_t_hs_is_t_hs_is_t_hs_is_t_bool_bool_bool_bool_ap_uint_ap_uint_ap_113, void %arrayidx180.case.15, i1 %cont_hs_is_t_hs_is_t_hs_is_t_hs_is_t_bool_bool_bool_bool_ap_uint_ap_uint_ap_113, void %arrayidx180.case.14, i1 %cont_hs_is_t_hs_is_t_hs_is_t_hs_is_t_bool_bool_bool_bool_ap_uint_ap_uint_ap_113, void %arrayidx180.case.13, i1 %cont_hs_is_t_hs_is_t_hs_is_t_hs_is_t_bool_bool_bool_bool_ap_uint_ap_uint_ap_113, void %arrayidx180.case.12, i1 %cont_hs_is_t_hs_is_t_hs_is_t_hs_is_t_bool_bool_bool_bool_ap_uint_ap_uint_ap_113, void %arrayidx180.case.11, i1 %cont_hs_is_t_hs_is_t_hs_is_t_hs_is_t_bool_bool_bool_bool_ap_uint_ap_uint_ap_113, void %arrayidx180.case.10, i1 %cont_hs_is_t_hs_is_t_hs_is_t_hs_is_t_bool_bool_bool_bool_ap_uint_ap_uint_ap_113, void %arrayidx180.case.9, i1 %cont_hs_is_t_hs_is_t_hs_is_t_hs_is_t_bool_bool_bool_bool_ap_uint_ap_uint_ap_113, void %arrayidx180.case.8, i1 %cont_hs_is_t_hs_is_t_hs_is_t_hs_is_t_bool_bool_bool_bool_ap_uint_ap_uint_ap_113, void %arrayidx180.case.7, i1 %cont_hs_is_t_hs_is_t_hs_is_t_hs_is_t_bool_bool_bool_bool_ap_uint_ap_uint_ap_113, void %arrayidx180.case.6, i1 %cont_hs_is_t_hs_is_t_hs_is_t_hs_is_t_bool_bool_bool_bool_ap_uint_ap_uint_ap_113, void %arrayidx180.case.5, i1 %cont_hs_is_t_hs_is_t_hs_is_t_hs_is_t_bool_bool_bool_bool_ap_uint_ap_uint_ap_113, void %arrayidx180.case.4, i1 %cont_hs_is_t_hs_is_t_hs_is_t_hs_is_t_bool_bool_bool_bool_ap_uint_ap_uint_ap_113, void %arrayidx180.case.3, i1 %cont_hs_is_t_hs_is_t_hs_is_t_hs_is_t_bool_bool_bool_bool_ap_uint_ap_uint_ap_113, void %arrayidx180.case.2, i1 1, void %arrayidx180.case.1, i1 %cont_hs_is_t_hs_is_t_hs_is_t_hs_is_t_bool_bool_bool_bool_ap_uint_ap_uint_ap_113, void %arrayidx176.exit"   --->   Operation 337 'phi' 'cont_hs_is_t_hs_is_t_hs_is_t_hs_is_t_bool_bool_bool_bool_ap_uint_ap_uint_ap_124' <Predicate = (state_load == 5)> <Delay = 0.00>
ST_1 : Operation 338 [1/1] (0.00ns)   --->   "%cont_hs_is_t_hs_is_t_hs_is_t_hs_is_t_bool_bool_bool_bool_ap_uint_ap_uint_ap_125 = phi i33 %ret_V_8, void %arrayidx180.case.19, i33 %ret_V_8, void %arrayidx180.case.18, i33 %ret_V_8, void %arrayidx180.case.17, i33 %ret_V_8, void %arrayidx180.case.16, i33 %ret_V_8, void %arrayidx180.case.15, i33 %ret_V_8, void %arrayidx180.case.14, i33 %ret_V_8, void %arrayidx180.case.13, i33 %ret_V_8, void %arrayidx180.case.12, i33 %ret_V_8, void %arrayidx180.case.11, i33 %ret_V_8, void %arrayidx180.case.10, i33 %ret_V_8, void %arrayidx180.case.9, i33 %ret_V_8, void %arrayidx180.case.8, i33 %ret_V_8, void %arrayidx180.case.7, i33 %ret_V_8, void %arrayidx180.case.6, i33 %ret_V_8, void %arrayidx180.case.5, i33 %ret_V_8, void %arrayidx180.case.4, i33 %ret_V_8, void %arrayidx180.case.3, i33 %ret_V_8, void %arrayidx180.case.2, i33 %ret_V_9, void %arrayidx180.case.1, i33 %ret_V_8, void %arrayidx176.exit"   --->   Operation 338 'phi' 'cont_hs_is_t_hs_is_t_hs_is_t_hs_is_t_bool_bool_bool_bool_ap_uint_ap_uint_ap_125' <Predicate = (state_load == 5)> <Delay = 0.00>
ST_1 : Operation 339 [1/1] (0.00ns)   --->   "%cont_hs_is_t_hs_is_t_hs_is_t_hs_is_t_bool_bool_bool_bool_ap_uint_ap_uint_ap_126 = phi i1 %cont_hs_is_t_hs_is_t_hs_is_t_hs_is_t_bool_bool_bool_bool_ap_uint_ap_uint_ap_114, void %arrayidx180.case.19, i1 %cont_hs_is_t_hs_is_t_hs_is_t_hs_is_t_bool_bool_bool_bool_ap_uint_ap_uint_ap_114, void %arrayidx180.case.18, i1 %cont_hs_is_t_hs_is_t_hs_is_t_hs_is_t_bool_bool_bool_bool_ap_uint_ap_uint_ap_114, void %arrayidx180.case.17, i1 %cont_hs_is_t_hs_is_t_hs_is_t_hs_is_t_bool_bool_bool_bool_ap_uint_ap_uint_ap_114, void %arrayidx180.case.16, i1 %cont_hs_is_t_hs_is_t_hs_is_t_hs_is_t_bool_bool_bool_bool_ap_uint_ap_uint_ap_114, void %arrayidx180.case.15, i1 %cont_hs_is_t_hs_is_t_hs_is_t_hs_is_t_bool_bool_bool_bool_ap_uint_ap_uint_ap_114, void %arrayidx180.case.14, i1 %cont_hs_is_t_hs_is_t_hs_is_t_hs_is_t_bool_bool_bool_bool_ap_uint_ap_uint_ap_114, void %arrayidx180.case.13, i1 %cont_hs_is_t_hs_is_t_hs_is_t_hs_is_t_bool_bool_bool_bool_ap_uint_ap_uint_ap_114, void %arrayidx180.case.12, i1 %cont_hs_is_t_hs_is_t_hs_is_t_hs_is_t_bool_bool_bool_bool_ap_uint_ap_uint_ap_114, void %arrayidx180.case.11, i1 %cont_hs_is_t_hs_is_t_hs_is_t_hs_is_t_bool_bool_bool_bool_ap_uint_ap_uint_ap_114, void %arrayidx180.case.10, i1 %cont_hs_is_t_hs_is_t_hs_is_t_hs_is_t_bool_bool_bool_bool_ap_uint_ap_uint_ap_114, void %arrayidx180.case.9, i1 %cont_hs_is_t_hs_is_t_hs_is_t_hs_is_t_bool_bool_bool_bool_ap_uint_ap_uint_ap_114, void %arrayidx180.case.8, i1 %cont_hs_is_t_hs_is_t_hs_is_t_hs_is_t_bool_bool_bool_bool_ap_uint_ap_uint_ap_114, void %arrayidx180.case.7, i1 %cont_hs_is_t_hs_is_t_hs_is_t_hs_is_t_bool_bool_bool_bool_ap_uint_ap_uint_ap_114, void %arrayidx180.case.6, i1 %cont_hs_is_t_hs_is_t_hs_is_t_hs_is_t_bool_bool_bool_bool_ap_uint_ap_uint_ap_114, void %arrayidx180.case.5, i1 %cont_hs_is_t_hs_is_t_hs_is_t_hs_is_t_bool_bool_bool_bool_ap_uint_ap_uint_ap_114, void %arrayidx180.case.4, i1 %cont_hs_is_t_hs_is_t_hs_is_t_hs_is_t_bool_bool_bool_bool_ap_uint_ap_uint_ap_114, void %arrayidx180.case.3, i1 1, void %arrayidx180.case.2, i1 %cont_hs_is_t_hs_is_t_hs_is_t_hs_is_t_bool_bool_bool_bool_ap_uint_ap_uint_ap_114, void %arrayidx180.case.1, i1 %cont_hs_is_t_hs_is_t_hs_is_t_hs_is_t_bool_bool_bool_bool_ap_uint_ap_uint_ap_114, void %arrayidx176.exit"   --->   Operation 339 'phi' 'cont_hs_is_t_hs_is_t_hs_is_t_hs_is_t_bool_bool_bool_bool_ap_uint_ap_uint_ap_126' <Predicate = (state_load == 5)> <Delay = 0.00>
ST_1 : Operation 340 [1/1] (0.00ns)   --->   "%cont_hs_is_t_hs_is_t_hs_is_t_hs_is_t_bool_bool_bool_bool_ap_uint_ap_uint_ap_127 = phi i33 %ret_V_8, void %arrayidx180.case.19, i33 %ret_V_8, void %arrayidx180.case.18, i33 %ret_V_8, void %arrayidx180.case.17, i33 %ret_V_8, void %arrayidx180.case.16, i33 %ret_V_8, void %arrayidx180.case.15, i33 %ret_V_8, void %arrayidx180.case.14, i33 %ret_V_8, void %arrayidx180.case.13, i33 %ret_V_8, void %arrayidx180.case.12, i33 %ret_V_8, void %arrayidx180.case.11, i33 %ret_V_8, void %arrayidx180.case.10, i33 %ret_V_8, void %arrayidx180.case.9, i33 %ret_V_8, void %arrayidx180.case.8, i33 %ret_V_8, void %arrayidx180.case.7, i33 %ret_V_8, void %arrayidx180.case.6, i33 %ret_V_8, void %arrayidx180.case.5, i33 %ret_V_8, void %arrayidx180.case.4, i33 %ret_V_8, void %arrayidx180.case.3, i33 %ret_V_9, void %arrayidx180.case.2, i33 %ret_V_8, void %arrayidx180.case.1, i33 %ret_V_8, void %arrayidx176.exit"   --->   Operation 340 'phi' 'cont_hs_is_t_hs_is_t_hs_is_t_hs_is_t_bool_bool_bool_bool_ap_uint_ap_uint_ap_127' <Predicate = (state_load == 5)> <Delay = 0.00>
ST_1 : Operation 341 [1/1] (0.00ns)   --->   "%cont_hs_is_t_hs_is_t_hs_is_t_hs_is_t_bool_bool_bool_bool_ap_uint_ap_uint_ap_128 = phi i1 %cont_hs_is_t_hs_is_t_hs_is_t_hs_is_t_bool_bool_bool_bool_ap_uint_ap_uint_ap_115, void %arrayidx180.case.19, i1 %cont_hs_is_t_hs_is_t_hs_is_t_hs_is_t_bool_bool_bool_bool_ap_uint_ap_uint_ap_115, void %arrayidx180.case.18, i1 %cont_hs_is_t_hs_is_t_hs_is_t_hs_is_t_bool_bool_bool_bool_ap_uint_ap_uint_ap_115, void %arrayidx180.case.17, i1 %cont_hs_is_t_hs_is_t_hs_is_t_hs_is_t_bool_bool_bool_bool_ap_uint_ap_uint_ap_115, void %arrayidx180.case.16, i1 %cont_hs_is_t_hs_is_t_hs_is_t_hs_is_t_bool_bool_bool_bool_ap_uint_ap_uint_ap_115, void %arrayidx180.case.15, i1 %cont_hs_is_t_hs_is_t_hs_is_t_hs_is_t_bool_bool_bool_bool_ap_uint_ap_uint_ap_115, void %arrayidx180.case.14, i1 %cont_hs_is_t_hs_is_t_hs_is_t_hs_is_t_bool_bool_bool_bool_ap_uint_ap_uint_ap_115, void %arrayidx180.case.13, i1 %cont_hs_is_t_hs_is_t_hs_is_t_hs_is_t_bool_bool_bool_bool_ap_uint_ap_uint_ap_115, void %arrayidx180.case.12, i1 %cont_hs_is_t_hs_is_t_hs_is_t_hs_is_t_bool_bool_bool_bool_ap_uint_ap_uint_ap_115, void %arrayidx180.case.11, i1 %cont_hs_is_t_hs_is_t_hs_is_t_hs_is_t_bool_bool_bool_bool_ap_uint_ap_uint_ap_115, void %arrayidx180.case.10, i1 %cont_hs_is_t_hs_is_t_hs_is_t_hs_is_t_bool_bool_bool_bool_ap_uint_ap_uint_ap_115, void %arrayidx180.case.9, i1 %cont_hs_is_t_hs_is_t_hs_is_t_hs_is_t_bool_bool_bool_bool_ap_uint_ap_uint_ap_115, void %arrayidx180.case.8, i1 %cont_hs_is_t_hs_is_t_hs_is_t_hs_is_t_bool_bool_bool_bool_ap_uint_ap_uint_ap_115, void %arrayidx180.case.7, i1 %cont_hs_is_t_hs_is_t_hs_is_t_hs_is_t_bool_bool_bool_bool_ap_uint_ap_uint_ap_115, void %arrayidx180.case.6, i1 %cont_hs_is_t_hs_is_t_hs_is_t_hs_is_t_bool_bool_bool_bool_ap_uint_ap_uint_ap_115, void %arrayidx180.case.5, i1 %cont_hs_is_t_hs_is_t_hs_is_t_hs_is_t_bool_bool_bool_bool_ap_uint_ap_uint_ap_115, void %arrayidx180.case.4, i1 1, void %arrayidx180.case.3, i1 %cont_hs_is_t_hs_is_t_hs_is_t_hs_is_t_bool_bool_bool_bool_ap_uint_ap_uint_ap_115, void %arrayidx180.case.2, i1 %cont_hs_is_t_hs_is_t_hs_is_t_hs_is_t_bool_bool_bool_bool_ap_uint_ap_uint_ap_115, void %arrayidx180.case.1, i1 %cont_hs_is_t_hs_is_t_hs_is_t_hs_is_t_bool_bool_bool_bool_ap_uint_ap_uint_ap_115, void %arrayidx176.exit"   --->   Operation 341 'phi' 'cont_hs_is_t_hs_is_t_hs_is_t_hs_is_t_bool_bool_bool_bool_ap_uint_ap_uint_ap_128' <Predicate = (state_load == 5)> <Delay = 0.00>
ST_1 : Operation 342 [1/1] (0.00ns)   --->   "%cont_hs_is_t_hs_is_t_hs_is_t_hs_is_t_bool_bool_bool_bool_ap_uint_ap_uint_ap_129 = phi i33 %ret_V_8, void %arrayidx180.case.19, i33 %ret_V_8, void %arrayidx180.case.18, i33 %ret_V_8, void %arrayidx180.case.17, i33 %ret_V_8, void %arrayidx180.case.16, i33 %ret_V_8, void %arrayidx180.case.15, i33 %ret_V_8, void %arrayidx180.case.14, i33 %ret_V_8, void %arrayidx180.case.13, i33 %ret_V_8, void %arrayidx180.case.12, i33 %ret_V_8, void %arrayidx180.case.11, i33 %ret_V_8, void %arrayidx180.case.10, i33 %ret_V_8, void %arrayidx180.case.9, i33 %ret_V_8, void %arrayidx180.case.8, i33 %ret_V_8, void %arrayidx180.case.7, i33 %ret_V_8, void %arrayidx180.case.6, i33 %ret_V_8, void %arrayidx180.case.5, i33 %ret_V_8, void %arrayidx180.case.4, i33 %ret_V_9, void %arrayidx180.case.3, i33 %ret_V_8, void %arrayidx180.case.2, i33 %ret_V_8, void %arrayidx180.case.1, i33 %ret_V_8, void %arrayidx176.exit"   --->   Operation 342 'phi' 'cont_hs_is_t_hs_is_t_hs_is_t_hs_is_t_bool_bool_bool_bool_ap_uint_ap_uint_ap_129' <Predicate = (state_load == 5)> <Delay = 0.00>
ST_1 : Operation 343 [1/1] (0.00ns)   --->   "%cont_hs_is_t_hs_is_t_hs_is_t_hs_is_t_bool_bool_bool_bool_ap_uint_ap_uint_ap_130 = phi i1 %cont_hs_is_t_hs_is_t_hs_is_t_hs_is_t_bool_bool_bool_bool_ap_uint_ap_uint_ap_116, void %arrayidx180.case.19, i1 %cont_hs_is_t_hs_is_t_hs_is_t_hs_is_t_bool_bool_bool_bool_ap_uint_ap_uint_ap_116, void %arrayidx180.case.18, i1 %cont_hs_is_t_hs_is_t_hs_is_t_hs_is_t_bool_bool_bool_bool_ap_uint_ap_uint_ap_116, void %arrayidx180.case.17, i1 %cont_hs_is_t_hs_is_t_hs_is_t_hs_is_t_bool_bool_bool_bool_ap_uint_ap_uint_ap_116, void %arrayidx180.case.16, i1 %cont_hs_is_t_hs_is_t_hs_is_t_hs_is_t_bool_bool_bool_bool_ap_uint_ap_uint_ap_116, void %arrayidx180.case.15, i1 %cont_hs_is_t_hs_is_t_hs_is_t_hs_is_t_bool_bool_bool_bool_ap_uint_ap_uint_ap_116, void %arrayidx180.case.14, i1 %cont_hs_is_t_hs_is_t_hs_is_t_hs_is_t_bool_bool_bool_bool_ap_uint_ap_uint_ap_116, void %arrayidx180.case.13, i1 %cont_hs_is_t_hs_is_t_hs_is_t_hs_is_t_bool_bool_bool_bool_ap_uint_ap_uint_ap_116, void %arrayidx180.case.12, i1 %cont_hs_is_t_hs_is_t_hs_is_t_hs_is_t_bool_bool_bool_bool_ap_uint_ap_uint_ap_116, void %arrayidx180.case.11, i1 %cont_hs_is_t_hs_is_t_hs_is_t_hs_is_t_bool_bool_bool_bool_ap_uint_ap_uint_ap_116, void %arrayidx180.case.10, i1 %cont_hs_is_t_hs_is_t_hs_is_t_hs_is_t_bool_bool_bool_bool_ap_uint_ap_uint_ap_116, void %arrayidx180.case.9, i1 %cont_hs_is_t_hs_is_t_hs_is_t_hs_is_t_bool_bool_bool_bool_ap_uint_ap_uint_ap_116, void %arrayidx180.case.8, i1 %cont_hs_is_t_hs_is_t_hs_is_t_hs_is_t_bool_bool_bool_bool_ap_uint_ap_uint_ap_116, void %arrayidx180.case.7, i1 %cont_hs_is_t_hs_is_t_hs_is_t_hs_is_t_bool_bool_bool_bool_ap_uint_ap_uint_ap_116, void %arrayidx180.case.6, i1 %cont_hs_is_t_hs_is_t_hs_is_t_hs_is_t_bool_bool_bool_bool_ap_uint_ap_uint_ap_116, void %arrayidx180.case.5, i1 1, void %arrayidx180.case.4, i1 %cont_hs_is_t_hs_is_t_hs_is_t_hs_is_t_bool_bool_bool_bool_ap_uint_ap_uint_ap_116, void %arrayidx180.case.3, i1 %cont_hs_is_t_hs_is_t_hs_is_t_hs_is_t_bool_bool_bool_bool_ap_uint_ap_uint_ap_116, void %arrayidx180.case.2, i1 %cont_hs_is_t_hs_is_t_hs_is_t_hs_is_t_bool_bool_bool_bool_ap_uint_ap_uint_ap_116, void %arrayidx180.case.1, i1 %cont_hs_is_t_hs_is_t_hs_is_t_hs_is_t_bool_bool_bool_bool_ap_uint_ap_uint_ap_116, void %arrayidx176.exit"   --->   Operation 343 'phi' 'cont_hs_is_t_hs_is_t_hs_is_t_hs_is_t_bool_bool_bool_bool_ap_uint_ap_uint_ap_130' <Predicate = (state_load == 5)> <Delay = 0.00>
ST_1 : Operation 344 [1/1] (0.00ns)   --->   "%cont_hs_is_t_hs_is_t_hs_is_t_hs_is_t_bool_bool_bool_bool_ap_uint_ap_uint_ap_131 = phi i33 %ret_V_8, void %arrayidx180.case.19, i33 %ret_V_8, void %arrayidx180.case.18, i33 %ret_V_8, void %arrayidx180.case.17, i33 %ret_V_8, void %arrayidx180.case.16, i33 %ret_V_8, void %arrayidx180.case.15, i33 %ret_V_8, void %arrayidx180.case.14, i33 %ret_V_8, void %arrayidx180.case.13, i33 %ret_V_8, void %arrayidx180.case.12, i33 %ret_V_8, void %arrayidx180.case.11, i33 %ret_V_8, void %arrayidx180.case.10, i33 %ret_V_8, void %arrayidx180.case.9, i33 %ret_V_8, void %arrayidx180.case.8, i33 %ret_V_8, void %arrayidx180.case.7, i33 %ret_V_8, void %arrayidx180.case.6, i33 %ret_V_8, void %arrayidx180.case.5, i33 %ret_V_9, void %arrayidx180.case.4, i33 %ret_V_8, void %arrayidx180.case.3, i33 %ret_V_8, void %arrayidx180.case.2, i33 %ret_V_8, void %arrayidx180.case.1, i33 %ret_V_8, void %arrayidx176.exit"   --->   Operation 344 'phi' 'cont_hs_is_t_hs_is_t_hs_is_t_hs_is_t_bool_bool_bool_bool_ap_uint_ap_uint_ap_131' <Predicate = (state_load == 5)> <Delay = 0.00>
ST_1 : Operation 345 [1/1] (0.00ns)   --->   "%cont_hs_is_t_hs_is_t_hs_is_t_hs_is_t_bool_bool_bool_bool_ap_uint_ap_uint_ap_132 = phi i1 %cont_hs_is_t_hs_is_t_hs_is_t_hs_is_t_bool_bool_bool_bool_ap_uint_ap_uint_ap_117, void %arrayidx180.case.19, i1 %cont_hs_is_t_hs_is_t_hs_is_t_hs_is_t_bool_bool_bool_bool_ap_uint_ap_uint_ap_117, void %arrayidx180.case.18, i1 %cont_hs_is_t_hs_is_t_hs_is_t_hs_is_t_bool_bool_bool_bool_ap_uint_ap_uint_ap_117, void %arrayidx180.case.17, i1 %cont_hs_is_t_hs_is_t_hs_is_t_hs_is_t_bool_bool_bool_bool_ap_uint_ap_uint_ap_117, void %arrayidx180.case.16, i1 %cont_hs_is_t_hs_is_t_hs_is_t_hs_is_t_bool_bool_bool_bool_ap_uint_ap_uint_ap_117, void %arrayidx180.case.15, i1 %cont_hs_is_t_hs_is_t_hs_is_t_hs_is_t_bool_bool_bool_bool_ap_uint_ap_uint_ap_117, void %arrayidx180.case.14, i1 %cont_hs_is_t_hs_is_t_hs_is_t_hs_is_t_bool_bool_bool_bool_ap_uint_ap_uint_ap_117, void %arrayidx180.case.13, i1 %cont_hs_is_t_hs_is_t_hs_is_t_hs_is_t_bool_bool_bool_bool_ap_uint_ap_uint_ap_117, void %arrayidx180.case.12, i1 %cont_hs_is_t_hs_is_t_hs_is_t_hs_is_t_bool_bool_bool_bool_ap_uint_ap_uint_ap_117, void %arrayidx180.case.11, i1 %cont_hs_is_t_hs_is_t_hs_is_t_hs_is_t_bool_bool_bool_bool_ap_uint_ap_uint_ap_117, void %arrayidx180.case.10, i1 %cont_hs_is_t_hs_is_t_hs_is_t_hs_is_t_bool_bool_bool_bool_ap_uint_ap_uint_ap_117, void %arrayidx180.case.9, i1 %cont_hs_is_t_hs_is_t_hs_is_t_hs_is_t_bool_bool_bool_bool_ap_uint_ap_uint_ap_117, void %arrayidx180.case.8, i1 %cont_hs_is_t_hs_is_t_hs_is_t_hs_is_t_bool_bool_bool_bool_ap_uint_ap_uint_ap_117, void %arrayidx180.case.7, i1 %cont_hs_is_t_hs_is_t_hs_is_t_hs_is_t_bool_bool_bool_bool_ap_uint_ap_uint_ap_117, void %arrayidx180.case.6, i1 1, void %arrayidx180.case.5, i1 %cont_hs_is_t_hs_is_t_hs_is_t_hs_is_t_bool_bool_bool_bool_ap_uint_ap_uint_ap_117, void %arrayidx180.case.4, i1 %cont_hs_is_t_hs_is_t_hs_is_t_hs_is_t_bool_bool_bool_bool_ap_uint_ap_uint_ap_117, void %arrayidx180.case.3, i1 %cont_hs_is_t_hs_is_t_hs_is_t_hs_is_t_bool_bool_bool_bool_ap_uint_ap_uint_ap_117, void %arrayidx180.case.2, i1 %cont_hs_is_t_hs_is_t_hs_is_t_hs_is_t_bool_bool_bool_bool_ap_uint_ap_uint_ap_117, void %arrayidx180.case.1, i1 %cont_hs_is_t_hs_is_t_hs_is_t_hs_is_t_bool_bool_bool_bool_ap_uint_ap_uint_ap_117, void %arrayidx176.exit"   --->   Operation 345 'phi' 'cont_hs_is_t_hs_is_t_hs_is_t_hs_is_t_bool_bool_bool_bool_ap_uint_ap_uint_ap_132' <Predicate = (state_load == 5)> <Delay = 0.00>
ST_1 : Operation 346 [1/1] (0.00ns)   --->   "%cont_hs_is_t_hs_is_t_hs_is_t_hs_is_t_bool_bool_bool_bool_ap_uint_ap_uint_ap_133 = phi i33 %ret_V_8, void %arrayidx180.case.19, i33 %ret_V_8, void %arrayidx180.case.18, i33 %ret_V_8, void %arrayidx180.case.17, i33 %ret_V_8, void %arrayidx180.case.16, i33 %ret_V_8, void %arrayidx180.case.15, i33 %ret_V_8, void %arrayidx180.case.14, i33 %ret_V_8, void %arrayidx180.case.13, i33 %ret_V_8, void %arrayidx180.case.12, i33 %ret_V_8, void %arrayidx180.case.11, i33 %ret_V_8, void %arrayidx180.case.10, i33 %ret_V_8, void %arrayidx180.case.9, i33 %ret_V_8, void %arrayidx180.case.8, i33 %ret_V_8, void %arrayidx180.case.7, i33 %ret_V_8, void %arrayidx180.case.6, i33 %ret_V_9, void %arrayidx180.case.5, i33 %ret_V_8, void %arrayidx180.case.4, i33 %ret_V_8, void %arrayidx180.case.3, i33 %ret_V_8, void %arrayidx180.case.2, i33 %ret_V_8, void %arrayidx180.case.1, i33 %ret_V_8, void %arrayidx176.exit"   --->   Operation 346 'phi' 'cont_hs_is_t_hs_is_t_hs_is_t_hs_is_t_bool_bool_bool_bool_ap_uint_ap_uint_ap_133' <Predicate = (state_load == 5)> <Delay = 0.00>
ST_1 : Operation 347 [1/1] (0.00ns)   --->   "%cont_hs_is_t_hs_is_t_hs_is_t_hs_is_t_bool_bool_bool_bool_ap_uint_ap_uint_ap_134 = phi i1 %cont_hs_is_t_hs_is_t_hs_is_t_hs_is_t_bool_bool_bool_bool_ap_uint_ap_uint_ap_118, void %arrayidx180.case.19, i1 %cont_hs_is_t_hs_is_t_hs_is_t_hs_is_t_bool_bool_bool_bool_ap_uint_ap_uint_ap_118, void %arrayidx180.case.18, i1 %cont_hs_is_t_hs_is_t_hs_is_t_hs_is_t_bool_bool_bool_bool_ap_uint_ap_uint_ap_118, void %arrayidx180.case.17, i1 %cont_hs_is_t_hs_is_t_hs_is_t_hs_is_t_bool_bool_bool_bool_ap_uint_ap_uint_ap_118, void %arrayidx180.case.16, i1 %cont_hs_is_t_hs_is_t_hs_is_t_hs_is_t_bool_bool_bool_bool_ap_uint_ap_uint_ap_118, void %arrayidx180.case.15, i1 %cont_hs_is_t_hs_is_t_hs_is_t_hs_is_t_bool_bool_bool_bool_ap_uint_ap_uint_ap_118, void %arrayidx180.case.14, i1 %cont_hs_is_t_hs_is_t_hs_is_t_hs_is_t_bool_bool_bool_bool_ap_uint_ap_uint_ap_118, void %arrayidx180.case.13, i1 %cont_hs_is_t_hs_is_t_hs_is_t_hs_is_t_bool_bool_bool_bool_ap_uint_ap_uint_ap_118, void %arrayidx180.case.12, i1 %cont_hs_is_t_hs_is_t_hs_is_t_hs_is_t_bool_bool_bool_bool_ap_uint_ap_uint_ap_118, void %arrayidx180.case.11, i1 %cont_hs_is_t_hs_is_t_hs_is_t_hs_is_t_bool_bool_bool_bool_ap_uint_ap_uint_ap_118, void %arrayidx180.case.10, i1 %cont_hs_is_t_hs_is_t_hs_is_t_hs_is_t_bool_bool_bool_bool_ap_uint_ap_uint_ap_118, void %arrayidx180.case.9, i1 %cont_hs_is_t_hs_is_t_hs_is_t_hs_is_t_bool_bool_bool_bool_ap_uint_ap_uint_ap_118, void %arrayidx180.case.8, i1 %cont_hs_is_t_hs_is_t_hs_is_t_hs_is_t_bool_bool_bool_bool_ap_uint_ap_uint_ap_118, void %arrayidx180.case.7, i1 1, void %arrayidx180.case.6, i1 %cont_hs_is_t_hs_is_t_hs_is_t_hs_is_t_bool_bool_bool_bool_ap_uint_ap_uint_ap_118, void %arrayidx180.case.5, i1 %cont_hs_is_t_hs_is_t_hs_is_t_hs_is_t_bool_bool_bool_bool_ap_uint_ap_uint_ap_118, void %arrayidx180.case.4, i1 %cont_hs_is_t_hs_is_t_hs_is_t_hs_is_t_bool_bool_bool_bool_ap_uint_ap_uint_ap_118, void %arrayidx180.case.3, i1 %cont_hs_is_t_hs_is_t_hs_is_t_hs_is_t_bool_bool_bool_bool_ap_uint_ap_uint_ap_118, void %arrayidx180.case.2, i1 %cont_hs_is_t_hs_is_t_hs_is_t_hs_is_t_bool_bool_bool_bool_ap_uint_ap_uint_ap_118, void %arrayidx180.case.1, i1 %cont_hs_is_t_hs_is_t_hs_is_t_hs_is_t_bool_bool_bool_bool_ap_uint_ap_uint_ap_118, void %arrayidx176.exit"   --->   Operation 347 'phi' 'cont_hs_is_t_hs_is_t_hs_is_t_hs_is_t_bool_bool_bool_bool_ap_uint_ap_uint_ap_134' <Predicate = (state_load == 5)> <Delay = 0.00>
ST_1 : Operation 348 [1/1] (0.00ns)   --->   "%cont_hs_is_t_hs_is_t_hs_is_t_hs_is_t_bool_bool_bool_bool_ap_uint_ap_uint_ap_135 = phi i33 %ret_V_8, void %arrayidx180.case.19, i33 %ret_V_8, void %arrayidx180.case.18, i33 %ret_V_8, void %arrayidx180.case.17, i33 %ret_V_8, void %arrayidx180.case.16, i33 %ret_V_8, void %arrayidx180.case.15, i33 %ret_V_8, void %arrayidx180.case.14, i33 %ret_V_8, void %arrayidx180.case.13, i33 %ret_V_8, void %arrayidx180.case.12, i33 %ret_V_8, void %arrayidx180.case.11, i33 %ret_V_8, void %arrayidx180.case.10, i33 %ret_V_8, void %arrayidx180.case.9, i33 %ret_V_8, void %arrayidx180.case.8, i33 %ret_V_8, void %arrayidx180.case.7, i33 %ret_V_9, void %arrayidx180.case.6, i33 %ret_V_8, void %arrayidx180.case.5, i33 %ret_V_8, void %arrayidx180.case.4, i33 %ret_V_8, void %arrayidx180.case.3, i33 %ret_V_8, void %arrayidx180.case.2, i33 %ret_V_8, void %arrayidx180.case.1, i33 %ret_V_8, void %arrayidx176.exit"   --->   Operation 348 'phi' 'cont_hs_is_t_hs_is_t_hs_is_t_hs_is_t_bool_bool_bool_bool_ap_uint_ap_uint_ap_135' <Predicate = (state_load == 5)> <Delay = 0.00>
ST_1 : Operation 349 [1/1] (0.00ns)   --->   "%cont_hs_is_t_hs_is_t_hs_is_t_hs_is_t_bool_bool_bool_bool_ap_uint_ap_uint_ap_136 = phi i1 %cont_hs_is_t_hs_is_t_hs_is_t_hs_is_t_bool_bool_bool_bool_ap_uint_ap_uint_ap_119, void %arrayidx180.case.19, i1 %cont_hs_is_t_hs_is_t_hs_is_t_hs_is_t_bool_bool_bool_bool_ap_uint_ap_uint_ap_119, void %arrayidx180.case.18, i1 %cont_hs_is_t_hs_is_t_hs_is_t_hs_is_t_bool_bool_bool_bool_ap_uint_ap_uint_ap_119, void %arrayidx180.case.17, i1 %cont_hs_is_t_hs_is_t_hs_is_t_hs_is_t_bool_bool_bool_bool_ap_uint_ap_uint_ap_119, void %arrayidx180.case.16, i1 %cont_hs_is_t_hs_is_t_hs_is_t_hs_is_t_bool_bool_bool_bool_ap_uint_ap_uint_ap_119, void %arrayidx180.case.15, i1 %cont_hs_is_t_hs_is_t_hs_is_t_hs_is_t_bool_bool_bool_bool_ap_uint_ap_uint_ap_119, void %arrayidx180.case.14, i1 %cont_hs_is_t_hs_is_t_hs_is_t_hs_is_t_bool_bool_bool_bool_ap_uint_ap_uint_ap_119, void %arrayidx180.case.13, i1 %cont_hs_is_t_hs_is_t_hs_is_t_hs_is_t_bool_bool_bool_bool_ap_uint_ap_uint_ap_119, void %arrayidx180.case.12, i1 %cont_hs_is_t_hs_is_t_hs_is_t_hs_is_t_bool_bool_bool_bool_ap_uint_ap_uint_ap_119, void %arrayidx180.case.11, i1 %cont_hs_is_t_hs_is_t_hs_is_t_hs_is_t_bool_bool_bool_bool_ap_uint_ap_uint_ap_119, void %arrayidx180.case.10, i1 %cont_hs_is_t_hs_is_t_hs_is_t_hs_is_t_bool_bool_bool_bool_ap_uint_ap_uint_ap_119, void %arrayidx180.case.9, i1 %cont_hs_is_t_hs_is_t_hs_is_t_hs_is_t_bool_bool_bool_bool_ap_uint_ap_uint_ap_119, void %arrayidx180.case.8, i1 1, void %arrayidx180.case.7, i1 %cont_hs_is_t_hs_is_t_hs_is_t_hs_is_t_bool_bool_bool_bool_ap_uint_ap_uint_ap_119, void %arrayidx180.case.6, i1 %cont_hs_is_t_hs_is_t_hs_is_t_hs_is_t_bool_bool_bool_bool_ap_uint_ap_uint_ap_119, void %arrayidx180.case.5, i1 %cont_hs_is_t_hs_is_t_hs_is_t_hs_is_t_bool_bool_bool_bool_ap_uint_ap_uint_ap_119, void %arrayidx180.case.4, i1 %cont_hs_is_t_hs_is_t_hs_is_t_hs_is_t_bool_bool_bool_bool_ap_uint_ap_uint_ap_119, void %arrayidx180.case.3, i1 %cont_hs_is_t_hs_is_t_hs_is_t_hs_is_t_bool_bool_bool_bool_ap_uint_ap_uint_ap_119, void %arrayidx180.case.2, i1 %cont_hs_is_t_hs_is_t_hs_is_t_hs_is_t_bool_bool_bool_bool_ap_uint_ap_uint_ap_119, void %arrayidx180.case.1, i1 %cont_hs_is_t_hs_is_t_hs_is_t_hs_is_t_bool_bool_bool_bool_ap_uint_ap_uint_ap_119, void %arrayidx176.exit"   --->   Operation 349 'phi' 'cont_hs_is_t_hs_is_t_hs_is_t_hs_is_t_bool_bool_bool_bool_ap_uint_ap_uint_ap_136' <Predicate = (state_load == 5)> <Delay = 0.00>
ST_1 : Operation 350 [1/1] (0.00ns)   --->   "%cont_hs_is_t_hs_is_t_hs_is_t_hs_is_t_bool_bool_bool_bool_ap_uint_ap_uint_ap_137 = phi i33 %ret_V_8, void %arrayidx180.case.19, i33 %ret_V_8, void %arrayidx180.case.18, i33 %ret_V_8, void %arrayidx180.case.17, i33 %ret_V_8, void %arrayidx180.case.16, i33 %ret_V_8, void %arrayidx180.case.15, i33 %ret_V_8, void %arrayidx180.case.14, i33 %ret_V_8, void %arrayidx180.case.13, i33 %ret_V_8, void %arrayidx180.case.12, i33 %ret_V_8, void %arrayidx180.case.11, i33 %ret_V_8, void %arrayidx180.case.10, i33 %ret_V_8, void %arrayidx180.case.9, i33 %ret_V_8, void %arrayidx180.case.8, i33 %ret_V_9, void %arrayidx180.case.7, i33 %ret_V_8, void %arrayidx180.case.6, i33 %ret_V_8, void %arrayidx180.case.5, i33 %ret_V_8, void %arrayidx180.case.4, i33 %ret_V_8, void %arrayidx180.case.3, i33 %ret_V_8, void %arrayidx180.case.2, i33 %ret_V_8, void %arrayidx180.case.1, i33 %ret_V_8, void %arrayidx176.exit"   --->   Operation 350 'phi' 'cont_hs_is_t_hs_is_t_hs_is_t_hs_is_t_bool_bool_bool_bool_ap_uint_ap_uint_ap_137' <Predicate = (state_load == 5)> <Delay = 0.00>
ST_1 : Operation 351 [1/1] (0.00ns)   --->   "%cont_hs_is_t_hs_is_t_hs_is_t_hs_is_t_bool_bool_bool_bool_ap_uint_ap_uint_ap_138 = phi i1 %cont_hs_is_t_hs_is_t_hs_is_t_hs_is_t_bool_bool_bool_bool_ap_uint_ap_uint_ap_120, void %arrayidx180.case.19, i1 %cont_hs_is_t_hs_is_t_hs_is_t_hs_is_t_bool_bool_bool_bool_ap_uint_ap_uint_ap_120, void %arrayidx180.case.18, i1 %cont_hs_is_t_hs_is_t_hs_is_t_hs_is_t_bool_bool_bool_bool_ap_uint_ap_uint_ap_120, void %arrayidx180.case.17, i1 %cont_hs_is_t_hs_is_t_hs_is_t_hs_is_t_bool_bool_bool_bool_ap_uint_ap_uint_ap_120, void %arrayidx180.case.16, i1 %cont_hs_is_t_hs_is_t_hs_is_t_hs_is_t_bool_bool_bool_bool_ap_uint_ap_uint_ap_120, void %arrayidx180.case.15, i1 %cont_hs_is_t_hs_is_t_hs_is_t_hs_is_t_bool_bool_bool_bool_ap_uint_ap_uint_ap_120, void %arrayidx180.case.14, i1 %cont_hs_is_t_hs_is_t_hs_is_t_hs_is_t_bool_bool_bool_bool_ap_uint_ap_uint_ap_120, void %arrayidx180.case.13, i1 %cont_hs_is_t_hs_is_t_hs_is_t_hs_is_t_bool_bool_bool_bool_ap_uint_ap_uint_ap_120, void %arrayidx180.case.12, i1 %cont_hs_is_t_hs_is_t_hs_is_t_hs_is_t_bool_bool_bool_bool_ap_uint_ap_uint_ap_120, void %arrayidx180.case.11, i1 %cont_hs_is_t_hs_is_t_hs_is_t_hs_is_t_bool_bool_bool_bool_ap_uint_ap_uint_ap_120, void %arrayidx180.case.10, i1 %cont_hs_is_t_hs_is_t_hs_is_t_hs_is_t_bool_bool_bool_bool_ap_uint_ap_uint_ap_120, void %arrayidx180.case.9, i1 1, void %arrayidx180.case.8, i1 %cont_hs_is_t_hs_is_t_hs_is_t_hs_is_t_bool_bool_bool_bool_ap_uint_ap_uint_ap_120, void %arrayidx180.case.7, i1 %cont_hs_is_t_hs_is_t_hs_is_t_hs_is_t_bool_bool_bool_bool_ap_uint_ap_uint_ap_120, void %arrayidx180.case.6, i1 %cont_hs_is_t_hs_is_t_hs_is_t_hs_is_t_bool_bool_bool_bool_ap_uint_ap_uint_ap_120, void %arrayidx180.case.5, i1 %cont_hs_is_t_hs_is_t_hs_is_t_hs_is_t_bool_bool_bool_bool_ap_uint_ap_uint_ap_120, void %arrayidx180.case.4, i1 %cont_hs_is_t_hs_is_t_hs_is_t_hs_is_t_bool_bool_bool_bool_ap_uint_ap_uint_ap_120, void %arrayidx180.case.3, i1 %cont_hs_is_t_hs_is_t_hs_is_t_hs_is_t_bool_bool_bool_bool_ap_uint_ap_uint_ap_120, void %arrayidx180.case.2, i1 %cont_hs_is_t_hs_is_t_hs_is_t_hs_is_t_bool_bool_bool_bool_ap_uint_ap_uint_ap_120, void %arrayidx180.case.1, i1 %cont_hs_is_t_hs_is_t_hs_is_t_hs_is_t_bool_bool_bool_bool_ap_uint_ap_uint_ap_120, void %arrayidx176.exit"   --->   Operation 351 'phi' 'cont_hs_is_t_hs_is_t_hs_is_t_hs_is_t_bool_bool_bool_bool_ap_uint_ap_uint_ap_138' <Predicate = (state_load == 5)> <Delay = 0.00>
ST_1 : Operation 352 [1/1] (0.00ns)   --->   "%cont_hs_is_t_hs_is_t_hs_is_t_hs_is_t_bool_bool_bool_bool_ap_uint_ap_uint_ap_139 = phi i33 %ret_V_8, void %arrayidx180.case.19, i33 %ret_V_8, void %arrayidx180.case.18, i33 %ret_V_8, void %arrayidx180.case.17, i33 %ret_V_8, void %arrayidx180.case.16, i33 %ret_V_8, void %arrayidx180.case.15, i33 %ret_V_8, void %arrayidx180.case.14, i33 %ret_V_8, void %arrayidx180.case.13, i33 %ret_V_8, void %arrayidx180.case.12, i33 %ret_V_8, void %arrayidx180.case.11, i33 %ret_V_8, void %arrayidx180.case.10, i33 %ret_V_8, void %arrayidx180.case.9, i33 %ret_V_9, void %arrayidx180.case.8, i33 %ret_V_8, void %arrayidx180.case.7, i33 %ret_V_8, void %arrayidx180.case.6, i33 %ret_V_8, void %arrayidx180.case.5, i33 %ret_V_8, void %arrayidx180.case.4, i33 %ret_V_8, void %arrayidx180.case.3, i33 %ret_V_8, void %arrayidx180.case.2, i33 %ret_V_8, void %arrayidx180.case.1, i33 %ret_V_8, void %arrayidx176.exit"   --->   Operation 352 'phi' 'cont_hs_is_t_hs_is_t_hs_is_t_hs_is_t_bool_bool_bool_bool_ap_uint_ap_uint_ap_139' <Predicate = (state_load == 5)> <Delay = 0.00>
ST_1 : Operation 353 [1/1] (0.00ns)   --->   "%cont_hs_is_t_hs_is_t_hs_is_t_hs_is_t_bool_bool_bool_bool_ap_uint_ap_uint_ap_140 = phi i1 %cont_hs_is_t_hs_is_t_hs_is_t_hs_is_t_bool_bool_bool_bool_ap_uint_ap_uint_ap_121, void %arrayidx180.case.19, i1 %cont_hs_is_t_hs_is_t_hs_is_t_hs_is_t_bool_bool_bool_bool_ap_uint_ap_uint_ap_121, void %arrayidx180.case.18, i1 %cont_hs_is_t_hs_is_t_hs_is_t_hs_is_t_bool_bool_bool_bool_ap_uint_ap_uint_ap_121, void %arrayidx180.case.17, i1 %cont_hs_is_t_hs_is_t_hs_is_t_hs_is_t_bool_bool_bool_bool_ap_uint_ap_uint_ap_121, void %arrayidx180.case.16, i1 %cont_hs_is_t_hs_is_t_hs_is_t_hs_is_t_bool_bool_bool_bool_ap_uint_ap_uint_ap_121, void %arrayidx180.case.15, i1 %cont_hs_is_t_hs_is_t_hs_is_t_hs_is_t_bool_bool_bool_bool_ap_uint_ap_uint_ap_121, void %arrayidx180.case.14, i1 %cont_hs_is_t_hs_is_t_hs_is_t_hs_is_t_bool_bool_bool_bool_ap_uint_ap_uint_ap_121, void %arrayidx180.case.13, i1 %cont_hs_is_t_hs_is_t_hs_is_t_hs_is_t_bool_bool_bool_bool_ap_uint_ap_uint_ap_121, void %arrayidx180.case.12, i1 %cont_hs_is_t_hs_is_t_hs_is_t_hs_is_t_bool_bool_bool_bool_ap_uint_ap_uint_ap_121, void %arrayidx180.case.11, i1 %cont_hs_is_t_hs_is_t_hs_is_t_hs_is_t_bool_bool_bool_bool_ap_uint_ap_uint_ap_121, void %arrayidx180.case.10, i1 1, void %arrayidx180.case.9, i1 %cont_hs_is_t_hs_is_t_hs_is_t_hs_is_t_bool_bool_bool_bool_ap_uint_ap_uint_ap_121, void %arrayidx180.case.8, i1 %cont_hs_is_t_hs_is_t_hs_is_t_hs_is_t_bool_bool_bool_bool_ap_uint_ap_uint_ap_121, void %arrayidx180.case.7, i1 %cont_hs_is_t_hs_is_t_hs_is_t_hs_is_t_bool_bool_bool_bool_ap_uint_ap_uint_ap_121, void %arrayidx180.case.6, i1 %cont_hs_is_t_hs_is_t_hs_is_t_hs_is_t_bool_bool_bool_bool_ap_uint_ap_uint_ap_121, void %arrayidx180.case.5, i1 %cont_hs_is_t_hs_is_t_hs_is_t_hs_is_t_bool_bool_bool_bool_ap_uint_ap_uint_ap_121, void %arrayidx180.case.4, i1 %cont_hs_is_t_hs_is_t_hs_is_t_hs_is_t_bool_bool_bool_bool_ap_uint_ap_uint_ap_121, void %arrayidx180.case.3, i1 %cont_hs_is_t_hs_is_t_hs_is_t_hs_is_t_bool_bool_bool_bool_ap_uint_ap_uint_ap_121, void %arrayidx180.case.2, i1 %cont_hs_is_t_hs_is_t_hs_is_t_hs_is_t_bool_bool_bool_bool_ap_uint_ap_uint_ap_121, void %arrayidx180.case.1, i1 %cont_hs_is_t_hs_is_t_hs_is_t_hs_is_t_bool_bool_bool_bool_ap_uint_ap_uint_ap_121, void %arrayidx176.exit"   --->   Operation 353 'phi' 'cont_hs_is_t_hs_is_t_hs_is_t_hs_is_t_bool_bool_bool_bool_ap_uint_ap_uint_ap_140' <Predicate = (state_load == 5)> <Delay = 0.00>
ST_1 : Operation 354 [1/1] (0.00ns)   --->   "%cont_hs_is_t_hs_is_t_hs_is_t_hs_is_t_bool_bool_bool_bool_ap_uint_ap_uint_ap_141 = phi i33 %ret_V_8, void %arrayidx180.case.19, i33 %ret_V_8, void %arrayidx180.case.18, i33 %ret_V_8, void %arrayidx180.case.17, i33 %ret_V_8, void %arrayidx180.case.16, i33 %ret_V_8, void %arrayidx180.case.15, i33 %ret_V_8, void %arrayidx180.case.14, i33 %ret_V_8, void %arrayidx180.case.13, i33 %ret_V_8, void %arrayidx180.case.12, i33 %ret_V_8, void %arrayidx180.case.11, i33 %ret_V_8, void %arrayidx180.case.10, i33 %ret_V_9, void %arrayidx180.case.9, i33 %ret_V_8, void %arrayidx180.case.8, i33 %ret_V_8, void %arrayidx180.case.7, i33 %ret_V_8, void %arrayidx180.case.6, i33 %ret_V_8, void %arrayidx180.case.5, i33 %ret_V_8, void %arrayidx180.case.4, i33 %ret_V_8, void %arrayidx180.case.3, i33 %ret_V_8, void %arrayidx180.case.2, i33 %ret_V_8, void %arrayidx180.case.1, i33 %ret_V_8, void %arrayidx176.exit"   --->   Operation 354 'phi' 'cont_hs_is_t_hs_is_t_hs_is_t_hs_is_t_bool_bool_bool_bool_ap_uint_ap_uint_ap_141' <Predicate = (state_load == 5)> <Delay = 0.00>
ST_1 : Operation 355 [1/1] (0.00ns)   --->   "%p_ZZ4contP7hs_is_tS0_S0_S0_bbbb7ap_uintILi5EES1_ILi11EEPS3_PbE8buffer_b_10_flag_5 = phi i1 %p_ZZ4contP7hs_is_tS0_S0_S0_bbbb7ap_uintILi5EES1_ILi11EEPS3_PbE8buffer_b_10_flag_4, void %arrayidx180.case.19, i1 %p_ZZ4contP7hs_is_tS0_S0_S0_bbbb7ap_uintILi5EES1_ILi11EEPS3_PbE8buffer_b_10_flag_4, void %arrayidx180.case.18, i1 %p_ZZ4contP7hs_is_tS0_S0_S0_bbbb7ap_uintILi5EES1_ILi11EEPS3_PbE8buffer_b_10_flag_4, void %arrayidx180.case.17, i1 %p_ZZ4contP7hs_is_tS0_S0_S0_bbbb7ap_uintILi5EES1_ILi11EEPS3_PbE8buffer_b_10_flag_4, void %arrayidx180.case.16, i1 %p_ZZ4contP7hs_is_tS0_S0_S0_bbbb7ap_uintILi5EES1_ILi11EEPS3_PbE8buffer_b_10_flag_4, void %arrayidx180.case.15, i1 %p_ZZ4contP7hs_is_tS0_S0_S0_bbbb7ap_uintILi5EES1_ILi11EEPS3_PbE8buffer_b_10_flag_4, void %arrayidx180.case.14, i1 %p_ZZ4contP7hs_is_tS0_S0_S0_bbbb7ap_uintILi5EES1_ILi11EEPS3_PbE8buffer_b_10_flag_4, void %arrayidx180.case.13, i1 %p_ZZ4contP7hs_is_tS0_S0_S0_bbbb7ap_uintILi5EES1_ILi11EEPS3_PbE8buffer_b_10_flag_4, void %arrayidx180.case.12, i1 %p_ZZ4contP7hs_is_tS0_S0_S0_bbbb7ap_uintILi5EES1_ILi11EEPS3_PbE8buffer_b_10_flag_4, void %arrayidx180.case.11, i1 1, void %arrayidx180.case.10, i1 %p_ZZ4contP7hs_is_tS0_S0_S0_bbbb7ap_uintILi5EES1_ILi11EEPS3_PbE8buffer_b_10_flag_4, void %arrayidx180.case.9, i1 %p_ZZ4contP7hs_is_tS0_S0_S0_bbbb7ap_uintILi5EES1_ILi11EEPS3_PbE8buffer_b_10_flag_4, void %arrayidx180.case.8, i1 %p_ZZ4contP7hs_is_tS0_S0_S0_bbbb7ap_uintILi5EES1_ILi11EEPS3_PbE8buffer_b_10_flag_4, void %arrayidx180.case.7, i1 %p_ZZ4contP7hs_is_tS0_S0_S0_bbbb7ap_uintILi5EES1_ILi11EEPS3_PbE8buffer_b_10_flag_4, void %arrayidx180.case.6, i1 %p_ZZ4contP7hs_is_tS0_S0_S0_bbbb7ap_uintILi5EES1_ILi11EEPS3_PbE8buffer_b_10_flag_4, void %arrayidx180.case.5, i1 %p_ZZ4contP7hs_is_tS0_S0_S0_bbbb7ap_uintILi5EES1_ILi11EEPS3_PbE8buffer_b_10_flag_4, void %arrayidx180.case.4, i1 %p_ZZ4contP7hs_is_tS0_S0_S0_bbbb7ap_uintILi5EES1_ILi11EEPS3_PbE8buffer_b_10_flag_4, void %arrayidx180.case.3, i1 %p_ZZ4contP7hs_is_tS0_S0_S0_bbbb7ap_uintILi5EES1_ILi11EEPS3_PbE8buffer_b_10_flag_4, void %arrayidx180.case.2, i1 %p_ZZ4contP7hs_is_tS0_S0_S0_bbbb7ap_uintILi5EES1_ILi11EEPS3_PbE8buffer_b_10_flag_4, void %arrayidx180.case.1, i1 %p_ZZ4contP7hs_is_tS0_S0_S0_bbbb7ap_uintILi5EES1_ILi11EEPS3_PbE8buffer_b_10_flag_4, void %arrayidx176.exit"   --->   Operation 355 'phi' 'p_ZZ4contP7hs_is_tS0_S0_S0_bbbb7ap_uintILi5EES1_ILi11EEPS3_PbE8buffer_b_10_flag_5' <Predicate = (state_load == 5)> <Delay = 0.00>
ST_1 : Operation 356 [1/1] (0.00ns)   --->   "%p_ZZ4contP7hs_is_tS0_S0_S0_bbbb7ap_uintILi5EES1_ILi11EEPS3_PbE8buffer_b_10_new_5 = phi i33 %ret_V_8, void %arrayidx180.case.19, i33 %ret_V_8, void %arrayidx180.case.18, i33 %ret_V_8, void %arrayidx180.case.17, i33 %ret_V_8, void %arrayidx180.case.16, i33 %ret_V_8, void %arrayidx180.case.15, i33 %ret_V_8, void %arrayidx180.case.14, i33 %ret_V_8, void %arrayidx180.case.13, i33 %ret_V_8, void %arrayidx180.case.12, i33 %ret_V_8, void %arrayidx180.case.11, i33 %ret_V_9, void %arrayidx180.case.10, i33 %ret_V_8, void %arrayidx180.case.9, i33 %ret_V_8, void %arrayidx180.case.8, i33 %ret_V_8, void %arrayidx180.case.7, i33 %ret_V_8, void %arrayidx180.case.6, i33 %ret_V_8, void %arrayidx180.case.5, i33 %ret_V_8, void %arrayidx180.case.4, i33 %ret_V_8, void %arrayidx180.case.3, i33 %ret_V_8, void %arrayidx180.case.2, i33 %ret_V_8, void %arrayidx180.case.1, i33 %ret_V_8, void %arrayidx176.exit"   --->   Operation 356 'phi' 'p_ZZ4contP7hs_is_tS0_S0_S0_bbbb7ap_uintILi5EES1_ILi11EEPS3_PbE8buffer_b_10_new_5' <Predicate = (state_load == 5)> <Delay = 0.00>
ST_1 : Operation 357 [1/1] (0.00ns)   --->   "%cont_mulmulmulmulmulmulhs_is_t_hs_is_t_hs_is_t_hs_is_t_bool_bool_bool_bool_ap_uint_5_ap_uint_11_ap_uint_11_bool_buffer_b_float_long_signed_char_float128_5 = phi i1 %cont_mulmulmulmulmulmulhs_is_t_hs_is_t_hs_is_t_hs_is_t_bool_bool_bool_bool_ap_uint_5_ap_uint_11_ap_uint_11_bool_buffer_b_float_long_signed_char_float128_4, void %arrayidx180.case.19, i1 %cont_mulmulmulmulmulmulhs_is_t_hs_is_t_hs_is_t_hs_is_t_bool_bool_bool_bool_ap_uint_5_ap_uint_11_ap_uint_11_bool_buffer_b_float_long_signed_char_float128_4, void %arrayidx180.case.18, i1 %cont_mulmulmulmulmulmulhs_is_t_hs_is_t_hs_is_t_hs_is_t_bool_bool_bool_bool_ap_uint_5_ap_uint_11_ap_uint_11_bool_buffer_b_float_long_signed_char_float128_4, void %arrayidx180.case.17, i1 %cont_mulmulmulmulmulmulhs_is_t_hs_is_t_hs_is_t_hs_is_t_bool_bool_bool_bool_ap_uint_5_ap_uint_11_ap_uint_11_bool_buffer_b_float_long_signed_char_float128_4, void %arrayidx180.case.16, i1 %cont_mulmulmulmulmulmulhs_is_t_hs_is_t_hs_is_t_hs_is_t_bool_bool_bool_bool_ap_uint_5_ap_uint_11_ap_uint_11_bool_buffer_b_float_long_signed_char_float128_4, void %arrayidx180.case.15, i1 %cont_mulmulmulmulmulmulhs_is_t_hs_is_t_hs_is_t_hs_is_t_bool_bool_bool_bool_ap_uint_5_ap_uint_11_ap_uint_11_bool_buffer_b_float_long_signed_char_float128_4, void %arrayidx180.case.14, i1 %cont_mulmulmulmulmulmulhs_is_t_hs_is_t_hs_is_t_hs_is_t_bool_bool_bool_bool_ap_uint_5_ap_uint_11_ap_uint_11_bool_buffer_b_float_long_signed_char_float128_4, void %arrayidx180.case.13, i1 %cont_mulmulmulmulmulmulhs_is_t_hs_is_t_hs_is_t_hs_is_t_bool_bool_bool_bool_ap_uint_5_ap_uint_11_ap_uint_11_bool_buffer_b_float_long_signed_char_float128_4, void %arrayidx180.case.12, i1 1, void %arrayidx180.case.11, i1 %cont_mulmulmulmulmulmulhs_is_t_hs_is_t_hs_is_t_hs_is_t_bool_bool_bool_bool_ap_uint_5_ap_uint_11_ap_uint_11_bool_buffer_b_float_long_signed_char_float128_4, void %arrayidx180.case.10, i1 %cont_mulmulmulmulmulmulhs_is_t_hs_is_t_hs_is_t_hs_is_t_bool_bool_bool_bool_ap_uint_5_ap_uint_11_ap_uint_11_bool_buffer_b_float_long_signed_char_float128_4, void %arrayidx180.case.9, i1 %cont_mulmulmulmulmulmulhs_is_t_hs_is_t_hs_is_t_hs_is_t_bool_bool_bool_bool_ap_uint_5_ap_uint_11_ap_uint_11_bool_buffer_b_float_long_signed_char_float128_4, void %arrayidx180.case.8, i1 %cont_mulmulmulmulmulmulhs_is_t_hs_is_t_hs_is_t_hs_is_t_bool_bool_bool_bool_ap_uint_5_ap_uint_11_ap_uint_11_bool_buffer_b_float_long_signed_char_float128_4, void %arrayidx180.case.7, i1 %cont_mulmulmulmulmulmulhs_is_t_hs_is_t_hs_is_t_hs_is_t_bool_bool_bool_bool_ap_uint_5_ap_uint_11_ap_uint_11_bool_buffer_b_float_long_signed_char_float128_4, void %arrayidx180.case.6, i1 %cont_mulmulmulmulmulmulhs_is_t_hs_is_t_hs_is_t_hs_is_t_bool_bool_bool_bool_ap_uint_5_ap_uint_11_ap_uint_11_bool_buffer_b_float_long_signed_char_float128_4, void %arrayidx180.case.5, i1 %cont_mulmulmulmulmulmulhs_is_t_hs_is_t_hs_is_t_hs_is_t_bool_bool_bool_bool_ap_uint_5_ap_uint_11_ap_uint_11_bool_buffer_b_float_long_signed_char_float128_4, void %arrayidx180.case.4, i1 %cont_mulmulmulmulmulmulhs_is_t_hs_is_t_hs_is_t_hs_is_t_bool_bool_bool_bool_ap_uint_5_ap_uint_11_ap_uint_11_bool_buffer_b_float_long_signed_char_float128_4, void %arrayidx180.case.3, i1 %cont_mulmulmulmulmulmulhs_is_t_hs_is_t_hs_is_t_hs_is_t_bool_bool_bool_bool_ap_uint_5_ap_uint_11_ap_uint_11_bool_buffer_b_float_long_signed_char_float128_4, void %arrayidx180.case.2, i1 %cont_mulmulmulmulmulmulhs_is_t_hs_is_t_hs_is_t_hs_is_t_bool_bool_bool_bool_ap_uint_5_ap_uint_11_ap_uint_11_bool_buffer_b_float_long_signed_char_float128_4, void %arrayidx180.case.1, i1 %cont_mulmulmulmulmulmulhs_is_t_hs_is_t_hs_is_t_hs_is_t_bool_bool_bool_bool_ap_uint_5_ap_uint_11_ap_uint_11_bool_buffer_b_float_long_signed_char_float128_4, void %arrayidx176.exit"   --->   Operation 357 'phi' 'cont_mulmulmulmulmulmulhs_is_t_hs_is_t_hs_is_t_hs_is_t_bool_bool_bool_bool_ap_uint_5_ap_uint_11_ap_uint_11_bool_buffer_b_float_long_signed_char_float128_5' <Predicate = (state_load == 5)> <Delay = 0.00>
ST_1 : Operation 358 [1/1] (0.00ns)   --->   "%cont_mulmulmulmulmulmulhs_is_t_hs_is_t_hs_is_t_hs_is_t_bool_bool_bool_bool_ap_uint_5_ap_uint_11_ap_uint_11_bool_buffer_b_int128_long_double_wchar_t_5 = phi i33 %ret_V_8, void %arrayidx180.case.19, i33 %ret_V_8, void %arrayidx180.case.18, i33 %ret_V_8, void %arrayidx180.case.17, i33 %ret_V_8, void %arrayidx180.case.16, i33 %ret_V_8, void %arrayidx180.case.15, i33 %ret_V_8, void %arrayidx180.case.14, i33 %ret_V_8, void %arrayidx180.case.13, i33 %ret_V_8, void %arrayidx180.case.12, i33 %ret_V_9, void %arrayidx180.case.11, i33 %ret_V_8, void %arrayidx180.case.10, i33 %ret_V_8, void %arrayidx180.case.9, i33 %ret_V_8, void %arrayidx180.case.8, i33 %ret_V_8, void %arrayidx180.case.7, i33 %ret_V_8, void %arrayidx180.case.6, i33 %ret_V_8, void %arrayidx180.case.5, i33 %ret_V_8, void %arrayidx180.case.4, i33 %ret_V_8, void %arrayidx180.case.3, i33 %ret_V_8, void %arrayidx180.case.2, i33 %ret_V_8, void %arrayidx180.case.1, i33 %ret_V_8, void %arrayidx176.exit"   --->   Operation 358 'phi' 'cont_mulmulmulmulmulmulhs_is_t_hs_is_t_hs_is_t_hs_is_t_bool_bool_bool_bool_ap_uint_5_ap_uint_11_ap_uint_11_bool_buffer_b_int128_long_double_wchar_t_5' <Predicate = (state_load == 5)> <Delay = 0.00>
ST_1 : Operation 359 [1/1] (0.00ns)   --->   "%cont_mulmulmulmulmulmulhs_is_t_hs_is_t_hs_is_t_hs_is_t_bool_bool_bool_bool_ap_uint_5_ap_uint_11_ap_uint_11_bool_buffer_b_f_long_signed_char_float128_5 = phi i1 %cont_mulmulmulmulmulmulhs_is_t_hs_is_t_hs_is_t_hs_is_t_bool_bool_bool_bool_ap_uint_5_ap_uint_11_ap_uint_11_bool_buffer_b_f_long_signed_char_float128_4, void %arrayidx180.case.19, i1 %cont_mulmulmulmulmulmulhs_is_t_hs_is_t_hs_is_t_hs_is_t_bool_bool_bool_bool_ap_uint_5_ap_uint_11_ap_uint_11_bool_buffer_b_f_long_signed_char_float128_4, void %arrayidx180.case.18, i1 %cont_mulmulmulmulmulmulhs_is_t_hs_is_t_hs_is_t_hs_is_t_bool_bool_bool_bool_ap_uint_5_ap_uint_11_ap_uint_11_bool_buffer_b_f_long_signed_char_float128_4, void %arrayidx180.case.17, i1 %cont_mulmulmulmulmulmulhs_is_t_hs_is_t_hs_is_t_hs_is_t_bool_bool_bool_bool_ap_uint_5_ap_uint_11_ap_uint_11_bool_buffer_b_f_long_signed_char_float128_4, void %arrayidx180.case.16, i1 %cont_mulmulmulmulmulmulhs_is_t_hs_is_t_hs_is_t_hs_is_t_bool_bool_bool_bool_ap_uint_5_ap_uint_11_ap_uint_11_bool_buffer_b_f_long_signed_char_float128_4, void %arrayidx180.case.15, i1 %cont_mulmulmulmulmulmulhs_is_t_hs_is_t_hs_is_t_hs_is_t_bool_bool_bool_bool_ap_uint_5_ap_uint_11_ap_uint_11_bool_buffer_b_f_long_signed_char_float128_4, void %arrayidx180.case.14, i1 %cont_mulmulmulmulmulmulhs_is_t_hs_is_t_hs_is_t_hs_is_t_bool_bool_bool_bool_ap_uint_5_ap_uint_11_ap_uint_11_bool_buffer_b_f_long_signed_char_float128_4, void %arrayidx180.case.13, i1 1, void %arrayidx180.case.12, i1 %cont_mulmulmulmulmulmulhs_is_t_hs_is_t_hs_is_t_hs_is_t_bool_bool_bool_bool_ap_uint_5_ap_uint_11_ap_uint_11_bool_buffer_b_f_long_signed_char_float128_4, void %arrayidx180.case.11, i1 %cont_mulmulmulmulmulmulhs_is_t_hs_is_t_hs_is_t_hs_is_t_bool_bool_bool_bool_ap_uint_5_ap_uint_11_ap_uint_11_bool_buffer_b_f_long_signed_char_float128_4, void %arrayidx180.case.10, i1 %cont_mulmulmulmulmulmulhs_is_t_hs_is_t_hs_is_t_hs_is_t_bool_bool_bool_bool_ap_uint_5_ap_uint_11_ap_uint_11_bool_buffer_b_f_long_signed_char_float128_4, void %arrayidx180.case.9, i1 %cont_mulmulmulmulmulmulhs_is_t_hs_is_t_hs_is_t_hs_is_t_bool_bool_bool_bool_ap_uint_5_ap_uint_11_ap_uint_11_bool_buffer_b_f_long_signed_char_float128_4, void %arrayidx180.case.8, i1 %cont_mulmulmulmulmulmulhs_is_t_hs_is_t_hs_is_t_hs_is_t_bool_bool_bool_bool_ap_uint_5_ap_uint_11_ap_uint_11_bool_buffer_b_f_long_signed_char_float128_4, void %arrayidx180.case.7, i1 %cont_mulmulmulmulmulmulhs_is_t_hs_is_t_hs_is_t_hs_is_t_bool_bool_bool_bool_ap_uint_5_ap_uint_11_ap_uint_11_bool_buffer_b_f_long_signed_char_float128_4, void %arrayidx180.case.6, i1 %cont_mulmulmulmulmulmulhs_is_t_hs_is_t_hs_is_t_hs_is_t_bool_bool_bool_bool_ap_uint_5_ap_uint_11_ap_uint_11_bool_buffer_b_f_long_signed_char_float128_4, void %arrayidx180.case.5, i1 %cont_mulmulmulmulmulmulhs_is_t_hs_is_t_hs_is_t_hs_is_t_bool_bool_bool_bool_ap_uint_5_ap_uint_11_ap_uint_11_bool_buffer_b_f_long_signed_char_float128_4, void %arrayidx180.case.4, i1 %cont_mulmulmulmulmulmulhs_is_t_hs_is_t_hs_is_t_hs_is_t_bool_bool_bool_bool_ap_uint_5_ap_uint_11_ap_uint_11_bool_buffer_b_f_long_signed_char_float128_4, void %arrayidx180.case.3, i1 %cont_mulmulmulmulmulmulhs_is_t_hs_is_t_hs_is_t_hs_is_t_bool_bool_bool_bool_ap_uint_5_ap_uint_11_ap_uint_11_bool_buffer_b_f_long_signed_char_float128_4, void %arrayidx180.case.2, i1 %cont_mulmulmulmulmulmulhs_is_t_hs_is_t_hs_is_t_hs_is_t_bool_bool_bool_bool_ap_uint_5_ap_uint_11_ap_uint_11_bool_buffer_b_f_long_signed_char_float128_4, void %arrayidx180.case.1, i1 %cont_mulmulmulmulmulmulhs_is_t_hs_is_t_hs_is_t_hs_is_t_bool_bool_bool_bool_ap_uint_5_ap_uint_11_ap_uint_11_bool_buffer_b_f_long_signed_char_float128_4, void %arrayidx176.exit"   --->   Operation 359 'phi' 'cont_mulmulmulmulmulmulhs_is_t_hs_is_t_hs_is_t_hs_is_t_bool_bool_bool_bool_ap_uint_5_ap_uint_11_ap_uint_11_bool_buffer_b_f_long_signed_char_float128_5' <Predicate = (state_load == 5)> <Delay = 0.00>
ST_1 : Operation 360 [1/1] (0.00ns)   --->   "%cont_mulmulmulmulmulmulhs_is_t_hs_is_t_hs_is_t_hs_is_t_bool_bool_bool_bool_ap_uint_5_ap_uint_11_ap_uint_11_bool_buffer_b_n_long_double_wchar_t_5 = phi i33 %ret_V_8, void %arrayidx180.case.19, i33 %ret_V_8, void %arrayidx180.case.18, i33 %ret_V_8, void %arrayidx180.case.17, i33 %ret_V_8, void %arrayidx180.case.16, i33 %ret_V_8, void %arrayidx180.case.15, i33 %ret_V_8, void %arrayidx180.case.14, i33 %ret_V_8, void %arrayidx180.case.13, i33 %ret_V_9, void %arrayidx180.case.12, i33 %ret_V_8, void %arrayidx180.case.11, i33 %ret_V_8, void %arrayidx180.case.10, i33 %ret_V_8, void %arrayidx180.case.9, i33 %ret_V_8, void %arrayidx180.case.8, i33 %ret_V_8, void %arrayidx180.case.7, i33 %ret_V_8, void %arrayidx180.case.6, i33 %ret_V_8, void %arrayidx180.case.5, i33 %ret_V_8, void %arrayidx180.case.4, i33 %ret_V_8, void %arrayidx180.case.3, i33 %ret_V_8, void %arrayidx180.case.2, i33 %ret_V_8, void %arrayidx180.case.1, i33 %ret_V_8, void %arrayidx176.exit"   --->   Operation 360 'phi' 'cont_mulmulmulmulmulmulhs_is_t_hs_is_t_hs_is_t_hs_is_t_bool_bool_bool_bool_ap_uint_5_ap_uint_11_ap_uint_11_bool_buffer_b_n_long_double_wchar_t_5' <Predicate = (state_load == 5)> <Delay = 0.00>
ST_1 : Operation 361 [1/1] (0.00ns)   --->   "%cont_mulmulmulmulmulmulhs_is_t_hs_is_t_hs_is_t_hs_is_t_bool_bool_bool_bool_ap_uint_5_ap_uint_11_ap_uint_11_bool_buffer_b_fl_signed_char_float128_5 = phi i1 %cont_mulmulmulmulmulmulhs_is_t_hs_is_t_hs_is_t_hs_is_t_bool_bool_bool_bool_ap_uint_5_ap_uint_11_ap_uint_11_bool_buffer_b_fl_signed_char_float128_4, void %arrayidx180.case.19, i1 %cont_mulmulmulmulmulmulhs_is_t_hs_is_t_hs_is_t_hs_is_t_bool_bool_bool_bool_ap_uint_5_ap_uint_11_ap_uint_11_bool_buffer_b_fl_signed_char_float128_4, void %arrayidx180.case.18, i1 %cont_mulmulmulmulmulmulhs_is_t_hs_is_t_hs_is_t_hs_is_t_bool_bool_bool_bool_ap_uint_5_ap_uint_11_ap_uint_11_bool_buffer_b_fl_signed_char_float128_4, void %arrayidx180.case.17, i1 %cont_mulmulmulmulmulmulhs_is_t_hs_is_t_hs_is_t_hs_is_t_bool_bool_bool_bool_ap_uint_5_ap_uint_11_ap_uint_11_bool_buffer_b_fl_signed_char_float128_4, void %arrayidx180.case.16, i1 %cont_mulmulmulmulmulmulhs_is_t_hs_is_t_hs_is_t_hs_is_t_bool_bool_bool_bool_ap_uint_5_ap_uint_11_ap_uint_11_bool_buffer_b_fl_signed_char_float128_4, void %arrayidx180.case.15, i1 %cont_mulmulmulmulmulmulhs_is_t_hs_is_t_hs_is_t_hs_is_t_bool_bool_bool_bool_ap_uint_5_ap_uint_11_ap_uint_11_bool_buffer_b_fl_signed_char_float128_4, void %arrayidx180.case.14, i1 1, void %arrayidx180.case.13, i1 %cont_mulmulmulmulmulmulhs_is_t_hs_is_t_hs_is_t_hs_is_t_bool_bool_bool_bool_ap_uint_5_ap_uint_11_ap_uint_11_bool_buffer_b_fl_signed_char_float128_4, void %arrayidx180.case.12, i1 %cont_mulmulmulmulmulmulhs_is_t_hs_is_t_hs_is_t_hs_is_t_bool_bool_bool_bool_ap_uint_5_ap_uint_11_ap_uint_11_bool_buffer_b_fl_signed_char_float128_4, void %arrayidx180.case.11, i1 %cont_mulmulmulmulmulmulhs_is_t_hs_is_t_hs_is_t_hs_is_t_bool_bool_bool_bool_ap_uint_5_ap_uint_11_ap_uint_11_bool_buffer_b_fl_signed_char_float128_4, void %arrayidx180.case.10, i1 %cont_mulmulmulmulmulmulhs_is_t_hs_is_t_hs_is_t_hs_is_t_bool_bool_bool_bool_ap_uint_5_ap_uint_11_ap_uint_11_bool_buffer_b_fl_signed_char_float128_4, void %arrayidx180.case.9, i1 %cont_mulmulmulmulmulmulhs_is_t_hs_is_t_hs_is_t_hs_is_t_bool_bool_bool_bool_ap_uint_5_ap_uint_11_ap_uint_11_bool_buffer_b_fl_signed_char_float128_4, void %arrayidx180.case.8, i1 %cont_mulmulmulmulmulmulhs_is_t_hs_is_t_hs_is_t_hs_is_t_bool_bool_bool_bool_ap_uint_5_ap_uint_11_ap_uint_11_bool_buffer_b_fl_signed_char_float128_4, void %arrayidx180.case.7, i1 %cont_mulmulmulmulmulmulhs_is_t_hs_is_t_hs_is_t_hs_is_t_bool_bool_bool_bool_ap_uint_5_ap_uint_11_ap_uint_11_bool_buffer_b_fl_signed_char_float128_4, void %arrayidx180.case.6, i1 %cont_mulmulmulmulmulmulhs_is_t_hs_is_t_hs_is_t_hs_is_t_bool_bool_bool_bool_ap_uint_5_ap_uint_11_ap_uint_11_bool_buffer_b_fl_signed_char_float128_4, void %arrayidx180.case.5, i1 %cont_mulmulmulmulmulmulhs_is_t_hs_is_t_hs_is_t_hs_is_t_bool_bool_bool_bool_ap_uint_5_ap_uint_11_ap_uint_11_bool_buffer_b_fl_signed_char_float128_4, void %arrayidx180.case.4, i1 %cont_mulmulmulmulmulmulhs_is_t_hs_is_t_hs_is_t_hs_is_t_bool_bool_bool_bool_ap_uint_5_ap_uint_11_ap_uint_11_bool_buffer_b_fl_signed_char_float128_4, void %arrayidx180.case.3, i1 %cont_mulmulmulmulmulmulhs_is_t_hs_is_t_hs_is_t_hs_is_t_bool_bool_bool_bool_ap_uint_5_ap_uint_11_ap_uint_11_bool_buffer_b_fl_signed_char_float128_4, void %arrayidx180.case.2, i1 %cont_mulmulmulmulmulmulhs_is_t_hs_is_t_hs_is_t_hs_is_t_bool_bool_bool_bool_ap_uint_5_ap_uint_11_ap_uint_11_bool_buffer_b_fl_signed_char_float128_4, void %arrayidx180.case.1, i1 %cont_mulmulmulmulmulmulhs_is_t_hs_is_t_hs_is_t_hs_is_t_bool_bool_bool_bool_ap_uint_5_ap_uint_11_ap_uint_11_bool_buffer_b_fl_signed_char_float128_4, void %arrayidx176.exit"   --->   Operation 361 'phi' 'cont_mulmulmulmulmulmulhs_is_t_hs_is_t_hs_is_t_hs_is_t_bool_bool_bool_bool_ap_uint_5_ap_uint_11_ap_uint_11_bool_buffer_b_fl_signed_char_float128_5' <Predicate = (state_load == 5)> <Delay = 0.00>
ST_1 : Operation 362 [1/1] (0.00ns)   --->   "%cont_mulmulmulmulmulmulhs_is_t_hs_is_t_hs_is_t_hs_is_t_bool_bool_bool_bool_ap_uint_5_ap_uint_11_ap_uint_11_bool_buffer_b_ne_wchar_t_5 = phi i33 %ret_V_8, void %arrayidx180.case.19, i33 %ret_V_8, void %arrayidx180.case.18, i33 %ret_V_8, void %arrayidx180.case.17, i33 %ret_V_8, void %arrayidx180.case.16, i33 %ret_V_8, void %arrayidx180.case.15, i33 %ret_V_8, void %arrayidx180.case.14, i33 %ret_V_9, void %arrayidx180.case.13, i33 %ret_V_8, void %arrayidx180.case.12, i33 %ret_V_8, void %arrayidx180.case.11, i33 %ret_V_8, void %arrayidx180.case.10, i33 %ret_V_8, void %arrayidx180.case.9, i33 %ret_V_8, void %arrayidx180.case.8, i33 %ret_V_8, void %arrayidx180.case.7, i33 %ret_V_8, void %arrayidx180.case.6, i33 %ret_V_8, void %arrayidx180.case.5, i33 %ret_V_8, void %arrayidx180.case.4, i33 %ret_V_8, void %arrayidx180.case.3, i33 %ret_V_8, void %arrayidx180.case.2, i33 %ret_V_8, void %arrayidx180.case.1, i33 %ret_V_8, void %arrayidx176.exit"   --->   Operation 362 'phi' 'cont_mulmulmulmulmulmulhs_is_t_hs_is_t_hs_is_t_hs_is_t_bool_bool_bool_bool_ap_uint_5_ap_uint_11_ap_uint_11_bool_buffer_b_ne_wchar_t_5' <Predicate = (state_load == 5)> <Delay = 0.00>
ST_1 : Operation 363 [1/1] (0.00ns)   --->   "%cont_mulmulmulmulmulmulhs_is_t_hs_is_t_hs_is_t_hs_is_t_bool_bool_bool_bool_ap_uint_5_ap_uint_11_ap_uint_11_bool_buffer_b_fla_float128_5 = phi i1 %cont_mulmulmulmulmulmulhs_is_t_hs_is_t_hs_is_t_hs_is_t_bool_bool_bool_bool_ap_uint_5_ap_uint_11_ap_uint_11_bool_buffer_b_fla_float128_4, void %arrayidx180.case.19, i1 %cont_mulmulmulmulmulmulhs_is_t_hs_is_t_hs_is_t_hs_is_t_bool_bool_bool_bool_ap_uint_5_ap_uint_11_ap_uint_11_bool_buffer_b_fla_float128_4, void %arrayidx180.case.18, i1 %cont_mulmulmulmulmulmulhs_is_t_hs_is_t_hs_is_t_hs_is_t_bool_bool_bool_bool_ap_uint_5_ap_uint_11_ap_uint_11_bool_buffer_b_fla_float128_4, void %arrayidx180.case.17, i1 %cont_mulmulmulmulmulmulhs_is_t_hs_is_t_hs_is_t_hs_is_t_bool_bool_bool_bool_ap_uint_5_ap_uint_11_ap_uint_11_bool_buffer_b_fla_float128_4, void %arrayidx180.case.16, i1 %cont_mulmulmulmulmulmulhs_is_t_hs_is_t_hs_is_t_hs_is_t_bool_bool_bool_bool_ap_uint_5_ap_uint_11_ap_uint_11_bool_buffer_b_fla_float128_4, void %arrayidx180.case.15, i1 1, void %arrayidx180.case.14, i1 %cont_mulmulmulmulmulmulhs_is_t_hs_is_t_hs_is_t_hs_is_t_bool_bool_bool_bool_ap_uint_5_ap_uint_11_ap_uint_11_bool_buffer_b_fla_float128_4, void %arrayidx180.case.13, i1 %cont_mulmulmulmulmulmulhs_is_t_hs_is_t_hs_is_t_hs_is_t_bool_bool_bool_bool_ap_uint_5_ap_uint_11_ap_uint_11_bool_buffer_b_fla_float128_4, void %arrayidx180.case.12, i1 %cont_mulmulmulmulmulmulhs_is_t_hs_is_t_hs_is_t_hs_is_t_bool_bool_bool_bool_ap_uint_5_ap_uint_11_ap_uint_11_bool_buffer_b_fla_float128_4, void %arrayidx180.case.11, i1 %cont_mulmulmulmulmulmulhs_is_t_hs_is_t_hs_is_t_hs_is_t_bool_bool_bool_bool_ap_uint_5_ap_uint_11_ap_uint_11_bool_buffer_b_fla_float128_4, void %arrayidx180.case.10, i1 %cont_mulmulmulmulmulmulhs_is_t_hs_is_t_hs_is_t_hs_is_t_bool_bool_bool_bool_ap_uint_5_ap_uint_11_ap_uint_11_bool_buffer_b_fla_float128_4, void %arrayidx180.case.9, i1 %cont_mulmulmulmulmulmulhs_is_t_hs_is_t_hs_is_t_hs_is_t_bool_bool_bool_bool_ap_uint_5_ap_uint_11_ap_uint_11_bool_buffer_b_fla_float128_4, void %arrayidx180.case.8, i1 %cont_mulmulmulmulmulmulhs_is_t_hs_is_t_hs_is_t_hs_is_t_bool_bool_bool_bool_ap_uint_5_ap_uint_11_ap_uint_11_bool_buffer_b_fla_float128_4, void %arrayidx180.case.7, i1 %cont_mulmulmulmulmulmulhs_is_t_hs_is_t_hs_is_t_hs_is_t_bool_bool_bool_bool_ap_uint_5_ap_uint_11_ap_uint_11_bool_buffer_b_fla_float128_4, void %arrayidx180.case.6, i1 %cont_mulmulmulmulmulmulhs_is_t_hs_is_t_hs_is_t_hs_is_t_bool_bool_bool_bool_ap_uint_5_ap_uint_11_ap_uint_11_bool_buffer_b_fla_float128_4, void %arrayidx180.case.5, i1 %cont_mulmulmulmulmulmulhs_is_t_hs_is_t_hs_is_t_hs_is_t_bool_bool_bool_bool_ap_uint_5_ap_uint_11_ap_uint_11_bool_buffer_b_fla_float128_4, void %arrayidx180.case.4, i1 %cont_mulmulmulmulmulmulhs_is_t_hs_is_t_hs_is_t_hs_is_t_bool_bool_bool_bool_ap_uint_5_ap_uint_11_ap_uint_11_bool_buffer_b_fla_float128_4, void %arrayidx180.case.3, i1 %cont_mulmulmulmulmulmulhs_is_t_hs_is_t_hs_is_t_hs_is_t_bool_bool_bool_bool_ap_uint_5_ap_uint_11_ap_uint_11_bool_buffer_b_fla_float128_4, void %arrayidx180.case.2, i1 %cont_mulmulmulmulmulmulhs_is_t_hs_is_t_hs_is_t_hs_is_t_bool_bool_bool_bool_ap_uint_5_ap_uint_11_ap_uint_11_bool_buffer_b_fla_float128_4, void %arrayidx180.case.1, i1 %cont_mulmulmulmulmulmulhs_is_t_hs_is_t_hs_is_t_hs_is_t_bool_bool_bool_bool_ap_uint_5_ap_uint_11_ap_uint_11_bool_buffer_b_fla_float128_4, void %arrayidx176.exit"   --->   Operation 363 'phi' 'cont_mulmulmulmulmulmulhs_is_t_hs_is_t_hs_is_t_hs_is_t_bool_bool_bool_bool_ap_uint_5_ap_uint_11_ap_uint_11_bool_buffer_b_fla_float128_5' <Predicate = (state_load == 5)> <Delay = 0.00>
ST_1 : Operation 364 [1/1] (0.00ns)   --->   "%cont_mulmulmulmulmulmulhs_is_t_hs_is_t_hs_is_t_hs_is_t_bool_bool_bool_bool_ap_uint_5_ap_uint_11_ap_uint_11_bool_buffer_b_new_5 = phi i33 %ret_V_8, void %arrayidx180.case.19, i33 %ret_V_8, void %arrayidx180.case.18, i33 %ret_V_8, void %arrayidx180.case.17, i33 %ret_V_8, void %arrayidx180.case.16, i33 %ret_V_8, void %arrayidx180.case.15, i33 %ret_V_9, void %arrayidx180.case.14, i33 %ret_V_8, void %arrayidx180.case.13, i33 %ret_V_8, void %arrayidx180.case.12, i33 %ret_V_8, void %arrayidx180.case.11, i33 %ret_V_8, void %arrayidx180.case.10, i33 %ret_V_8, void %arrayidx180.case.9, i33 %ret_V_8, void %arrayidx180.case.8, i33 %ret_V_8, void %arrayidx180.case.7, i33 %ret_V_8, void %arrayidx180.case.6, i33 %ret_V_8, void %arrayidx180.case.5, i33 %ret_V_8, void %arrayidx180.case.4, i33 %ret_V_8, void %arrayidx180.case.3, i33 %ret_V_8, void %arrayidx180.case.2, i33 %ret_V_8, void %arrayidx180.case.1, i33 %ret_V_8, void %arrayidx176.exit"   --->   Operation 364 'phi' 'cont_mulmulmulmulmulmulhs_is_t_hs_is_t_hs_is_t_hs_is_t_bool_bool_bool_bool_ap_uint_5_ap_uint_11_ap_uint_11_bool_buffer_b_new_5' <Predicate = (state_load == 5)> <Delay = 0.00>
ST_1 : Operation 365 [1/1] (0.00ns)   --->   "%cont_mulmulmulmulmulmulhs_is_t_hs_is_t_hs_is_t_hs_is_t_bool_bool_bool_bool_ap_uint_5_ap_uint_11_ap_uint_11_bool_buffer_b_flag_5 = phi i1 %cont_mulmulmulmulmulmulhs_is_t_hs_is_t_hs_is_t_hs_is_t_bool_bool_bool_bool_ap_uint_5_ap_uint_11_ap_uint_11_bool_buffer_b_flag_4, void %arrayidx180.case.19, i1 %cont_mulmulmulmulmulmulhs_is_t_hs_is_t_hs_is_t_hs_is_t_bool_bool_bool_bool_ap_uint_5_ap_uint_11_ap_uint_11_bool_buffer_b_flag_4, void %arrayidx180.case.18, i1 %cont_mulmulmulmulmulmulhs_is_t_hs_is_t_hs_is_t_hs_is_t_bool_bool_bool_bool_ap_uint_5_ap_uint_11_ap_uint_11_bool_buffer_b_flag_4, void %arrayidx180.case.17, i1 %cont_mulmulmulmulmulmulhs_is_t_hs_is_t_hs_is_t_hs_is_t_bool_bool_bool_bool_ap_uint_5_ap_uint_11_ap_uint_11_bool_buffer_b_flag_4, void %arrayidx180.case.16, i1 1, void %arrayidx180.case.15, i1 %cont_mulmulmulmulmulmulhs_is_t_hs_is_t_hs_is_t_hs_is_t_bool_bool_bool_bool_ap_uint_5_ap_uint_11_ap_uint_11_bool_buffer_b_flag_4, void %arrayidx180.case.14, i1 %cont_mulmulmulmulmulmulhs_is_t_hs_is_t_hs_is_t_hs_is_t_bool_bool_bool_bool_ap_uint_5_ap_uint_11_ap_uint_11_bool_buffer_b_flag_4, void %arrayidx180.case.13, i1 %cont_mulmulmulmulmulmulhs_is_t_hs_is_t_hs_is_t_hs_is_t_bool_bool_bool_bool_ap_uint_5_ap_uint_11_ap_uint_11_bool_buffer_b_flag_4, void %arrayidx180.case.12, i1 %cont_mulmulmulmulmulmulhs_is_t_hs_is_t_hs_is_t_hs_is_t_bool_bool_bool_bool_ap_uint_5_ap_uint_11_ap_uint_11_bool_buffer_b_flag_4, void %arrayidx180.case.11, i1 %cont_mulmulmulmulmulmulhs_is_t_hs_is_t_hs_is_t_hs_is_t_bool_bool_bool_bool_ap_uint_5_ap_uint_11_ap_uint_11_bool_buffer_b_flag_4, void %arrayidx180.case.10, i1 %cont_mulmulmulmulmulmulhs_is_t_hs_is_t_hs_is_t_hs_is_t_bool_bool_bool_bool_ap_uint_5_ap_uint_11_ap_uint_11_bool_buffer_b_flag_4, void %arrayidx180.case.9, i1 %cont_mulmulmulmulmulmulhs_is_t_hs_is_t_hs_is_t_hs_is_t_bool_bool_bool_bool_ap_uint_5_ap_uint_11_ap_uint_11_bool_buffer_b_flag_4, void %arrayidx180.case.8, i1 %cont_mulmulmulmulmulmulhs_is_t_hs_is_t_hs_is_t_hs_is_t_bool_bool_bool_bool_ap_uint_5_ap_uint_11_ap_uint_11_bool_buffer_b_flag_4, void %arrayidx180.case.7, i1 %cont_mulmulmulmulmulmulhs_is_t_hs_is_t_hs_is_t_hs_is_t_bool_bool_bool_bool_ap_uint_5_ap_uint_11_ap_uint_11_bool_buffer_b_flag_4, void %arrayidx180.case.6, i1 %cont_mulmulmulmulmulmulhs_is_t_hs_is_t_hs_is_t_hs_is_t_bool_bool_bool_bool_ap_uint_5_ap_uint_11_ap_uint_11_bool_buffer_b_flag_4, void %arrayidx180.case.5, i1 %cont_mulmulmulmulmulmulhs_is_t_hs_is_t_hs_is_t_hs_is_t_bool_bool_bool_bool_ap_uint_5_ap_uint_11_ap_uint_11_bool_buffer_b_flag_4, void %arrayidx180.case.4, i1 %cont_mulmulmulmulmulmulhs_is_t_hs_is_t_hs_is_t_hs_is_t_bool_bool_bool_bool_ap_uint_5_ap_uint_11_ap_uint_11_bool_buffer_b_flag_4, void %arrayidx180.case.3, i1 %cont_mulmulmulmulmulmulhs_is_t_hs_is_t_hs_is_t_hs_is_t_bool_bool_bool_bool_ap_uint_5_ap_uint_11_ap_uint_11_bool_buffer_b_flag_4, void %arrayidx180.case.2, i1 %cont_mulmulmulmulmulmulhs_is_t_hs_is_t_hs_is_t_hs_is_t_bool_bool_bool_bool_ap_uint_5_ap_uint_11_ap_uint_11_bool_buffer_b_flag_4, void %arrayidx180.case.1, i1 %cont_mulmulmulmulmulmulhs_is_t_hs_is_t_hs_is_t_hs_is_t_bool_bool_bool_bool_ap_uint_5_ap_uint_11_ap_uint_11_bool_buffer_b_flag_4, void %arrayidx176.exit"   --->   Operation 365 'phi' 'cont_mulmulmulmulmulmulhs_is_t_hs_is_t_hs_is_t_hs_is_t_bool_bool_bool_bool_ap_uint_5_ap_uint_11_ap_uint_11_bool_buffer_b_flag_5' <Predicate = (state_load == 5)> <Delay = 0.00>
ST_1 : Operation 366 [1/1] (0.00ns)   --->   "%p_ZZ4contP7hs_is_tS0_S0_S0_bbbb7ap_uintILi5EES1_ILi11EEPS3_PbE8buffer_b_15_new_5 = phi i33 %ret_V_8, void %arrayidx180.case.19, i33 %ret_V_8, void %arrayidx180.case.18, i33 %ret_V_8, void %arrayidx180.case.17, i33 %ret_V_8, void %arrayidx180.case.16, i33 %ret_V_9, void %arrayidx180.case.15, i33 %ret_V_8, void %arrayidx180.case.14, i33 %ret_V_8, void %arrayidx180.case.13, i33 %ret_V_8, void %arrayidx180.case.12, i33 %ret_V_8, void %arrayidx180.case.11, i33 %ret_V_8, void %arrayidx180.case.10, i33 %ret_V_8, void %arrayidx180.case.9, i33 %ret_V_8, void %arrayidx180.case.8, i33 %ret_V_8, void %arrayidx180.case.7, i33 %ret_V_8, void %arrayidx180.case.6, i33 %ret_V_8, void %arrayidx180.case.5, i33 %ret_V_8, void %arrayidx180.case.4, i33 %ret_V_8, void %arrayidx180.case.3, i33 %ret_V_8, void %arrayidx180.case.2, i33 %ret_V_8, void %arrayidx180.case.1, i33 %ret_V_8, void %arrayidx176.exit"   --->   Operation 366 'phi' 'p_ZZ4contP7hs_is_tS0_S0_S0_bbbb7ap_uintILi5EES1_ILi11EEPS3_PbE8buffer_b_15_new_5' <Predicate = (state_load == 5)> <Delay = 0.00>
ST_1 : Operation 367 [1/1] (0.00ns)   --->   "%p_ZZ4contP7hs_is_tS0_S0_S0_bbbb7ap_uintILi5EES1_ILi11EEPS3_PbE8buffer_b_16_flag_5 = phi i1 %p_ZZ4contP7hs_is_tS0_S0_S0_bbbb7ap_uintILi5EES1_ILi11EEPS3_PbE8buffer_b_16_flag_4, void %arrayidx180.case.19, i1 %p_ZZ4contP7hs_is_tS0_S0_S0_bbbb7ap_uintILi5EES1_ILi11EEPS3_PbE8buffer_b_16_flag_4, void %arrayidx180.case.18, i1 %p_ZZ4contP7hs_is_tS0_S0_S0_bbbb7ap_uintILi5EES1_ILi11EEPS3_PbE8buffer_b_16_flag_4, void %arrayidx180.case.17, i1 1, void %arrayidx180.case.16, i1 %p_ZZ4contP7hs_is_tS0_S0_S0_bbbb7ap_uintILi5EES1_ILi11EEPS3_PbE8buffer_b_16_flag_4, void %arrayidx180.case.15, i1 %p_ZZ4contP7hs_is_tS0_S0_S0_bbbb7ap_uintILi5EES1_ILi11EEPS3_PbE8buffer_b_16_flag_4, void %arrayidx180.case.14, i1 %p_ZZ4contP7hs_is_tS0_S0_S0_bbbb7ap_uintILi5EES1_ILi11EEPS3_PbE8buffer_b_16_flag_4, void %arrayidx180.case.13, i1 %p_ZZ4contP7hs_is_tS0_S0_S0_bbbb7ap_uintILi5EES1_ILi11EEPS3_PbE8buffer_b_16_flag_4, void %arrayidx180.case.12, i1 %p_ZZ4contP7hs_is_tS0_S0_S0_bbbb7ap_uintILi5EES1_ILi11EEPS3_PbE8buffer_b_16_flag_4, void %arrayidx180.case.11, i1 %p_ZZ4contP7hs_is_tS0_S0_S0_bbbb7ap_uintILi5EES1_ILi11EEPS3_PbE8buffer_b_16_flag_4, void %arrayidx180.case.10, i1 %p_ZZ4contP7hs_is_tS0_S0_S0_bbbb7ap_uintILi5EES1_ILi11EEPS3_PbE8buffer_b_16_flag_4, void %arrayidx180.case.9, i1 %p_ZZ4contP7hs_is_tS0_S0_S0_bbbb7ap_uintILi5EES1_ILi11EEPS3_PbE8buffer_b_16_flag_4, void %arrayidx180.case.8, i1 %p_ZZ4contP7hs_is_tS0_S0_S0_bbbb7ap_uintILi5EES1_ILi11EEPS3_PbE8buffer_b_16_flag_4, void %arrayidx180.case.7, i1 %p_ZZ4contP7hs_is_tS0_S0_S0_bbbb7ap_uintILi5EES1_ILi11EEPS3_PbE8buffer_b_16_flag_4, void %arrayidx180.case.6, i1 %p_ZZ4contP7hs_is_tS0_S0_S0_bbbb7ap_uintILi5EES1_ILi11EEPS3_PbE8buffer_b_16_flag_4, void %arrayidx180.case.5, i1 %p_ZZ4contP7hs_is_tS0_S0_S0_bbbb7ap_uintILi5EES1_ILi11EEPS3_PbE8buffer_b_16_flag_4, void %arrayidx180.case.4, i1 %p_ZZ4contP7hs_is_tS0_S0_S0_bbbb7ap_uintILi5EES1_ILi11EEPS3_PbE8buffer_b_16_flag_4, void %arrayidx180.case.3, i1 %p_ZZ4contP7hs_is_tS0_S0_S0_bbbb7ap_uintILi5EES1_ILi11EEPS3_PbE8buffer_b_16_flag_4, void %arrayidx180.case.2, i1 %p_ZZ4contP7hs_is_tS0_S0_S0_bbbb7ap_uintILi5EES1_ILi11EEPS3_PbE8buffer_b_16_flag_4, void %arrayidx180.case.1, i1 %p_ZZ4contP7hs_is_tS0_S0_S0_bbbb7ap_uintILi5EES1_ILi11EEPS3_PbE8buffer_b_16_flag_4, void %arrayidx176.exit"   --->   Operation 367 'phi' 'p_ZZ4contP7hs_is_tS0_S0_S0_bbbb7ap_uintILi5EES1_ILi11EEPS3_PbE8buffer_b_16_flag_5' <Predicate = (state_load == 5)> <Delay = 0.00>
ST_1 : Operation 368 [1/1] (0.00ns)   --->   "%cont_hs_is_t_hs_is_t_hs_is_t_hs_is_t_bool_bool_bool_bool_ap_uint_5_ap_uint_11_ap_uint_11_bool_buffer_b_30 = phi i33 %ret_V_8, void %arrayidx180.case.19, i33 %ret_V_8, void %arrayidx180.case.18, i33 %ret_V_8, void %arrayidx180.case.17, i33 %ret_V_9, void %arrayidx180.case.16, i33 %ret_V_8, void %arrayidx180.case.15, i33 %ret_V_8, void %arrayidx180.case.14, i33 %ret_V_8, void %arrayidx180.case.13, i33 %ret_V_8, void %arrayidx180.case.12, i33 %ret_V_8, void %arrayidx180.case.11, i33 %ret_V_8, void %arrayidx180.case.10, i33 %ret_V_8, void %arrayidx180.case.9, i33 %ret_V_8, void %arrayidx180.case.8, i33 %ret_V_8, void %arrayidx180.case.7, i33 %ret_V_8, void %arrayidx180.case.6, i33 %ret_V_8, void %arrayidx180.case.5, i33 %ret_V_8, void %arrayidx180.case.4, i33 %ret_V_8, void %arrayidx180.case.3, i33 %ret_V_8, void %arrayidx180.case.2, i33 %ret_V_8, void %arrayidx180.case.1, i33 %ret_V_8, void %arrayidx176.exit"   --->   Operation 368 'phi' 'cont_hs_is_t_hs_is_t_hs_is_t_hs_is_t_bool_bool_bool_bool_ap_uint_5_ap_uint_11_ap_uint_11_bool_buffer_b_30' <Predicate = (state_load == 5)> <Delay = 0.00>
ST_1 : Operation 369 [1/1] (0.00ns)   --->   "%cont_hs_is_t_hs_is_t_hs_is_t_hs_is_t_bool_bool_bool_bool_ap_uint_5_ap_uint_11_ap_uint_11_bool_buffer_b_31 = phi i1 %cont_hs_is_t_hs_is_t_hs_is_t_hs_is_t_bool_bool_bool_bool_ap_uint_5_ap_uint_11_ap_uint_11_bool_buffer_b_29, void %arrayidx180.case.19, i1 %cont_hs_is_t_hs_is_t_hs_is_t_hs_is_t_bool_bool_bool_bool_ap_uint_5_ap_uint_11_ap_uint_11_bool_buffer_b_29, void %arrayidx180.case.18, i1 1, void %arrayidx180.case.17, i1 %cont_hs_is_t_hs_is_t_hs_is_t_hs_is_t_bool_bool_bool_bool_ap_uint_5_ap_uint_11_ap_uint_11_bool_buffer_b_29, void %arrayidx180.case.16, i1 %cont_hs_is_t_hs_is_t_hs_is_t_hs_is_t_bool_bool_bool_bool_ap_uint_5_ap_uint_11_ap_uint_11_bool_buffer_b_29, void %arrayidx180.case.15, i1 %cont_hs_is_t_hs_is_t_hs_is_t_hs_is_t_bool_bool_bool_bool_ap_uint_5_ap_uint_11_ap_uint_11_bool_buffer_b_29, void %arrayidx180.case.14, i1 %cont_hs_is_t_hs_is_t_hs_is_t_hs_is_t_bool_bool_bool_bool_ap_uint_5_ap_uint_11_ap_uint_11_bool_buffer_b_29, void %arrayidx180.case.13, i1 %cont_hs_is_t_hs_is_t_hs_is_t_hs_is_t_bool_bool_bool_bool_ap_uint_5_ap_uint_11_ap_uint_11_bool_buffer_b_29, void %arrayidx180.case.12, i1 %cont_hs_is_t_hs_is_t_hs_is_t_hs_is_t_bool_bool_bool_bool_ap_uint_5_ap_uint_11_ap_uint_11_bool_buffer_b_29, void %arrayidx180.case.11, i1 %cont_hs_is_t_hs_is_t_hs_is_t_hs_is_t_bool_bool_bool_bool_ap_uint_5_ap_uint_11_ap_uint_11_bool_buffer_b_29, void %arrayidx180.case.10, i1 %cont_hs_is_t_hs_is_t_hs_is_t_hs_is_t_bool_bool_bool_bool_ap_uint_5_ap_uint_11_ap_uint_11_bool_buffer_b_29, void %arrayidx180.case.9, i1 %cont_hs_is_t_hs_is_t_hs_is_t_hs_is_t_bool_bool_bool_bool_ap_uint_5_ap_uint_11_ap_uint_11_bool_buffer_b_29, void %arrayidx180.case.8, i1 %cont_hs_is_t_hs_is_t_hs_is_t_hs_is_t_bool_bool_bool_bool_ap_uint_5_ap_uint_11_ap_uint_11_bool_buffer_b_29, void %arrayidx180.case.7, i1 %cont_hs_is_t_hs_is_t_hs_is_t_hs_is_t_bool_bool_bool_bool_ap_uint_5_ap_uint_11_ap_uint_11_bool_buffer_b_29, void %arrayidx180.case.6, i1 %cont_hs_is_t_hs_is_t_hs_is_t_hs_is_t_bool_bool_bool_bool_ap_uint_5_ap_uint_11_ap_uint_11_bool_buffer_b_29, void %arrayidx180.case.5, i1 %cont_hs_is_t_hs_is_t_hs_is_t_hs_is_t_bool_bool_bool_bool_ap_uint_5_ap_uint_11_ap_uint_11_bool_buffer_b_29, void %arrayidx180.case.4, i1 %cont_hs_is_t_hs_is_t_hs_is_t_hs_is_t_bool_bool_bool_bool_ap_uint_5_ap_uint_11_ap_uint_11_bool_buffer_b_29, void %arrayidx180.case.3, i1 %cont_hs_is_t_hs_is_t_hs_is_t_hs_is_t_bool_bool_bool_bool_ap_uint_5_ap_uint_11_ap_uint_11_bool_buffer_b_29, void %arrayidx180.case.2, i1 %cont_hs_is_t_hs_is_t_hs_is_t_hs_is_t_bool_bool_bool_bool_ap_uint_5_ap_uint_11_ap_uint_11_bool_buffer_b_29, void %arrayidx180.case.1, i1 %cont_hs_is_t_hs_is_t_hs_is_t_hs_is_t_bool_bool_bool_bool_ap_uint_5_ap_uint_11_ap_uint_11_bool_buffer_b_29, void %arrayidx176.exit"   --->   Operation 369 'phi' 'cont_hs_is_t_hs_is_t_hs_is_t_hs_is_t_bool_bool_bool_bool_ap_uint_5_ap_uint_11_ap_uint_11_bool_buffer_b_31' <Predicate = (state_load == 5)> <Delay = 0.00>
ST_1 : Operation 370 [1/1] (0.00ns)   --->   "%p_ZZ4contP7hs_is_tS0_S0_S0_bbbb7ap_uintILi5EES1_ILi11EEPS3_PbE8buffer_b_17_new_5 = phi i33 %ret_V_8, void %arrayidx180.case.19, i33 %ret_V_8, void %arrayidx180.case.18, i33 %ret_V_9, void %arrayidx180.case.17, i33 %ret_V_8, void %arrayidx180.case.16, i33 %ret_V_8, void %arrayidx180.case.15, i33 %ret_V_8, void %arrayidx180.case.14, i33 %ret_V_8, void %arrayidx180.case.13, i33 %ret_V_8, void %arrayidx180.case.12, i33 %ret_V_8, void %arrayidx180.case.11, i33 %ret_V_8, void %arrayidx180.case.10, i33 %ret_V_8, void %arrayidx180.case.9, i33 %ret_V_8, void %arrayidx180.case.8, i33 %ret_V_8, void %arrayidx180.case.7, i33 %ret_V_8, void %arrayidx180.case.6, i33 %ret_V_8, void %arrayidx180.case.5, i33 %ret_V_8, void %arrayidx180.case.4, i33 %ret_V_8, void %arrayidx180.case.3, i33 %ret_V_8, void %arrayidx180.case.2, i33 %ret_V_8, void %arrayidx180.case.1, i33 %ret_V_8, void %arrayidx176.exit"   --->   Operation 370 'phi' 'p_ZZ4contP7hs_is_tS0_S0_S0_bbbb7ap_uintILi5EES1_ILi11EEPS3_PbE8buffer_b_17_new_5' <Predicate = (state_load == 5)> <Delay = 0.00>
ST_1 : Operation 371 [1/1] (0.00ns)   --->   "%p_ZZ4contP7hs_is_tS0_S0_S0_bbbb7ap_uintILi5EES1_ILi11EEPS3_PbE8buffer_b_18_flag_5 = phi i1 %p_ZZ4contP7hs_is_tS0_S0_S0_bbbb7ap_uintILi5EES1_ILi11EEPS3_PbE8buffer_b_18_flag_4, void %arrayidx180.case.19, i1 1, void %arrayidx180.case.18, i1 %p_ZZ4contP7hs_is_tS0_S0_S0_bbbb7ap_uintILi5EES1_ILi11EEPS3_PbE8buffer_b_18_flag_4, void %arrayidx180.case.17, i1 %p_ZZ4contP7hs_is_tS0_S0_S0_bbbb7ap_uintILi5EES1_ILi11EEPS3_PbE8buffer_b_18_flag_4, void %arrayidx180.case.16, i1 %p_ZZ4contP7hs_is_tS0_S0_S0_bbbb7ap_uintILi5EES1_ILi11EEPS3_PbE8buffer_b_18_flag_4, void %arrayidx180.case.15, i1 %p_ZZ4contP7hs_is_tS0_S0_S0_bbbb7ap_uintILi5EES1_ILi11EEPS3_PbE8buffer_b_18_flag_4, void %arrayidx180.case.14, i1 %p_ZZ4contP7hs_is_tS0_S0_S0_bbbb7ap_uintILi5EES1_ILi11EEPS3_PbE8buffer_b_18_flag_4, void %arrayidx180.case.13, i1 %p_ZZ4contP7hs_is_tS0_S0_S0_bbbb7ap_uintILi5EES1_ILi11EEPS3_PbE8buffer_b_18_flag_4, void %arrayidx180.case.12, i1 %p_ZZ4contP7hs_is_tS0_S0_S0_bbbb7ap_uintILi5EES1_ILi11EEPS3_PbE8buffer_b_18_flag_4, void %arrayidx180.case.11, i1 %p_ZZ4contP7hs_is_tS0_S0_S0_bbbb7ap_uintILi5EES1_ILi11EEPS3_PbE8buffer_b_18_flag_4, void %arrayidx180.case.10, i1 %p_ZZ4contP7hs_is_tS0_S0_S0_bbbb7ap_uintILi5EES1_ILi11EEPS3_PbE8buffer_b_18_flag_4, void %arrayidx180.case.9, i1 %p_ZZ4contP7hs_is_tS0_S0_S0_bbbb7ap_uintILi5EES1_ILi11EEPS3_PbE8buffer_b_18_flag_4, void %arrayidx180.case.8, i1 %p_ZZ4contP7hs_is_tS0_S0_S0_bbbb7ap_uintILi5EES1_ILi11EEPS3_PbE8buffer_b_18_flag_4, void %arrayidx180.case.7, i1 %p_ZZ4contP7hs_is_tS0_S0_S0_bbbb7ap_uintILi5EES1_ILi11EEPS3_PbE8buffer_b_18_flag_4, void %arrayidx180.case.6, i1 %p_ZZ4contP7hs_is_tS0_S0_S0_bbbb7ap_uintILi5EES1_ILi11EEPS3_PbE8buffer_b_18_flag_4, void %arrayidx180.case.5, i1 %p_ZZ4contP7hs_is_tS0_S0_S0_bbbb7ap_uintILi5EES1_ILi11EEPS3_PbE8buffer_b_18_flag_4, void %arrayidx180.case.4, i1 %p_ZZ4contP7hs_is_tS0_S0_S0_bbbb7ap_uintILi5EES1_ILi11EEPS3_PbE8buffer_b_18_flag_4, void %arrayidx180.case.3, i1 %p_ZZ4contP7hs_is_tS0_S0_S0_bbbb7ap_uintILi5EES1_ILi11EEPS3_PbE8buffer_b_18_flag_4, void %arrayidx180.case.2, i1 %p_ZZ4contP7hs_is_tS0_S0_S0_bbbb7ap_uintILi5EES1_ILi11EEPS3_PbE8buffer_b_18_flag_4, void %arrayidx180.case.1, i1 %p_ZZ4contP7hs_is_tS0_S0_S0_bbbb7ap_uintILi5EES1_ILi11EEPS3_PbE8buffer_b_18_flag_4, void %arrayidx176.exit"   --->   Operation 371 'phi' 'p_ZZ4contP7hs_is_tS0_S0_S0_bbbb7ap_uintILi5EES1_ILi11EEPS3_PbE8buffer_b_18_flag_5' <Predicate = (state_load == 5)> <Delay = 0.00>
ST_1 : Operation 372 [1/1] (0.00ns)   --->   "%p_ZZ4contP7hs_is_tS0_S0_S0_bbbb7ap_uintILi5EES1_ILi11EEPS3_PbE8buffer_b_18_new_5 = phi i33 %ret_V_8, void %arrayidx180.case.19, i33 %ret_V_9, void %arrayidx180.case.18, i33 %ret_V_8, void %arrayidx180.case.17, i33 %ret_V_8, void %arrayidx180.case.16, i33 %ret_V_8, void %arrayidx180.case.15, i33 %ret_V_8, void %arrayidx180.case.14, i33 %ret_V_8, void %arrayidx180.case.13, i33 %ret_V_8, void %arrayidx180.case.12, i33 %ret_V_8, void %arrayidx180.case.11, i33 %ret_V_8, void %arrayidx180.case.10, i33 %ret_V_8, void %arrayidx180.case.9, i33 %ret_V_8, void %arrayidx180.case.8, i33 %ret_V_8, void %arrayidx180.case.7, i33 %ret_V_8, void %arrayidx180.case.6, i33 %ret_V_8, void %arrayidx180.case.5, i33 %ret_V_8, void %arrayidx180.case.4, i33 %ret_V_8, void %arrayidx180.case.3, i33 %ret_V_8, void %arrayidx180.case.2, i33 %ret_V_8, void %arrayidx180.case.1, i33 %ret_V_8, void %arrayidx176.exit"   --->   Operation 372 'phi' 'p_ZZ4contP7hs_is_tS0_S0_S0_bbbb7ap_uintILi5EES1_ILi11EEPS3_PbE8buffer_b_18_new_5' <Predicate = (state_load == 5)> <Delay = 0.00>
ST_1 : Operation 373 [1/1] (0.00ns)   --->   "%p_ZZ4contP7hs_is_tS0_S0_S0_bbbb7ap_uintILi5EES1_ILi11EEPS3_PbE8buffer_b_19_flag_5 = phi i1 1, void %arrayidx180.case.19, i1 %p_ZZ4contP7hs_is_tS0_S0_S0_bbbb7ap_uintILi5EES1_ILi11EEPS3_PbE8buffer_b_19_flag_4, void %arrayidx180.case.18, i1 %p_ZZ4contP7hs_is_tS0_S0_S0_bbbb7ap_uintILi5EES1_ILi11EEPS3_PbE8buffer_b_19_flag_4, void %arrayidx180.case.17, i1 %p_ZZ4contP7hs_is_tS0_S0_S0_bbbb7ap_uintILi5EES1_ILi11EEPS3_PbE8buffer_b_19_flag_4, void %arrayidx180.case.16, i1 %p_ZZ4contP7hs_is_tS0_S0_S0_bbbb7ap_uintILi5EES1_ILi11EEPS3_PbE8buffer_b_19_flag_4, void %arrayidx180.case.15, i1 %p_ZZ4contP7hs_is_tS0_S0_S0_bbbb7ap_uintILi5EES1_ILi11EEPS3_PbE8buffer_b_19_flag_4, void %arrayidx180.case.14, i1 %p_ZZ4contP7hs_is_tS0_S0_S0_bbbb7ap_uintILi5EES1_ILi11EEPS3_PbE8buffer_b_19_flag_4, void %arrayidx180.case.13, i1 %p_ZZ4contP7hs_is_tS0_S0_S0_bbbb7ap_uintILi5EES1_ILi11EEPS3_PbE8buffer_b_19_flag_4, void %arrayidx180.case.12, i1 %p_ZZ4contP7hs_is_tS0_S0_S0_bbbb7ap_uintILi5EES1_ILi11EEPS3_PbE8buffer_b_19_flag_4, void %arrayidx180.case.11, i1 %p_ZZ4contP7hs_is_tS0_S0_S0_bbbb7ap_uintILi5EES1_ILi11EEPS3_PbE8buffer_b_19_flag_4, void %arrayidx180.case.10, i1 %p_ZZ4contP7hs_is_tS0_S0_S0_bbbb7ap_uintILi5EES1_ILi11EEPS3_PbE8buffer_b_19_flag_4, void %arrayidx180.case.9, i1 %p_ZZ4contP7hs_is_tS0_S0_S0_bbbb7ap_uintILi5EES1_ILi11EEPS3_PbE8buffer_b_19_flag_4, void %arrayidx180.case.8, i1 %p_ZZ4contP7hs_is_tS0_S0_S0_bbbb7ap_uintILi5EES1_ILi11EEPS3_PbE8buffer_b_19_flag_4, void %arrayidx180.case.7, i1 %p_ZZ4contP7hs_is_tS0_S0_S0_bbbb7ap_uintILi5EES1_ILi11EEPS3_PbE8buffer_b_19_flag_4, void %arrayidx180.case.6, i1 %p_ZZ4contP7hs_is_tS0_S0_S0_bbbb7ap_uintILi5EES1_ILi11EEPS3_PbE8buffer_b_19_flag_4, void %arrayidx180.case.5, i1 %p_ZZ4contP7hs_is_tS0_S0_S0_bbbb7ap_uintILi5EES1_ILi11EEPS3_PbE8buffer_b_19_flag_4, void %arrayidx180.case.4, i1 %p_ZZ4contP7hs_is_tS0_S0_S0_bbbb7ap_uintILi5EES1_ILi11EEPS3_PbE8buffer_b_19_flag_4, void %arrayidx180.case.3, i1 %p_ZZ4contP7hs_is_tS0_S0_S0_bbbb7ap_uintILi5EES1_ILi11EEPS3_PbE8buffer_b_19_flag_4, void %arrayidx180.case.2, i1 %p_ZZ4contP7hs_is_tS0_S0_S0_bbbb7ap_uintILi5EES1_ILi11EEPS3_PbE8buffer_b_19_flag_4, void %arrayidx180.case.1, i1 %p_ZZ4contP7hs_is_tS0_S0_S0_bbbb7ap_uintILi5EES1_ILi11EEPS3_PbE8buffer_b_19_flag_4, void %arrayidx176.exit"   --->   Operation 373 'phi' 'p_ZZ4contP7hs_is_tS0_S0_S0_bbbb7ap_uintILi5EES1_ILi11EEPS3_PbE8buffer_b_19_flag_5' <Predicate = (state_load == 5)> <Delay = 0.00>
ST_1 : Operation 374 [1/1] (0.00ns)   --->   "%p_ZZ4contP7hs_is_tS0_S0_S0_bbbb7ap_uintILi5EES1_ILi11EEPS3_PbE8buffer_b_19_new_5 = phi i33 %ret_V_9, void %arrayidx180.case.19, i33 %ret_V_8, void %arrayidx180.case.18, i33 %ret_V_8, void %arrayidx180.case.17, i33 %ret_V_8, void %arrayidx180.case.16, i33 %ret_V_8, void %arrayidx180.case.15, i33 %ret_V_8, void %arrayidx180.case.14, i33 %ret_V_8, void %arrayidx180.case.13, i33 %ret_V_8, void %arrayidx180.case.12, i33 %ret_V_8, void %arrayidx180.case.11, i33 %ret_V_8, void %arrayidx180.case.10, i33 %ret_V_8, void %arrayidx180.case.9, i33 %ret_V_8, void %arrayidx180.case.8, i33 %ret_V_8, void %arrayidx180.case.7, i33 %ret_V_8, void %arrayidx180.case.6, i33 %ret_V_8, void %arrayidx180.case.5, i33 %ret_V_8, void %arrayidx180.case.4, i33 %ret_V_8, void %arrayidx180.case.3, i33 %ret_V_8, void %arrayidx180.case.2, i33 %ret_V_8, void %arrayidx180.case.1, i33 %ret_V_8, void %arrayidx176.exit"   --->   Operation 374 'phi' 'p_ZZ4contP7hs_is_tS0_S0_S0_bbbb7ap_uintILi5EES1_ILi11EEPS3_PbE8buffer_b_19_new_5' <Predicate = (state_load == 5)> <Delay = 0.00>
ST_1 : Operation 375 [1/1] (0.99ns)   --->   "%icmp_ln303 = icmp_slt  i32 %offset_start_load, i32 7" [FFT/FFT.cpp:303]   --->   Operation 375 'icmp' 'icmp_ln303' <Predicate = (state_load == 5)> <Delay = 0.99> <CoreInst = "Cmp">   --->   Core 9 'Cmp' <Latency = 0> <II = 1> <Delay = 0.99> <FuncUnit> <Opcode : 'icmp'> <InPorts = 2> <OutPorts = 1>
ST_1 : Operation 376 [1/1] (0.00ns)   --->   "%br_ln303 = br i1 %icmp_ln303, void %if.else226, void %if.then182" [FFT/FFT.cpp:303]   --->   Operation 376 'br' 'br_ln303' <Predicate = (state_load == 5)> <Delay = 0.00>
ST_1 : Operation 377 [1/1] (0.42ns)   --->   "%store_ln331 = store i32 %ctrl_load, i32 %half" [FFT/FFT.cpp:331]   --->   Operation 377 'store' 'store_ln331' <Predicate = (state_load == 5 & !icmp_ln303)> <Delay = 0.42>
ST_1 : Operation 378 [1/1] (1.01ns)   --->   "%add_ln333 = add i32 %s_idx_load, i32 2" [FFT/FFT.cpp:333]   --->   Operation 378 'add' 'add_ln333' <Predicate = (state_load == 5 & !icmp_ln303)> <Delay = 1.01> <CoreInst = "Adder">   --->   Core 1 'Adder' <Latency = 0> <II = 1> <Delay = 1.01> <FuncUnit> <Opcode : 'add' 'sub'> <InPorts = 2> <OutPorts = 1>
ST_1 : Operation 379 [1/1] (1.38ns)   --->   "%lshr_ln333 = lshr i32 8, i32 %add_ln333" [FFT/FFT.cpp:333]   --->   Operation 379 'lshr' 'lshr_ln333' <Predicate = (state_load == 5 & !icmp_ln303)> <Delay = 1.38> <CoreInst = "Shifter">   --->   Core 75 'Shifter' <Latency = 0> <II = 1> <Delay = 1.38> <FuncUnit> <Opcode : 'shl' 'lshr' 'ashr'> <InPorts = 2> <OutPorts = 1>
ST_1 : Operation 380 [1/1] (0.00ns)   --->   "%trunc_ln333 = trunc i32 %lshr_ln333" [FFT/FFT.cpp:333]   --->   Operation 380 'trunc' 'trunc_ln333' <Predicate = (state_load == 5 & !icmp_ln303)> <Delay = 0.00>
ST_1 : Operation 381 [1/1] (0.42ns)   --->   "%store_ln333 = store i4 %trunc_ln333, i4 %step" [FFT/FFT.cpp:333]   --->   Operation 381 'store' 'store_ln333' <Predicate = (state_load == 5 & !icmp_ln303)> <Delay = 0.42>
ST_1 : Operation 382 [1/1] (0.47ns)   --->   "%store_ln334 = store i32 %lshr_ln333, i32 %offset_tw" [FFT/FFT.cpp:334]   --->   Operation 382 'store' 'store_ln334' <Predicate = (state_load == 5 & !icmp_ln303)> <Delay = 0.47>
ST_1 : Operation 383 [1/1] (0.47ns)   --->   "%store_ln336 = store i32 0, i32 %offset_start" [FFT/FFT.cpp:336]   --->   Operation 383 'store' 'store_ln336' <Predicate = (state_load == 5 & !icmp_ln303)> <Delay = 0.47>
ST_1 : Operation 384 [1/1] (0.00ns)   --->   "%shl_ln342 = shl i32 %ctrl_load, i32 1" [FFT/FFT.cpp:342]   --->   Operation 384 'shl' 'shl_ln342' <Predicate = (state_load == 5 & !icmp_ln303)> <Delay = 0.00>
ST_1 : Operation 385 [1/1] (0.42ns)   --->   "%store_ln342 = store i32 %shl_ln342, i32 %ctrl" [FFT/FFT.cpp:342]   --->   Operation 385 'store' 'store_ln342' <Predicate = (state_load == 5 & !icmp_ln303)> <Delay = 0.42>
ST_1 : Operation 386 [1/1] (1.01ns)   --->   "%add_ln343 = add i32 %s_idx_load, i32 1" [FFT/FFT.cpp:343]   --->   Operation 386 'add' 'add_ln343' <Predicate = (state_load == 5 & !icmp_ln303)> <Delay = 1.01> <CoreInst = "Adder">   --->   Core 1 'Adder' <Latency = 0> <II = 1> <Delay = 1.01> <FuncUnit> <Opcode : 'add' 'sub'> <InPorts = 2> <OutPorts = 1>
ST_1 : Operation 387 [1/1] (0.67ns)   --->   "%br_ln0 = br void %sw.epilog"   --->   Operation 387 'br' 'br_ln0' <Predicate = (state_load == 5 & !icmp_ln303)> <Delay = 0.67>
ST_1 : Operation 388 [1/1] (0.00ns)   --->   "%half_load = load i32 %half" [FFT/FFT.cpp:304]   --->   Operation 388 'load' 'half_load' <Predicate = (state_load == 5 & icmp_ln303)> <Delay = 0.00>
ST_1 : Operation 389 [1/1] (1.01ns)   --->   "%add_ln304 = add i32 %half_load, i32 4294967295" [FFT/FFT.cpp:304]   --->   Operation 389 'add' 'add_ln304' <Predicate = (state_load == 5 & icmp_ln303)> <Delay = 1.01> <CoreInst = "Adder">   --->   Core 1 'Adder' <Latency = 0> <II = 1> <Delay = 1.01> <FuncUnit> <Opcode : 'add' 'sub'> <InPorts = 2> <OutPorts = 1>
ST_1 : Operation 390 [1/1] (0.99ns)   --->   "%icmp_ln304 = icmp_slt  i32 %offset_j_load, i32 %add_ln304" [FFT/FFT.cpp:304]   --->   Operation 390 'icmp' 'icmp_ln304' <Predicate = (state_load == 5 & icmp_ln303)> <Delay = 0.99> <CoreInst = "Cmp">   --->   Core 9 'Cmp' <Latency = 0> <II = 1> <Delay = 0.99> <FuncUnit> <Opcode : 'icmp'> <InPorts = 2> <OutPorts = 1>
ST_1 : Operation 391 [1/1] (0.00ns)   --->   "%step_load = load i4 %step" [FFT/FFT.cpp:316]   --->   Operation 391 'load' 'step_load' <Predicate = (state_load == 5 & icmp_ln303)> <Delay = 0.00>
ST_1 : Operation 392 [1/1] (0.00ns)   --->   "%zext_ln310 = zext i4 %step_load" [FFT/FFT.cpp:310]   --->   Operation 392 'zext' 'zext_ln310' <Predicate = (state_load == 5 & icmp_ln303)> <Delay = 0.00>
ST_1 : Operation 393 [1/1] (0.00ns)   --->   "%sign_load = load i1 %sign" [FFT/FFT.cpp:310]   --->   Operation 393 'load' 'sign_load' <Predicate = (state_load == 5 & icmp_ln303)> <Delay = 0.00>
ST_1 : Operation 394 [1/1] (0.00ns)   --->   "%br_ln304 = br i1 %icmp_ln304, void %if.else210, void %if.then185_ifconv" [FFT/FFT.cpp:304]   --->   Operation 394 'br' 'br_ln304' <Predicate = (state_load == 5 & icmp_ln303)> <Delay = 0.00>
ST_1 : Operation 395 [1/1] (1.01ns)   --->   "%add_ln318 = add i32 %ctrl_load, i32 %offset_start_load" [FFT/FFT.cpp:318]   --->   Operation 395 'add' 'add_ln318' <Predicate = (state_load == 5 & icmp_ln303 & !icmp_ln304)> <Delay = 1.01> <CoreInst = "Adder">   --->   Core 1 'Adder' <Latency = 0> <II = 1> <Delay = 1.01> <FuncUnit> <Opcode : 'add' 'sub'> <InPorts = 2> <OutPorts = 1>
ST_1 : Operation 396 [1/1] (0.47ns)   --->   "%store_ln318 = store i32 %add_ln318, i32 %offset_start" [FFT/FFT.cpp:318]   --->   Operation 396 'store' 'store_ln318' <Predicate = (state_load == 5 & icmp_ln303 & !icmp_ln304)> <Delay = 0.47>
ST_1 : Operation 397 [1/1] (0.52ns)   --->   "%store_ln319 = store i32 0, i32 %offset_j" [FFT/FFT.cpp:319]   --->   Operation 397 'store' 'store_ln319' <Predicate = (state_load == 5 & icmp_ln303 & !icmp_ln304)> <Delay = 0.52>
ST_1 : Operation 398 [1/1] (0.42ns)   --->   "%store_ln322 = store i32 128, i32 %tmp_re_V" [FFT/FFT.cpp:322]   --->   Operation 398 'store' 'store_ln322' <Predicate = (state_load == 5 & icmp_ln303 & !icmp_ln304)> <Delay = 0.42>
ST_1 : Operation 399 [1/1] (0.42ns)   --->   "%store_ln324 = store i33 0, i33 %tmp_im_V" [FFT/FFT.cpp:324]   --->   Operation 399 'store' 'store_ln324' <Predicate = (state_load == 5 & icmp_ln303 & !icmp_ln304)> <Delay = 0.42>
ST_1 : Operation 400 [1/1] (0.42ns)   --->   "%br_ln0 = br void %if.end225"   --->   Operation 400 'br' 'br_ln0' <Predicate = (state_load == 5 & icmp_ln303 & !icmp_ln304)> <Delay = 0.42>
ST_1 : Operation 401 [1/1] (0.00ns) (grouped into TernaryAdder)   --->   "%add_ln305 = add i32 %offset_start_load, i32 1" [FFT/FFT.cpp:305]   --->   Operation 401 'add' 'add_ln305' <Predicate = (state_load == 5 & icmp_ln303 & icmp_ln304)> <Delay = 0.00> <CoreInst = "TAddSub">   --->   Core 10 'TAddSub' <Latency = 0> <II = 1> <Delay = 0.36> <IPBlock> <Opcode : 'add' 'sub'> <InPorts = 3> <OutPorts = 1> <Sync> <CReg>
ST_1 : Operation 402 [1/1] (0.73ns) (root node of TernaryAdder)   --->   "%add_ln305_1 = add i32 %add_ln305, i32 %offset_j_load" [FFT/FFT.cpp:305]   --->   Operation 402 'add' 'add_ln305_1' <Predicate = (state_load == 5 & icmp_ln303 & icmp_ln304)> <Delay = 0.73> <CoreInst = "TAddSub">   --->   Core 10 'TAddSub' <Latency = 0> <II = 1> <Delay = 0.36> <IPBlock> <Opcode : 'add' 'sub'> <InPorts = 3> <OutPorts = 1> <Sync> <CReg>
ST_1 : Operation 403 [1/1] (0.00ns)   --->   "%offset_tw_load = load i32 %offset_tw" [FFT/FFT.cpp:307]   --->   Operation 403 'load' 'offset_tw_load' <Predicate = (state_load == 5 & icmp_ln303 & icmp_ln304)> <Delay = 0.00>
ST_1 : Operation 404 [1/1] (0.00ns)   --->   "%trunc_ln307 = trunc i32 %offset_tw_load" [FFT/FFT.cpp:307]   --->   Operation 404 'trunc' 'trunc_ln307' <Predicate = (state_load == 5 & icmp_ln303 & icmp_ln304)> <Delay = 0.00>
ST_1 : Operation 405 [1/1] (0.72ns)   --->   "%tmp_s = mux i32 @_ssdm_op_Mux.ap_auto.8i32.i3, i32 128, i32 90, i32 0, i32 4294967206, i32 4294967168, i32 4294967206, i32 0, i32 90, i3 %trunc_ln307" [FFT/FFT.cpp:307]   --->   Operation 405 'mux' 'tmp_s' <Predicate = (state_load == 5 & icmp_ln303 & icmp_ln304)> <Delay = 0.72> <CoreInst = "Multiplexer">   --->   Core 76 'Multiplexer' <Latency = 0> <II = 1> <Delay = 0.72> <FuncUnit> <Opcode : 'mux'> <InPorts = 2> <OutPorts = 1>
ST_1 : Operation 406 [1/1] (0.42ns)   --->   "%store_ln307 = store i32 %tmp_s, i32 %tmp_re_V" [FFT/FFT.cpp:307]   --->   Operation 406 'store' 'store_ln307' <Predicate = (state_load == 5 & icmp_ln303 & icmp_ln304)> <Delay = 0.42>
ST_1 : Operation 407 [1/1] (0.72ns)   --->   "%rhs_V_3 = mux i32 @_ssdm_op_Mux.ap_auto.8i32.i3, i32 0, i32 4294967206, i32 4294967168, i32 4294967206, i32 0, i32 90, i32 128, i32 90, i3 %trunc_ln307" [FFT/FFT.cpp:308]   --->   Operation 407 'mux' 'rhs_V_3' <Predicate = (state_load == 5 & icmp_ln303 & icmp_ln304)> <Delay = 0.72> <CoreInst = "Multiplexer">   --->   Core 76 'Multiplexer' <Latency = 0> <II = 1> <Delay = 0.72> <FuncUnit> <Opcode : 'mux'> <InPorts = 2> <OutPorts = 1>
ST_1 : Operation 408 [1/1] (0.00ns)   --->   "%sext_ln186_8 = sext i32 %rhs_V_3"   --->   Operation 408 'sext' 'sext_ln186_8' <Predicate = (state_load == 5 & icmp_ln303 & icmp_ln304)> <Delay = 0.00>
ST_1 : Operation 409 [1/1] (1.01ns)   --->   "%ret_V_10 = sub i33 0, i33 %sext_ln186_8"   --->   Operation 409 'sub' 'ret_V_10' <Predicate = (state_load == 5 & icmp_ln303 & icmp_ln304 & !sign_load)> <Delay = 1.01> <CoreInst = "Adder">   --->   Core 1 'Adder' <Latency = 0> <II = 1> <Delay = 1.01> <FuncUnit> <Opcode : 'add' 'sub'> <InPorts = 2> <OutPorts = 1>
ST_1 : Operation 410 [1/1] (0.43ns)   --->   "%select_ln310 = select i1 %sign_load, i33 %sext_ln186_8, i33 %ret_V_10" [FFT/FFT.cpp:310]   --->   Operation 410 'select' 'select_ln310' <Predicate = (state_load == 5 & icmp_ln303 & icmp_ln304)> <Delay = 0.43> <CoreInst = "Sel">   --->   Core 73 'Sel' <Latency = 0> <II = 1> <Delay = 0.43> <FuncUnit> <Opcode : 'select'> <InPorts = 3> <OutPorts = 1>
ST_1 : Operation 411 [1/1] (0.42ns)   --->   "%store_ln311 = store i33 %select_ln310, i33 %tmp_im_V" [FFT/FFT.cpp:311]   --->   Operation 411 'store' 'store_ln311' <Predicate = (state_load == 5 & icmp_ln303 & icmp_ln304)> <Delay = 0.42>
ST_1 : Operation 412 [1/1] (1.01ns)   --->   "%add_ln315 = add i32 %offset_j_load, i32 1" [FFT/FFT.cpp:315]   --->   Operation 412 'add' 'add_ln315' <Predicate = (state_load == 5 & icmp_ln303 & icmp_ln304)> <Delay = 1.01> <CoreInst = "Adder">   --->   Core 1 'Adder' <Latency = 0> <II = 1> <Delay = 1.01> <FuncUnit> <Opcode : 'add' 'sub'> <InPorts = 2> <OutPorts = 1>
ST_1 : Operation 413 [1/1] (0.52ns)   --->   "%store_ln315 = store i32 %add_ln315, i32 %offset_j" [FFT/FFT.cpp:315]   --->   Operation 413 'store' 'store_ln315' <Predicate = (state_load == 5 & icmp_ln303 & icmp_ln304)> <Delay = 0.52>
ST_1 : Operation 414 [1/1] (1.01ns)   --->   "%add_ln316 = add i32 %offset_tw_load, i32 %zext_ln310" [FFT/FFT.cpp:316]   --->   Operation 414 'add' 'add_ln316' <Predicate = (state_load == 5 & icmp_ln303 & icmp_ln304)> <Delay = 1.01> <CoreInst = "Adder">   --->   Core 1 'Adder' <Latency = 0> <II = 1> <Delay = 1.01> <FuncUnit> <Opcode : 'add' 'sub'> <InPorts = 2> <OutPorts = 1>
ST_1 : Operation 415 [1/1] (0.42ns)   --->   "%br_ln316 = br void %if.end225" [FFT/FFT.cpp:316]   --->   Operation 415 'br' 'br_ln316' <Predicate = (state_load == 5 & icmp_ln303 & icmp_ln304)> <Delay = 0.42>
ST_1 : Operation 416 [1/1] (0.00ns)   --->   "%idx_1_new_0 = phi i32 %add_ln305_1, void %if.then185_ifconv, i32 %add_ln318, void %if.else210" [FFT/FFT.cpp:305]   --->   Operation 416 'phi' 'idx_1_new_0' <Predicate = (state_load == 5 & icmp_ln303)> <Delay = 0.00>
ST_1 : Operation 417 [1/1] (0.00ns)   --->   "%storemerge = phi i32 %add_ln316, void %if.then185_ifconv, i32 %zext_ln310, void %if.else210" [FFT/FFT.cpp:316]   --->   Operation 417 'phi' 'storemerge' <Predicate = (state_load == 5 & icmp_ln303)> <Delay = 0.00>
ST_1 : Operation 418 [1/1] (1.01ns)   --->   "%add_ln321 = add i32 %half_load, i32 %idx_1_new_0" [FFT/FFT.cpp:321]   --->   Operation 418 'add' 'add_ln321' <Predicate = (state_load == 5 & icmp_ln303)> <Delay = 1.01> <CoreInst = "Adder">   --->   Core 1 'Adder' <Latency = 0> <II = 1> <Delay = 1.01> <FuncUnit> <Opcode : 'add' 'sub'> <InPorts = 2> <OutPorts = 1>
ST_1 : Operation 419 [1/1] (0.47ns)   --->   "%store_ln316 = store i32 %storemerge, i32 %offset_tw" [FFT/FFT.cpp:316]   --->   Operation 419 'store' 'store_ln316' <Predicate = (state_load == 5 & icmp_ln303)> <Delay = 0.47>
ST_1 : Operation 420 [1/1] (0.67ns)   --->   "%br_ln329 = br void %sw.epilog" [FFT/FFT.cpp:329]   --->   Operation 420 'br' 'br_ln329' <Predicate = (state_load == 5 & icmp_ln303)> <Delay = 0.67>
ST_1 : Operation 421 [1/1] (0.99ns)   --->   "%icmp_ln283 = icmp_eq  i32 %s_idx_load, i32 3" [FFT/FFT.cpp:283]   --->   Operation 421 'icmp' 'icmp_ln283' <Predicate = (state_load == 2)> <Delay = 0.99> <CoreInst = "Cmp">   --->   Core 9 'Cmp' <Latency = 0> <II = 1> <Delay = 0.99> <FuncUnit> <Opcode : 'icmp'> <InPorts = 2> <OutPorts = 1>
ST_1 : Operation 422 [1/1] (0.00ns)   --->   "%br_ln283 = br i1 %icmp_ln283, void %if.else160, void %if.then151_ifconv" [FFT/FFT.cpp:283]   --->   Operation 422 'br' 'br_ln283' <Predicate = (state_load == 2)> <Delay = 0.00>
ST_1 : Operation 423 [1/1] (0.00ns)   --->   "%tmp_im_V_1 = load i33 %tmp_im_V" [FFT/FFT.cpp:292]   --->   Operation 423 'load' 'tmp_im_V_1' <Predicate = (state_load == 2 & !icmp_ln283)> <Delay = 0.00>
ST_1 : Operation 424 [1/1] (0.00ns)   --->   "%tmp_re_V_1 = load i32 %tmp_re_V" [FFT/FFT.cpp:292]   --->   Operation 424 'load' 'tmp_re_V_1' <Predicate = (state_load == 2 & !icmp_ln283)> <Delay = 0.00>
ST_1 : Operation 425 [1/1] (0.73ns)   --->   "%tmp_5 = mux i33 @_ssdm_op_Mux.ap_auto.20i33.i5, i33 %cont_hs_is_t_hs_is_t_hs_is_t_hs_is_t_bool_bool_bool_bool_ap_uint_ap_uint_ap_20, i33 %cont_hs_is_t_hs_is_t_hs_is_t_hs_is_t_bool_bool_bool_bool_ap_uint_ap_uint_ap_21, i33 %cont_hs_is_t_hs_is_t_hs_is_t_hs_is_t_bool_bool_bool_bool_ap_uint_ap_uint_ap_22, i33 %cont_hs_is_t_hs_is_t_hs_is_t_hs_is_t_bool_bool_bool_bool_ap_uint_ap_uint_ap_23, i33 %cont_hs_is_t_hs_is_t_hs_is_t_hs_is_t_bool_bool_bool_bool_ap_uint_ap_uint_ap_24, i33 %cont_hs_is_t_hs_is_t_hs_is_t_hs_is_t_bool_bool_bool_bool_ap_uint_ap_uint_ap_25, i33 %cont_hs_is_t_hs_is_t_hs_is_t_hs_is_t_bool_bool_bool_bool_ap_uint_ap_uint_ap_26, i33 %cont_hs_is_t_hs_is_t_hs_is_t_hs_is_t_bool_bool_bool_bool_ap_uint_ap_uint_ap_27, i33 %cont_hs_is_t_hs_is_t_hs_is_t_hs_is_t_bool_bool_bool_bool_ap_uint_ap_uint_ap_28, i33 %cont_hs_is_t_hs_is_t_hs_is_t_hs_is_t_bool_bool_bool_bool_ap_uint_ap_uint_ap_29, i33 %p_ZZ4contP7hs_is_tS0_S0_S0_bbbb7ap_uintILi5EES1_ILi11EEPS3_PbE8buffer_a_10_load, i33 %cont_hs_is_t_hs_is_t_hs_is_t_hs_is_t_bool_bool_bool_bool_ap_uint_5_ap_uint_11_ap_uint_11_bool_buffer_a, i33 %cont_hs_is_t_hs_is_t_hs_is_t_hs_is_t_bool_bool_bool_bool_ap_uint_5_ap_uint_11_ap_uint_11_bool_buffer_a_14, i33 %cont_hs_is_t_hs_is_t_hs_is_t_hs_is_t_bool_bool_bool_bool_ap_uint_5_ap_uint_11_ap_uint_11_bool_buffer_a_15, i33 %cont_hs_is_t_hs_is_t_hs_is_t_hs_is_t_bool_bool_bool_bool_ap_uint_5_ap_uint_11_ap_uint_11_bool_buffer_a_16, i33 %cont_hs_is_t_hs_is_t_hs_is_t_hs_is_t_bool_bool_bool_bool_ap_uint_5_ap_uint_11_ap_uint_11_bool_buffer_a_17, i33 %p_ZZ4contP7hs_is_tS0_S0_S0_bbbb7ap_uintILi5EES1_ILi11EEPS3_PbE8buffer_a_16_load, i33 %p_ZZ4contP7hs_is_tS0_S0_S0_bbbb7ap_uintILi5EES1_ILi11EEPS3_PbE8buffer_a_17_load, i33 %p_ZZ4contP7hs_is_tS0_S0_S0_bbbb7ap_uintILi5EES1_ILi11EEPS3_PbE8buffer_a_18_load, i33 %p_ZZ4contP7hs_is_tS0_S0_S0_bbbb7ap_uintILi5EES1_ILi11EEPS3_PbE8buffer_a_19_load, i5 %trunc_ln292" [FFT/FFT.cpp:58]   --->   Operation 425 'mux' 'tmp_5' <Predicate = (state_load == 2 & !icmp_ln283)> <Delay = 0.73> <CoreInst = "Multiplexer">   --->   Core 76 'Multiplexer' <Latency = 0> <II = 1> <Delay = 0.73> <FuncUnit> <Opcode : 'mux'> <InPorts = 2> <OutPorts = 1>
ST_1 : Operation 426 [1/1] (0.00ns)   --->   "%trunc_ln58 = trunc i33 %tmp_5" [FFT/FFT.cpp:58]   --->   Operation 426 'trunc' 'trunc_ln58' <Predicate = (state_load == 2 & !icmp_ln283)> <Delay = 0.00>
ST_1 : Operation 427 [1/1] (0.73ns)   --->   "%tmp_8 = mux i33 @_ssdm_op_Mux.ap_auto.20i33.i5, i33 %cont_hs_is_t_hs_is_t_hs_is_t_hs_is_t_bool_bool_bool_bool_ap_uint_ap_uint_ap_30, i33 %cont_hs_is_t_hs_is_t_hs_is_t_hs_is_t_bool_bool_bool_bool_ap_uint_ap_uint_ap_31, i33 %cont_hs_is_t_hs_is_t_hs_is_t_hs_is_t_bool_bool_bool_bool_ap_uint_ap_uint_ap_32, i33 %cont_hs_is_t_hs_is_t_hs_is_t_hs_is_t_bool_bool_bool_bool_ap_uint_ap_uint_ap_33, i33 %cont_hs_is_t_hs_is_t_hs_is_t_hs_is_t_bool_bool_bool_bool_ap_uint_ap_uint_ap_34, i33 %cont_hs_is_t_hs_is_t_hs_is_t_hs_is_t_bool_bool_bool_bool_ap_uint_ap_uint_ap_35, i33 %cont_hs_is_t_hs_is_t_hs_is_t_hs_is_t_bool_bool_bool_bool_ap_uint_ap_uint_ap_36, i33 %cont_hs_is_t_hs_is_t_hs_is_t_hs_is_t_bool_bool_bool_bool_ap_uint_ap_uint_ap_37, i33 %cont_hs_is_t_hs_is_t_hs_is_t_hs_is_t_bool_bool_bool_bool_ap_uint_ap_uint_ap_38, i33 %cont_hs_is_t_hs_is_t_hs_is_t_hs_is_t_bool_bool_bool_bool_ap_uint_ap_uint_ap_39, i33 %p_ZZ4contP7hs_is_tS0_S0_S0_bbbb7ap_uintILi5EES1_ILi11EEPS3_PbE8buffer_b_10_load, i33 %cont_hs_is_t_hs_is_t_hs_is_t_hs_is_t_bool_bool_bool_bool_ap_uint_5_ap_uint_11_ap_uint_11_bool_buffer_b, i33 %cont_hs_is_t_hs_is_t_hs_is_t_hs_is_t_bool_bool_bool_bool_ap_uint_5_ap_uint_11_ap_uint_11_bool_buffer_b_18, i33 %cont_hs_is_t_hs_is_t_hs_is_t_hs_is_t_bool_bool_bool_bool_ap_uint_5_ap_uint_11_ap_uint_11_bool_buffer_b_19, i33 %cont_hs_is_t_hs_is_t_hs_is_t_hs_is_t_bool_bool_bool_bool_ap_uint_5_ap_uint_11_ap_uint_11_bool_buffer_b_20, i33 %cont_hs_is_t_hs_is_t_hs_is_t_hs_is_t_bool_bool_bool_bool_ap_uint_5_ap_uint_11_ap_uint_11_bool_buffer_b_21, i33 %p_ZZ4contP7hs_is_tS0_S0_S0_bbbb7ap_uintILi5EES1_ILi11EEPS3_PbE8buffer_b_16_load, i33 %p_ZZ4contP7hs_is_tS0_S0_S0_bbbb7ap_uintILi5EES1_ILi11EEPS3_PbE8buffer_b_17_load, i33 %p_ZZ4contP7hs_is_tS0_S0_S0_bbbb7ap_uintILi5EES1_ILi11EEPS3_PbE8buffer_b_18_load, i33 %p_ZZ4contP7hs_is_tS0_S0_S0_bbbb7ap_uintILi5EES1_ILi11EEPS3_PbE8buffer_b_19_load, i5 %trunc_ln292" [FFT/FFT.cpp:59]   --->   Operation 427 'mux' 'tmp_8' <Predicate = (state_load == 2 & !icmp_ln283)> <Delay = 0.73> <CoreInst = "Multiplexer">   --->   Core 76 'Multiplexer' <Latency = 0> <II = 1> <Delay = 0.73> <FuncUnit> <Opcode : 'mux'> <InPorts = 2> <OutPorts = 1>
ST_1 : Operation 428 [1/1] (0.00ns)   --->   "%trunc_ln59 = trunc i33 %tmp_8" [FFT/FFT.cpp:59]   --->   Operation 428 'trunc' 'trunc_ln59' <Predicate = (state_load == 2 & !icmp_ln283)> <Delay = 0.00>
ST_1 : Operation 429 [1/1] (0.73ns)   --->   "%tmp_9 = mux i33 @_ssdm_op_Mux.ap_auto.20i33.i5, i33 %cont_hs_is_t_hs_is_t_hs_is_t_hs_is_t_bool_bool_bool_bool_ap_uint_ap_uint_ap_20, i33 %cont_hs_is_t_hs_is_t_hs_is_t_hs_is_t_bool_bool_bool_bool_ap_uint_ap_uint_ap_21, i33 %cont_hs_is_t_hs_is_t_hs_is_t_hs_is_t_bool_bool_bool_bool_ap_uint_ap_uint_ap_22, i33 %cont_hs_is_t_hs_is_t_hs_is_t_hs_is_t_bool_bool_bool_bool_ap_uint_ap_uint_ap_23, i33 %cont_hs_is_t_hs_is_t_hs_is_t_hs_is_t_bool_bool_bool_bool_ap_uint_ap_uint_ap_24, i33 %cont_hs_is_t_hs_is_t_hs_is_t_hs_is_t_bool_bool_bool_bool_ap_uint_ap_uint_ap_25, i33 %cont_hs_is_t_hs_is_t_hs_is_t_hs_is_t_bool_bool_bool_bool_ap_uint_ap_uint_ap_26, i33 %cont_hs_is_t_hs_is_t_hs_is_t_hs_is_t_bool_bool_bool_bool_ap_uint_ap_uint_ap_27, i33 %cont_hs_is_t_hs_is_t_hs_is_t_hs_is_t_bool_bool_bool_bool_ap_uint_ap_uint_ap_28, i33 %cont_hs_is_t_hs_is_t_hs_is_t_hs_is_t_bool_bool_bool_bool_ap_uint_ap_uint_ap_29, i33 %p_ZZ4contP7hs_is_tS0_S0_S0_bbbb7ap_uintILi5EES1_ILi11EEPS3_PbE8buffer_a_10_load, i33 %cont_hs_is_t_hs_is_t_hs_is_t_hs_is_t_bool_bool_bool_bool_ap_uint_5_ap_uint_11_ap_uint_11_bool_buffer_a, i33 %cont_hs_is_t_hs_is_t_hs_is_t_hs_is_t_bool_bool_bool_bool_ap_uint_5_ap_uint_11_ap_uint_11_bool_buffer_a_14, i33 %cont_hs_is_t_hs_is_t_hs_is_t_hs_is_t_bool_bool_bool_bool_ap_uint_5_ap_uint_11_ap_uint_11_bool_buffer_a_15, i33 %cont_hs_is_t_hs_is_t_hs_is_t_hs_is_t_bool_bool_bool_bool_ap_uint_5_ap_uint_11_ap_uint_11_bool_buffer_a_16, i33 %cont_hs_is_t_hs_is_t_hs_is_t_hs_is_t_bool_bool_bool_bool_ap_uint_5_ap_uint_11_ap_uint_11_bool_buffer_a_17, i33 %p_ZZ4contP7hs_is_tS0_S0_S0_bbbb7ap_uintILi5EES1_ILi11EEPS3_PbE8buffer_a_16_load, i33 %p_ZZ4contP7hs_is_tS0_S0_S0_bbbb7ap_uintILi5EES1_ILi11EEPS3_PbE8buffer_a_17_load, i33 %p_ZZ4contP7hs_is_tS0_S0_S0_bbbb7ap_uintILi5EES1_ILi11EEPS3_PbE8buffer_a_18_load, i33 %p_ZZ4contP7hs_is_tS0_S0_S0_bbbb7ap_uintILi5EES1_ILi11EEPS3_PbE8buffer_a_19_load, i5 %trunc_ln304" [FFT/FFT.cpp:60]   --->   Operation 429 'mux' 'tmp_9' <Predicate = (state_load == 2 & !icmp_ln283)> <Delay = 0.73> <CoreInst = "Multiplexer">   --->   Core 76 'Multiplexer' <Latency = 0> <II = 1> <Delay = 0.73> <FuncUnit> <Opcode : 'mux'> <InPorts = 2> <OutPorts = 1>
ST_1 : Operation 430 [1/1] (0.00ns)   --->   "%a2_V = trunc i33 %tmp_9" [FFT/FFT.cpp:60]   --->   Operation 430 'trunc' 'a2_V' <Predicate = (state_load == 2 & !icmp_ln283)> <Delay = 0.00>
ST_1 : Operation 431 [1/1] (0.73ns)   --->   "%tmp_1 = mux i33 @_ssdm_op_Mux.ap_auto.20i33.i5, i33 %cont_hs_is_t_hs_is_t_hs_is_t_hs_is_t_bool_bool_bool_bool_ap_uint_ap_uint_ap_30, i33 %cont_hs_is_t_hs_is_t_hs_is_t_hs_is_t_bool_bool_bool_bool_ap_uint_ap_uint_ap_31, i33 %cont_hs_is_t_hs_is_t_hs_is_t_hs_is_t_bool_bool_bool_bool_ap_uint_ap_uint_ap_32, i33 %cont_hs_is_t_hs_is_t_hs_is_t_hs_is_t_bool_bool_bool_bool_ap_uint_ap_uint_ap_33, i33 %cont_hs_is_t_hs_is_t_hs_is_t_hs_is_t_bool_bool_bool_bool_ap_uint_ap_uint_ap_34, i33 %cont_hs_is_t_hs_is_t_hs_is_t_hs_is_t_bool_bool_bool_bool_ap_uint_ap_uint_ap_35, i33 %cont_hs_is_t_hs_is_t_hs_is_t_hs_is_t_bool_bool_bool_bool_ap_uint_ap_uint_ap_36, i33 %cont_hs_is_t_hs_is_t_hs_is_t_hs_is_t_bool_bool_bool_bool_ap_uint_ap_uint_ap_37, i33 %cont_hs_is_t_hs_is_t_hs_is_t_hs_is_t_bool_bool_bool_bool_ap_uint_ap_uint_ap_38, i33 %cont_hs_is_t_hs_is_t_hs_is_t_hs_is_t_bool_bool_bool_bool_ap_uint_ap_uint_ap_39, i33 %p_ZZ4contP7hs_is_tS0_S0_S0_bbbb7ap_uintILi5EES1_ILi11EEPS3_PbE8buffer_b_10_load, i33 %cont_hs_is_t_hs_is_t_hs_is_t_hs_is_t_bool_bool_bool_bool_ap_uint_5_ap_uint_11_ap_uint_11_bool_buffer_b, i33 %cont_hs_is_t_hs_is_t_hs_is_t_hs_is_t_bool_bool_bool_bool_ap_uint_5_ap_uint_11_ap_uint_11_bool_buffer_b_18, i33 %cont_hs_is_t_hs_is_t_hs_is_t_hs_is_t_bool_bool_bool_bool_ap_uint_5_ap_uint_11_ap_uint_11_bool_buffer_b_19, i33 %cont_hs_is_t_hs_is_t_hs_is_t_hs_is_t_bool_bool_bool_bool_ap_uint_5_ap_uint_11_ap_uint_11_bool_buffer_b_20, i33 %cont_hs_is_t_hs_is_t_hs_is_t_hs_is_t_bool_bool_bool_bool_ap_uint_5_ap_uint_11_ap_uint_11_bool_buffer_b_21, i33 %p_ZZ4contP7hs_is_tS0_S0_S0_bbbb7ap_uintILi5EES1_ILi11EEPS3_PbE8buffer_b_16_load, i33 %p_ZZ4contP7hs_is_tS0_S0_S0_bbbb7ap_uintILi5EES1_ILi11EEPS3_PbE8buffer_b_17_load, i33 %p_ZZ4contP7hs_is_tS0_S0_S0_bbbb7ap_uintILi5EES1_ILi11EEPS3_PbE8buffer_b_18_load, i33 %p_ZZ4contP7hs_is_tS0_S0_S0_bbbb7ap_uintILi5EES1_ILi11EEPS3_PbE8buffer_b_19_load, i5 %trunc_ln304" [FFT/FFT.cpp:61]   --->   Operation 431 'mux' 'tmp_1' <Predicate = (state_load == 2 & !icmp_ln283)> <Delay = 0.73> <CoreInst = "Multiplexer">   --->   Core 76 'Multiplexer' <Latency = 0> <II = 1> <Delay = 0.73> <FuncUnit> <Opcode : 'mux'> <InPorts = 2> <OutPorts = 1>
ST_1 : Operation 432 [1/1] (0.00ns)   --->   "%b2_V = trunc i33 %tmp_1" [FFT/FFT.cpp:61]   --->   Operation 432 'trunc' 'b2_V' <Predicate = (state_load == 2 & !icmp_ln283)> <Delay = 0.00>
ST_1 : Operation 433 [1/1] (0.00ns)   --->   "%store_ln63 = store i32 %trunc_ln58, i32 %tmp_re_x_V" [FFT/FFT.cpp:63]   --->   Operation 433 'store' 'store_ln63' <Predicate = (state_load == 2 & !icmp_ln283)> <Delay = 0.00>
ST_1 : Operation 434 [1/1] (0.00ns)   --->   "%store_ln64 = store i32 %trunc_ln59, i32 %tmp_im_x_V" [FFT/FFT.cpp:64]   --->   Operation 434 'store' 'store_ln64' <Predicate = (state_load == 2 & !icmp_ln283)> <Delay = 0.00>
ST_1 : Operation 435 [1/1] (0.00ns)   --->   "%sext_ln1494 = sext i32 %a2_V"   --->   Operation 435 'sext' 'sext_ln1494' <Predicate = (state_load == 2 & !icmp_ln283)> <Delay = 0.00>
ST_1 : Operation 436 [1/1] (0.00ns)   --->   "%sext_ln1494_1 = sext i33 %tmp_im_V_1"   --->   Operation 436 'sext' 'sext_ln1494_1' <Predicate = (state_load == 2 & !icmp_ln283)> <Delay = 0.00>
ST_1 : Operation 437 [1/1] (3.41ns)   --->   "%ret_V_1 = mul i39 %sext_ln1494_1, i39 %sext_ln1494"   --->   Operation 437 'mul' 'ret_V_1' <Predicate = (state_load == 2 & !icmp_ln283)> <Delay = 3.41> <CoreInst = "Multiplier">   --->   Core 3 'Multiplier' <Latency = 0> <II = 1> <Delay = 3.41> <FuncUnit> <Opcode : 'mul'> <InPorts = 2> <OutPorts = 1>
ST_1 : Operation 438 [1/1] (0.00ns)   --->   "%sext_ln1494_2 = sext i32 %b2_V"   --->   Operation 438 'sext' 'sext_ln1494_2' <Predicate = (state_load == 2 & !icmp_ln283)> <Delay = 0.00>
ST_1 : Operation 439 [1/1] (0.00ns)   --->   "%sext_ln1494_3 = sext i32 %tmp_re_V_1"   --->   Operation 439 'sext' 'sext_ln1494_3' <Predicate = (state_load == 2 & !icmp_ln283)> <Delay = 0.00>
ST_1 : Operation 440 [1/1] (3.42ns)   --->   "%ret_V_2 = mul i39 %sext_ln1494_3, i39 %sext_ln1494_2"   --->   Operation 440 'mul' 'ret_V_2' <Predicate = (state_load == 2 & !icmp_ln283)> <Delay = 3.42> <CoreInst = "Multiplier">   --->   Core 3 'Multiplier' <Latency = 0> <II = 1> <Delay = 3.42> <FuncUnit> <Opcode : 'mul'> <InPorts = 2> <OutPorts = 1>
ST_1 : Operation 441 [1/1] (1.03ns)   --->   "%ret_V_3 = add i39 %ret_V_2, i39 %ret_V_1"   --->   Operation 441 'add' 'ret_V_3' <Predicate = (state_load == 2 & !icmp_ln283)> <Delay = 1.03> <CoreInst = "Adder">   --->   Core 1 'Adder' <Latency = 0> <II = 1> <Delay = 1.03> <FuncUnit> <Opcode : 'add' 'sub'> <InPorts = 2> <OutPorts = 1>
ST_1 : Operation 442 [1/1] (0.00ns)   --->   "%trunc_ln7 = partselect i32 @_ssdm_op_PartSelect.i32.i39.i32.i32, i39 %ret_V_3, i32 7, i32 38" [FFT/FFT.cpp:67]   --->   Operation 442 'partselect' 'trunc_ln7' <Predicate = (state_load == 2 & !icmp_ln283)> <Delay = 0.00>
ST_1 : Operation 443 [1/1] (0.00ns)   --->   "%store_ln67 = store i32 %trunc_ln7, i32 %tmp_im_y_V" [FFT/FFT.cpp:67]   --->   Operation 443 'store' 'store_ln67' <Predicate = (state_load == 2 & !icmp_ln283)> <Delay = 0.00>
ST_1 : Operation 444 [1/1] (3.42ns)   --->   "%ret_V_4 = mul i39 %sext_ln1494_3, i39 %sext_ln1494"   --->   Operation 444 'mul' 'ret_V_4' <Predicate = (state_load == 2 & !icmp_ln283)> <Delay = 3.42> <CoreInst = "Multiplier">   --->   Core 3 'Multiplier' <Latency = 0> <II = 1> <Delay = 3.42> <FuncUnit> <Opcode : 'mul'> <InPorts = 2> <OutPorts = 1>
ST_1 : Operation 445 [1/1] (3.41ns)   --->   "%ret_V_5 = mul i39 %sext_ln1494_1, i39 %sext_ln1494_2"   --->   Operation 445 'mul' 'ret_V_5' <Predicate = (state_load == 2 & !icmp_ln283)> <Delay = 3.41> <CoreInst = "Multiplier">   --->   Core 3 'Multiplier' <Latency = 0> <II = 1> <Delay = 3.41> <FuncUnit> <Opcode : 'mul'> <InPorts = 2> <OutPorts = 1>
ST_1 : Operation 446 [1/1] (1.03ns)   --->   "%ret_V_6 = sub i39 %ret_V_4, i39 %ret_V_5"   --->   Operation 446 'sub' 'ret_V_6' <Predicate = (state_load == 2 & !icmp_ln283)> <Delay = 1.03> <CoreInst = "Adder">   --->   Core 1 'Adder' <Latency = 0> <II = 1> <Delay = 1.03> <FuncUnit> <Opcode : 'add' 'sub'> <InPorts = 2> <OutPorts = 1>
ST_1 : Operation 447 [1/1] (0.00ns)   --->   "%trunc_ln8 = partselect i32 @_ssdm_op_PartSelect.i32.i39.i32.i32, i39 %ret_V_6, i32 7, i32 38" [FFT/FFT.cpp:69]   --->   Operation 447 'partselect' 'trunc_ln8' <Predicate = (state_load == 2 & !icmp_ln283)> <Delay = 0.00>
ST_1 : Operation 448 [1/1] (0.00ns)   --->   "%store_ln69 = store i32 %trunc_ln8, i32 %tmp_re_y_V" [FFT/FFT.cpp:69]   --->   Operation 448 'store' 'store_ln69' <Predicate = (state_load == 2 & !icmp_ln283)> <Delay = 0.00>
ST_1 : Operation 449 [1/1] (0.67ns)   --->   "%br_ln0 = br void %sw.epilog"   --->   Operation 449 'br' 'br_ln0' <Predicate = (state_load == 2 & !icmp_ln283)> <Delay = 0.67>
ST_1 : Operation 450 [1/1] (0.00ns)   --->   "%tmp_10 = partselect i29 @_ssdm_op_PartSelect.i29.i32.i32.i32, i32 %i_load, i32 3, i32 31" [FFT/FFT.cpp:284]   --->   Operation 450 'partselect' 'tmp_10' <Predicate = (state_load == 2 & icmp_ln283)> <Delay = 0.00>
ST_1 : Operation 451 [1/1] (1.01ns)   --->   "%icmp_ln284 = icmp_slt  i29 %tmp_10, i29 1" [FFT/FFT.cpp:284]   --->   Operation 451 'icmp' 'icmp_ln284' <Predicate = (state_load == 2 & icmp_ln283)> <Delay = 1.01> <CoreInst = "Cmp">   --->   Core 9 'Cmp' <Latency = 0> <II = 1> <Delay = 1.01> <FuncUnit> <Opcode : 'icmp'> <InPorts = 2> <OutPorts = 1>
ST_1 : Operation 452 [1/1] (0.00ns)   --->   "%trunc_ln285 = trunc i32 %i_load" [FFT/FFT.cpp:285]   --->   Operation 452 'trunc' 'trunc_ln285' <Predicate = (state_load == 2 & icmp_ln283)> <Delay = 0.00>
ST_1 : Operation 453 [1/1] (0.73ns)   --->   "%tmp_3 = mux i33 @_ssdm_op_Mux.ap_auto.20i33.i5, i33 %cont_hs_is_t_hs_is_t_hs_is_t_hs_is_t_bool_bool_bool_bool_ap_uint_ap_uint_ap_30, i33 %cont_hs_is_t_hs_is_t_hs_is_t_hs_is_t_bool_bool_bool_bool_ap_uint_ap_uint_ap_31, i33 %cont_hs_is_t_hs_is_t_hs_is_t_hs_is_t_bool_bool_bool_bool_ap_uint_ap_uint_ap_32, i33 %cont_hs_is_t_hs_is_t_hs_is_t_hs_is_t_bool_bool_bool_bool_ap_uint_ap_uint_ap_33, i33 %cont_hs_is_t_hs_is_t_hs_is_t_hs_is_t_bool_bool_bool_bool_ap_uint_ap_uint_ap_34, i33 %cont_hs_is_t_hs_is_t_hs_is_t_hs_is_t_bool_bool_bool_bool_ap_uint_ap_uint_ap_35, i33 %cont_hs_is_t_hs_is_t_hs_is_t_hs_is_t_bool_bool_bool_bool_ap_uint_ap_uint_ap_36, i33 %cont_hs_is_t_hs_is_t_hs_is_t_hs_is_t_bool_bool_bool_bool_ap_uint_ap_uint_ap_37, i33 %cont_hs_is_t_hs_is_t_hs_is_t_hs_is_t_bool_bool_bool_bool_ap_uint_ap_uint_ap_38, i33 %cont_hs_is_t_hs_is_t_hs_is_t_hs_is_t_bool_bool_bool_bool_ap_uint_ap_uint_ap_39, i33 %p_ZZ4contP7hs_is_tS0_S0_S0_bbbb7ap_uintILi5EES1_ILi11EEPS3_PbE8buffer_b_10_load, i33 %cont_hs_is_t_hs_is_t_hs_is_t_hs_is_t_bool_bool_bool_bool_ap_uint_5_ap_uint_11_ap_uint_11_bool_buffer_b, i33 %cont_hs_is_t_hs_is_t_hs_is_t_hs_is_t_bool_bool_bool_bool_ap_uint_5_ap_uint_11_ap_uint_11_bool_buffer_b_18, i33 %cont_hs_is_t_hs_is_t_hs_is_t_hs_is_t_bool_bool_bool_bool_ap_uint_5_ap_uint_11_ap_uint_11_bool_buffer_b_19, i33 %cont_hs_is_t_hs_is_t_hs_is_t_hs_is_t_bool_bool_bool_bool_ap_uint_5_ap_uint_11_ap_uint_11_bool_buffer_b_20, i33 %cont_hs_is_t_hs_is_t_hs_is_t_hs_is_t_bool_bool_bool_bool_ap_uint_5_ap_uint_11_ap_uint_11_bool_buffer_b_21, i33 %p_ZZ4contP7hs_is_tS0_S0_S0_bbbb7ap_uintILi5EES1_ILi11EEPS3_PbE8buffer_b_16_load, i33 %p_ZZ4contP7hs_is_tS0_S0_S0_bbbb7ap_uintILi5EES1_ILi11EEPS3_PbE8buffer_b_17_load, i33 %p_ZZ4contP7hs_is_tS0_S0_S0_bbbb7ap_uintILi5EES1_ILi11EEPS3_PbE8buffer_b_18_load, i33 %p_ZZ4contP7hs_is_tS0_S0_S0_bbbb7ap_uintILi5EES1_ILi11EEPS3_PbE8buffer_b_19_load, i5 %trunc_ln285" [FFT/FFT.cpp:285]   --->   Operation 453 'mux' 'tmp_3' <Predicate = (state_load == 2 & icmp_ln283 & icmp_ln284)> <Delay = 0.73> <CoreInst = "Multiplexer">   --->   Core 76 'Multiplexer' <Latency = 0> <II = 1> <Delay = 0.73> <FuncUnit> <Opcode : 'mux'> <InPorts = 2> <OutPorts = 1>
ST_1 : Operation 454 [1/1] (0.78ns)   --->   "%tmp_4 = mux i33 @_ssdm_op_Mux.ap_auto.32i33.i5, i33 0, i33 0, i33 0, i33 0, i33 0, i33 0, i33 0, i33 0, i33 %cont_hs_is_t_hs_is_t_hs_is_t_hs_is_t_bool_bool_bool_bool_ap_uint_ap_uint_ap_20, i33 %cont_hs_is_t_hs_is_t_hs_is_t_hs_is_t_bool_bool_bool_bool_ap_uint_ap_uint_ap_21, i33 %cont_hs_is_t_hs_is_t_hs_is_t_hs_is_t_bool_bool_bool_bool_ap_uint_ap_uint_ap_22, i33 %cont_hs_is_t_hs_is_t_hs_is_t_hs_is_t_bool_bool_bool_bool_ap_uint_ap_uint_ap_23, i33 %cont_hs_is_t_hs_is_t_hs_is_t_hs_is_t_bool_bool_bool_bool_ap_uint_ap_uint_ap_24, i33 %cont_hs_is_t_hs_is_t_hs_is_t_hs_is_t_bool_bool_bool_bool_ap_uint_ap_uint_ap_25, i33 %cont_hs_is_t_hs_is_t_hs_is_t_hs_is_t_bool_bool_bool_bool_ap_uint_ap_uint_ap_26, i33 %cont_hs_is_t_hs_is_t_hs_is_t_hs_is_t_bool_bool_bool_bool_ap_uint_ap_uint_ap_27, i33 %cont_hs_is_t_hs_is_t_hs_is_t_hs_is_t_bool_bool_bool_bool_ap_uint_ap_uint_ap_28, i33 %cont_hs_is_t_hs_is_t_hs_is_t_hs_is_t_bool_bool_bool_bool_ap_uint_ap_uint_ap_29, i33 %p_ZZ4contP7hs_is_tS0_S0_S0_bbbb7ap_uintILi5EES1_ILi11EEPS3_PbE8buffer_a_10_load, i33 %cont_hs_is_t_hs_is_t_hs_is_t_hs_is_t_bool_bool_bool_bool_ap_uint_5_ap_uint_11_ap_uint_11_bool_buffer_a, i33 %cont_hs_is_t_hs_is_t_hs_is_t_hs_is_t_bool_bool_bool_bool_ap_uint_5_ap_uint_11_ap_uint_11_bool_buffer_a_14, i33 %cont_hs_is_t_hs_is_t_hs_is_t_hs_is_t_bool_bool_bool_bool_ap_uint_5_ap_uint_11_ap_uint_11_bool_buffer_a_15, i33 %cont_hs_is_t_hs_is_t_hs_is_t_hs_is_t_bool_bool_bool_bool_ap_uint_5_ap_uint_11_ap_uint_11_bool_buffer_a_16, i33 %cont_hs_is_t_hs_is_t_hs_is_t_hs_is_t_bool_bool_bool_bool_ap_uint_5_ap_uint_11_ap_uint_11_bool_buffer_a_17, i33 %p_ZZ4contP7hs_is_tS0_S0_S0_bbbb7ap_uintILi5EES1_ILi11EEPS3_PbE8buffer_a_16_load, i33 %p_ZZ4contP7hs_is_tS0_S0_S0_bbbb7ap_uintILi5EES1_ILi11EEPS3_PbE8buffer_a_17_load, i33 %p_ZZ4contP7hs_is_tS0_S0_S0_bbbb7ap_uintILi5EES1_ILi11EEPS3_PbE8buffer_a_18_load, i33 %p_ZZ4contP7hs_is_tS0_S0_S0_bbbb7ap_uintILi5EES1_ILi11EEPS3_PbE8buffer_a_19_load, i33 0, i33 0, i33 0, i33 0, i5 %trunc_ln285" [FFT/FFT.cpp:287]   --->   Operation 454 'mux' 'tmp_4' <Predicate = (state_load == 2 & icmp_ln283 & !icmp_ln284)> <Delay = 0.78> <CoreInst = "Multiplexer">   --->   Core 76 'Multiplexer' <Latency = 0> <II = 1> <Delay = 0.78> <FuncUnit> <Opcode : 'mux'> <InPorts = 2> <OutPorts = 1>
ST_1 : Operation 455 [1/1] (0.43ns)   --->   "%select_ln284 = select i1 %icmp_ln284, i33 %tmp_3, i33 %tmp_4" [FFT/FFT.cpp:284]   --->   Operation 455 'select' 'select_ln284' <Predicate = (state_load == 2 & icmp_ln283)> <Delay = 0.43> <CoreInst = "Sel">   --->   Core 73 'Sel' <Latency = 0> <II = 1> <Delay = 0.43> <FuncUnit> <Opcode : 'select'> <InPorts = 3> <OutPorts = 1>
ST_1 : Operation 456 [1/1] (0.00ns)   --->   "%sext_ln284 = sext i33 %select_ln284" [FFT/FFT.cpp:284]   --->   Operation 456 'sext' 'sext_ln284' <Predicate = (state_load == 2 & icmp_ln283)> <Delay = 0.00>
ST_1 : Operation 457 [1/1] (0.47ns)   --->   "%store_ln285 = store i35 %sext_ln284, i35 %buffer_V" [FFT/FFT.cpp:285]   --->   Operation 457 'store' 'store_ln285' <Predicate = (state_load == 2 & icmp_ln283)> <Delay = 0.47>
ST_1 : Operation 458 [1/1] (0.67ns)   --->   "%br_ln289 = br void %sw.epilog" [FFT/FFT.cpp:289]   --->   Operation 458 'br' 'br_ln289' <Predicate = (state_load == 2 & icmp_ln283)> <Delay = 0.67>
ST_1 : Operation 459 [1/1] (0.00ns)   --->   "%a_i_valid_read = read i1 @_ssdm_op_Read.ap_none.i1P0A, i1 %a_i_valid" [FFT/FFT.cpp:234]   --->   Operation 459 'read' 'a_i_valid_read' <Predicate = (state_load == 1)> <Delay = 0.00>
ST_1 : Operation 460 [1/1] (0.42ns)   --->   "%br_ln234 = br i1 %a_i_valid_read, void %if.end118, void %land.lhs.true99" [FFT/FFT.cpp:234]   --->   Operation 460 'br' 'br_ln234' <Predicate = (state_load == 1)> <Delay = 0.42>
ST_1 : Operation 461 [1/1] (0.00ns)   --->   "%b_i_valid_read = read i1 @_ssdm_op_Read.ap_none.i1P0A, i1 %b_i_valid" [FFT/FFT.cpp:234]   --->   Operation 461 'read' 'b_i_valid_read' <Predicate = (state_load == 1 & a_i_valid_read)> <Delay = 0.00>
ST_1 : Operation 462 [1/1] (0.42ns)   --->   "%br_ln234 = br i1 %b_i_valid_read, void %if.end118, void %land.end" [FFT/FFT.cpp:234]   --->   Operation 462 'br' 'br_ln234' <Predicate = (state_load == 1 & a_i_valid_read)> <Delay = 0.42>
ST_1 : Operation 463 [1/1] (0.42ns)   --->   "%store_ln235 = store i1 1, i1 %store_result_valid" [FFT/FFT.cpp:235]   --->   Operation 463 'store' 'store_ln235' <Predicate = (state_load == 1 & a_i_valid_read & b_i_valid_read)> <Delay = 0.42>
ST_1 : Operation 464 [1/1] (0.75ns)   --->   "%icmp_ln1027_1 = icmp_ult  i5 %b_count_V_load, i5 20"   --->   Operation 464 'icmp' 'icmp_ln1027_1' <Predicate = (state_load == 1 & a_i_valid_read & b_i_valid_read)> <Delay = 0.75> <CoreInst = "Cmp">   --->   Core 9 'Cmp' <Latency = 0> <II = 1> <Delay = 0.75> <FuncUnit> <Opcode : 'icmp'> <InPorts = 2> <OutPorts = 1>
ST_1 : Operation 465 [1/1] (0.42ns)   --->   "%br_ln236 = br i1 %icmp_ln1027_1, void %if.end118, void %if.then104" [FFT/FFT.cpp:236]   --->   Operation 465 'br' 'br_ln236' <Predicate = (state_load == 1 & a_i_valid_read & b_i_valid_read)> <Delay = 0.42>
ST_1 : Operation 466 [1/1] (0.42ns)   --->   "%br_ln237 = br i1 %buffer_ok_load, void %if.then106, void %if.end118" [FFT/FFT.cpp:237]   --->   Operation 466 'br' 'br_ln237' <Predicate = (state_load == 1 & a_i_valid_read & b_i_valid_read & icmp_ln1027_1)> <Delay = 0.42>
ST_1 : Operation 467 [1/1] (0.00ns)   --->   "%a_i_data_read = read i32 @_ssdm_op_Read.ap_none.i32P0A, i32 %a_i_data" [FFT/FFT.cpp:238]   --->   Operation 467 'read' 'a_i_data_read' <Predicate = (state_load == 1 & a_i_valid_read & b_i_valid_read & icmp_ln1027_1 & !buffer_ok_load)> <Delay = 0.00>
ST_1 : Operation 468 [1/1] (0.00ns)   --->   "%b_i_data_read = read i32 @_ssdm_op_Read.ap_none.i32P0A, i32 %b_i_data" [FFT/FFT.cpp:239]   --->   Operation 468 'read' 'b_i_data_read' <Predicate = (state_load == 1 & a_i_valid_read & b_i_valid_read & icmp_ln1027_1 & !buffer_ok_load)> <Delay = 0.00>
ST_1 : Operation 469 [1/1] (0.00ns)   --->   "%j_a_load = load i32 %j_a" [FFT/FFT.cpp:240]   --->   Operation 469 'load' 'j_a_load' <Predicate = (state_load == 1 & a_i_valid_read & b_i_valid_read & icmp_ln1027_1 & !buffer_ok_load)> <Delay = 0.00>
ST_1 : Operation 470 [1/1] (1.01ns)   --->   "%add_ln240 = add i32 %j_a_load, i32 1" [FFT/FFT.cpp:240]   --->   Operation 470 'add' 'add_ln240' <Predicate = (state_load == 1 & a_i_valid_read & b_i_valid_read & icmp_ln1027_1 & !buffer_ok_load)> <Delay = 1.01> <CoreInst = "Adder">   --->   Core 1 'Adder' <Latency = 0> <II = 1> <Delay = 1.01> <FuncUnit> <Opcode : 'add' 'sub'> <InPorts = 2> <OutPorts = 1>
ST_1 : Operation 471 [1/1] (0.42ns)   --->   "%store_ln240 = store i32 %add_ln240, i32 %j_a" [FFT/FFT.cpp:240]   --->   Operation 471 'store' 'store_ln240' <Predicate = (state_load == 1 & a_i_valid_read & b_i_valid_read & icmp_ln1027_1 & !buffer_ok_load)> <Delay = 0.42>
ST_1 : Operation 472 [1/1] (0.00ns)   --->   "%trunc_ln240 = trunc i32 %j_a_load" [FFT/FFT.cpp:240]   --->   Operation 472 'trunc' 'trunc_ln240' <Predicate = (state_load == 1 & a_i_valid_read & b_i_valid_read & icmp_ln1027_1 & !buffer_ok_load)> <Delay = 0.00>
ST_1 : Operation 473 [1/1] (0.44ns)   --->   "%switch_ln240 = switch i5 %trunc_ln240, void %arrayidx111.case.19, i5 0, void %arrayidx111.exit, i5 1, void %arrayidx111.case.1, i5 2, void %arrayidx111.case.2, i5 3, void %arrayidx111.case.3, i5 4, void %arrayidx111.case.4, i5 5, void %arrayidx111.case.5, i5 6, void %arrayidx111.case.6, i5 7, void %arrayidx111.case.7, i5 8, void %arrayidx111.case.8, i5 9, void %arrayidx111.case.9, i5 10, void %arrayidx111.case.10, i5 11, void %arrayidx111.case.11, i5 12, void %arrayidx111.case.12, i5 13, void %arrayidx111.case.13, i5 14, void %arrayidx111.case.14, i5 15, void %arrayidx111.case.15, i5 16, void %arrayidx111.case.16, i5 17, void %arrayidx111.case.17, i5 18, void %arrayidx111.case.18" [FFT/FFT.cpp:240]   --->   Operation 473 'switch' 'switch_ln240' <Predicate = (state_load == 1 & a_i_valid_read & b_i_valid_read & icmp_ln1027_1 & !buffer_ok_load)> <Delay = 0.44>
ST_1 : Operation 474 [1/1] (0.42ns)   --->   "%br_ln240 = br void %arrayidx111.exit" [FFT/FFT.cpp:240]   --->   Operation 474 'br' 'br_ln240' <Predicate = (state_load == 1 & a_i_valid_read & b_i_valid_read & icmp_ln1027_1 & !buffer_ok_load & trunc_ln240 == 18)> <Delay = 0.42>
ST_1 : Operation 475 [1/1] (0.42ns)   --->   "%br_ln240 = br void %arrayidx111.exit" [FFT/FFT.cpp:240]   --->   Operation 475 'br' 'br_ln240' <Predicate = (state_load == 1 & a_i_valid_read & b_i_valid_read & icmp_ln1027_1 & !buffer_ok_load & trunc_ln240 == 17)> <Delay = 0.42>
ST_1 : Operation 476 [1/1] (0.42ns)   --->   "%br_ln240 = br void %arrayidx111.exit" [FFT/FFT.cpp:240]   --->   Operation 476 'br' 'br_ln240' <Predicate = (state_load == 1 & a_i_valid_read & b_i_valid_read & icmp_ln1027_1 & !buffer_ok_load & trunc_ln240 == 16)> <Delay = 0.42>
ST_1 : Operation 477 [1/1] (0.42ns)   --->   "%br_ln240 = br void %arrayidx111.exit" [FFT/FFT.cpp:240]   --->   Operation 477 'br' 'br_ln240' <Predicate = (state_load == 1 & a_i_valid_read & b_i_valid_read & icmp_ln1027_1 & !buffer_ok_load & trunc_ln240 == 15)> <Delay = 0.42>
ST_1 : Operation 478 [1/1] (0.42ns)   --->   "%br_ln240 = br void %arrayidx111.exit" [FFT/FFT.cpp:240]   --->   Operation 478 'br' 'br_ln240' <Predicate = (state_load == 1 & a_i_valid_read & b_i_valid_read & icmp_ln1027_1 & !buffer_ok_load & trunc_ln240 == 14)> <Delay = 0.42>
ST_1 : Operation 479 [1/1] (0.42ns)   --->   "%br_ln240 = br void %arrayidx111.exit" [FFT/FFT.cpp:240]   --->   Operation 479 'br' 'br_ln240' <Predicate = (state_load == 1 & a_i_valid_read & b_i_valid_read & icmp_ln1027_1 & !buffer_ok_load & trunc_ln240 == 13)> <Delay = 0.42>
ST_1 : Operation 480 [1/1] (0.42ns)   --->   "%br_ln240 = br void %arrayidx111.exit" [FFT/FFT.cpp:240]   --->   Operation 480 'br' 'br_ln240' <Predicate = (state_load == 1 & a_i_valid_read & b_i_valid_read & icmp_ln1027_1 & !buffer_ok_load & trunc_ln240 == 12)> <Delay = 0.42>
ST_1 : Operation 481 [1/1] (0.42ns)   --->   "%br_ln240 = br void %arrayidx111.exit" [FFT/FFT.cpp:240]   --->   Operation 481 'br' 'br_ln240' <Predicate = (state_load == 1 & a_i_valid_read & b_i_valid_read & icmp_ln1027_1 & !buffer_ok_load & trunc_ln240 == 11)> <Delay = 0.42>
ST_1 : Operation 482 [1/1] (0.42ns)   --->   "%br_ln240 = br void %arrayidx111.exit" [FFT/FFT.cpp:240]   --->   Operation 482 'br' 'br_ln240' <Predicate = (state_load == 1 & a_i_valid_read & b_i_valid_read & icmp_ln1027_1 & !buffer_ok_load & trunc_ln240 == 10)> <Delay = 0.42>
ST_1 : Operation 483 [1/1] (0.42ns)   --->   "%br_ln240 = br void %arrayidx111.exit" [FFT/FFT.cpp:240]   --->   Operation 483 'br' 'br_ln240' <Predicate = (state_load == 1 & a_i_valid_read & b_i_valid_read & icmp_ln1027_1 & !buffer_ok_load & trunc_ln240 == 9)> <Delay = 0.42>
ST_1 : Operation 484 [1/1] (0.42ns)   --->   "%br_ln240 = br void %arrayidx111.exit" [FFT/FFT.cpp:240]   --->   Operation 484 'br' 'br_ln240' <Predicate = (state_load == 1 & a_i_valid_read & b_i_valid_read & icmp_ln1027_1 & !buffer_ok_load & trunc_ln240 == 8)> <Delay = 0.42>
ST_1 : Operation 485 [1/1] (0.42ns)   --->   "%br_ln240 = br void %arrayidx111.exit" [FFT/FFT.cpp:240]   --->   Operation 485 'br' 'br_ln240' <Predicate = (state_load == 1 & a_i_valid_read & b_i_valid_read & icmp_ln1027_1 & !buffer_ok_load & trunc_ln240 == 7)> <Delay = 0.42>
ST_1 : Operation 486 [1/1] (0.42ns)   --->   "%br_ln240 = br void %arrayidx111.exit" [FFT/FFT.cpp:240]   --->   Operation 486 'br' 'br_ln240' <Predicate = (state_load == 1 & a_i_valid_read & b_i_valid_read & icmp_ln1027_1 & !buffer_ok_load & trunc_ln240 == 6)> <Delay = 0.42>
ST_1 : Operation 487 [1/1] (0.42ns)   --->   "%br_ln240 = br void %arrayidx111.exit" [FFT/FFT.cpp:240]   --->   Operation 487 'br' 'br_ln240' <Predicate = (state_load == 1 & a_i_valid_read & b_i_valid_read & icmp_ln1027_1 & !buffer_ok_load & trunc_ln240 == 5)> <Delay = 0.42>
ST_1 : Operation 488 [1/1] (0.42ns)   --->   "%br_ln240 = br void %arrayidx111.exit" [FFT/FFT.cpp:240]   --->   Operation 488 'br' 'br_ln240' <Predicate = (state_load == 1 & a_i_valid_read & b_i_valid_read & icmp_ln1027_1 & !buffer_ok_load & trunc_ln240 == 4)> <Delay = 0.42>
ST_1 : Operation 489 [1/1] (0.42ns)   --->   "%br_ln240 = br void %arrayidx111.exit" [FFT/FFT.cpp:240]   --->   Operation 489 'br' 'br_ln240' <Predicate = (state_load == 1 & a_i_valid_read & b_i_valid_read & icmp_ln1027_1 & !buffer_ok_load & trunc_ln240 == 3)> <Delay = 0.42>
ST_1 : Operation 490 [1/1] (0.42ns)   --->   "%br_ln240 = br void %arrayidx111.exit" [FFT/FFT.cpp:240]   --->   Operation 490 'br' 'br_ln240' <Predicate = (state_load == 1 & a_i_valid_read & b_i_valid_read & icmp_ln1027_1 & !buffer_ok_load & trunc_ln240 == 2)> <Delay = 0.42>
ST_1 : Operation 491 [1/1] (0.42ns)   --->   "%br_ln240 = br void %arrayidx111.exit" [FFT/FFT.cpp:240]   --->   Operation 491 'br' 'br_ln240' <Predicate = (state_load == 1 & a_i_valid_read & b_i_valid_read & icmp_ln1027_1 & !buffer_ok_load & trunc_ln240 == 1)> <Delay = 0.42>
ST_1 : Operation 492 [1/1] (0.42ns)   --->   "%br_ln240 = br void %arrayidx111.exit" [FFT/FFT.cpp:240]   --->   Operation 492 'br' 'br_ln240' <Predicate = (state_load == 1 & a_i_valid_read & b_i_valid_read & icmp_ln1027_1 & !buffer_ok_load & trunc_ln240 != 0 & trunc_ln240 != 1 & trunc_ln240 != 2 & trunc_ln240 != 3 & trunc_ln240 != 4 & trunc_ln240 != 5 & trunc_ln240 != 6 & trunc_ln240 != 7 & trunc_ln240 != 8 & trunc_ln240 != 9 & trunc_ln240 != 10 & trunc_ln240 != 11 & trunc_ln240 != 12 & trunc_ln240 != 13 & trunc_ln240 != 14 & trunc_ln240 != 15 & trunc_ln240 != 16 & trunc_ln240 != 17 & trunc_ln240 != 18)> <Delay = 0.42>
ST_1 : Operation 493 [1/1] (0.00ns)   --->   "%cont_hs_is_t_hs_is_t_hs_is_t_hs_is_t_bool_bool_bool_bool_ap_uint_ap_uint_ap_40 = phi i1 0, void %arrayidx111.case.19, i1 0, void %arrayidx111.case.18, i1 0, void %arrayidx111.case.17, i1 0, void %arrayidx111.case.16, i1 0, void %arrayidx111.case.15, i1 0, void %arrayidx111.case.14, i1 0, void %arrayidx111.case.13, i1 0, void %arrayidx111.case.12, i1 0, void %arrayidx111.case.11, i1 0, void %arrayidx111.case.10, i1 0, void %arrayidx111.case.9, i1 0, void %arrayidx111.case.8, i1 0, void %arrayidx111.case.7, i1 0, void %arrayidx111.case.6, i1 0, void %arrayidx111.case.5, i1 0, void %arrayidx111.case.4, i1 0, void %arrayidx111.case.3, i1 0, void %arrayidx111.case.2, i1 0, void %arrayidx111.case.1, i1 1, void %if.then106"   --->   Operation 493 'phi' 'cont_hs_is_t_hs_is_t_hs_is_t_hs_is_t_bool_bool_bool_bool_ap_uint_ap_uint_ap_40' <Predicate = (state_load == 1 & a_i_valid_read & b_i_valid_read & icmp_ln1027_1 & !buffer_ok_load)> <Delay = 0.00>
ST_1 : Operation 494 [1/1] (0.00ns)   --->   "%cont_hs_is_t_hs_is_t_hs_is_t_hs_is_t_bool_bool_bool_bool_ap_uint_ap_uint_ap_41 = phi i1 0, void %arrayidx111.case.19, i1 0, void %arrayidx111.case.18, i1 0, void %arrayidx111.case.17, i1 0, void %arrayidx111.case.16, i1 0, void %arrayidx111.case.15, i1 0, void %arrayidx111.case.14, i1 0, void %arrayidx111.case.13, i1 0, void %arrayidx111.case.12, i1 0, void %arrayidx111.case.11, i1 0, void %arrayidx111.case.10, i1 0, void %arrayidx111.case.9, i1 0, void %arrayidx111.case.8, i1 0, void %arrayidx111.case.7, i1 0, void %arrayidx111.case.6, i1 0, void %arrayidx111.case.5, i1 0, void %arrayidx111.case.4, i1 0, void %arrayidx111.case.3, i1 0, void %arrayidx111.case.2, i1 1, void %arrayidx111.case.1, i1 0, void %if.then106"   --->   Operation 494 'phi' 'cont_hs_is_t_hs_is_t_hs_is_t_hs_is_t_bool_bool_bool_bool_ap_uint_ap_uint_ap_41' <Predicate = (state_load == 1 & a_i_valid_read & b_i_valid_read & icmp_ln1027_1 & !buffer_ok_load)> <Delay = 0.00>
ST_1 : Operation 495 [1/1] (0.00ns)   --->   "%cont_hs_is_t_hs_is_t_hs_is_t_hs_is_t_bool_bool_bool_bool_ap_uint_ap_uint_ap_42 = phi i1 0, void %arrayidx111.case.19, i1 0, void %arrayidx111.case.18, i1 0, void %arrayidx111.case.17, i1 0, void %arrayidx111.case.16, i1 0, void %arrayidx111.case.15, i1 0, void %arrayidx111.case.14, i1 0, void %arrayidx111.case.13, i1 0, void %arrayidx111.case.12, i1 0, void %arrayidx111.case.11, i1 0, void %arrayidx111.case.10, i1 0, void %arrayidx111.case.9, i1 0, void %arrayidx111.case.8, i1 0, void %arrayidx111.case.7, i1 0, void %arrayidx111.case.6, i1 0, void %arrayidx111.case.5, i1 0, void %arrayidx111.case.4, i1 0, void %arrayidx111.case.3, i1 1, void %arrayidx111.case.2, i1 0, void %arrayidx111.case.1, i1 0, void %if.then106"   --->   Operation 495 'phi' 'cont_hs_is_t_hs_is_t_hs_is_t_hs_is_t_bool_bool_bool_bool_ap_uint_ap_uint_ap_42' <Predicate = (state_load == 1 & a_i_valid_read & b_i_valid_read & icmp_ln1027_1 & !buffer_ok_load)> <Delay = 0.00>
ST_1 : Operation 496 [1/1] (0.00ns)   --->   "%cont_hs_is_t_hs_is_t_hs_is_t_hs_is_t_bool_bool_bool_bool_ap_uint_ap_uint_ap_43 = phi i1 0, void %arrayidx111.case.19, i1 0, void %arrayidx111.case.18, i1 0, void %arrayidx111.case.17, i1 0, void %arrayidx111.case.16, i1 0, void %arrayidx111.case.15, i1 0, void %arrayidx111.case.14, i1 0, void %arrayidx111.case.13, i1 0, void %arrayidx111.case.12, i1 0, void %arrayidx111.case.11, i1 0, void %arrayidx111.case.10, i1 0, void %arrayidx111.case.9, i1 0, void %arrayidx111.case.8, i1 0, void %arrayidx111.case.7, i1 0, void %arrayidx111.case.6, i1 0, void %arrayidx111.case.5, i1 0, void %arrayidx111.case.4, i1 1, void %arrayidx111.case.3, i1 0, void %arrayidx111.case.2, i1 0, void %arrayidx111.case.1, i1 0, void %if.then106"   --->   Operation 496 'phi' 'cont_hs_is_t_hs_is_t_hs_is_t_hs_is_t_bool_bool_bool_bool_ap_uint_ap_uint_ap_43' <Predicate = (state_load == 1 & a_i_valid_read & b_i_valid_read & icmp_ln1027_1 & !buffer_ok_load)> <Delay = 0.00>
ST_1 : Operation 497 [1/1] (0.00ns)   --->   "%cont_hs_is_t_hs_is_t_hs_is_t_hs_is_t_bool_bool_bool_bool_ap_uint_ap_uint_ap_44 = phi i1 0, void %arrayidx111.case.19, i1 0, void %arrayidx111.case.18, i1 0, void %arrayidx111.case.17, i1 0, void %arrayidx111.case.16, i1 0, void %arrayidx111.case.15, i1 0, void %arrayidx111.case.14, i1 0, void %arrayidx111.case.13, i1 0, void %arrayidx111.case.12, i1 0, void %arrayidx111.case.11, i1 0, void %arrayidx111.case.10, i1 0, void %arrayidx111.case.9, i1 0, void %arrayidx111.case.8, i1 0, void %arrayidx111.case.7, i1 0, void %arrayidx111.case.6, i1 0, void %arrayidx111.case.5, i1 1, void %arrayidx111.case.4, i1 0, void %arrayidx111.case.3, i1 0, void %arrayidx111.case.2, i1 0, void %arrayidx111.case.1, i1 0, void %if.then106"   --->   Operation 497 'phi' 'cont_hs_is_t_hs_is_t_hs_is_t_hs_is_t_bool_bool_bool_bool_ap_uint_ap_uint_ap_44' <Predicate = (state_load == 1 & a_i_valid_read & b_i_valid_read & icmp_ln1027_1 & !buffer_ok_load)> <Delay = 0.00>
ST_1 : Operation 498 [1/1] (0.00ns)   --->   "%cont_hs_is_t_hs_is_t_hs_is_t_hs_is_t_bool_bool_bool_bool_ap_uint_ap_uint_ap_45 = phi i1 0, void %arrayidx111.case.19, i1 0, void %arrayidx111.case.18, i1 0, void %arrayidx111.case.17, i1 0, void %arrayidx111.case.16, i1 0, void %arrayidx111.case.15, i1 0, void %arrayidx111.case.14, i1 0, void %arrayidx111.case.13, i1 0, void %arrayidx111.case.12, i1 0, void %arrayidx111.case.11, i1 0, void %arrayidx111.case.10, i1 0, void %arrayidx111.case.9, i1 0, void %arrayidx111.case.8, i1 0, void %arrayidx111.case.7, i1 0, void %arrayidx111.case.6, i1 1, void %arrayidx111.case.5, i1 0, void %arrayidx111.case.4, i1 0, void %arrayidx111.case.3, i1 0, void %arrayidx111.case.2, i1 0, void %arrayidx111.case.1, i1 0, void %if.then106"   --->   Operation 498 'phi' 'cont_hs_is_t_hs_is_t_hs_is_t_hs_is_t_bool_bool_bool_bool_ap_uint_ap_uint_ap_45' <Predicate = (state_load == 1 & a_i_valid_read & b_i_valid_read & icmp_ln1027_1 & !buffer_ok_load)> <Delay = 0.00>
ST_1 : Operation 499 [1/1] (0.00ns)   --->   "%cont_hs_is_t_hs_is_t_hs_is_t_hs_is_t_bool_bool_bool_bool_ap_uint_ap_uint_ap_46 = phi i1 0, void %arrayidx111.case.19, i1 0, void %arrayidx111.case.18, i1 0, void %arrayidx111.case.17, i1 0, void %arrayidx111.case.16, i1 0, void %arrayidx111.case.15, i1 0, void %arrayidx111.case.14, i1 0, void %arrayidx111.case.13, i1 0, void %arrayidx111.case.12, i1 0, void %arrayidx111.case.11, i1 0, void %arrayidx111.case.10, i1 0, void %arrayidx111.case.9, i1 0, void %arrayidx111.case.8, i1 0, void %arrayidx111.case.7, i1 1, void %arrayidx111.case.6, i1 0, void %arrayidx111.case.5, i1 0, void %arrayidx111.case.4, i1 0, void %arrayidx111.case.3, i1 0, void %arrayidx111.case.2, i1 0, void %arrayidx111.case.1, i1 0, void %if.then106"   --->   Operation 499 'phi' 'cont_hs_is_t_hs_is_t_hs_is_t_hs_is_t_bool_bool_bool_bool_ap_uint_ap_uint_ap_46' <Predicate = (state_load == 1 & a_i_valid_read & b_i_valid_read & icmp_ln1027_1 & !buffer_ok_load)> <Delay = 0.00>
ST_1 : Operation 500 [1/1] (0.00ns)   --->   "%cont_hs_is_t_hs_is_t_hs_is_t_hs_is_t_bool_bool_bool_bool_ap_uint_ap_uint_ap_47 = phi i1 0, void %arrayidx111.case.19, i1 0, void %arrayidx111.case.18, i1 0, void %arrayidx111.case.17, i1 0, void %arrayidx111.case.16, i1 0, void %arrayidx111.case.15, i1 0, void %arrayidx111.case.14, i1 0, void %arrayidx111.case.13, i1 0, void %arrayidx111.case.12, i1 0, void %arrayidx111.case.11, i1 0, void %arrayidx111.case.10, i1 0, void %arrayidx111.case.9, i1 0, void %arrayidx111.case.8, i1 1, void %arrayidx111.case.7, i1 0, void %arrayidx111.case.6, i1 0, void %arrayidx111.case.5, i1 0, void %arrayidx111.case.4, i1 0, void %arrayidx111.case.3, i1 0, void %arrayidx111.case.2, i1 0, void %arrayidx111.case.1, i1 0, void %if.then106"   --->   Operation 500 'phi' 'cont_hs_is_t_hs_is_t_hs_is_t_hs_is_t_bool_bool_bool_bool_ap_uint_ap_uint_ap_47' <Predicate = (state_load == 1 & a_i_valid_read & b_i_valid_read & icmp_ln1027_1 & !buffer_ok_load)> <Delay = 0.00>
ST_1 : Operation 501 [1/1] (0.00ns)   --->   "%cont_hs_is_t_hs_is_t_hs_is_t_hs_is_t_bool_bool_bool_bool_ap_uint_ap_uint_ap_48 = phi i1 0, void %arrayidx111.case.19, i1 0, void %arrayidx111.case.18, i1 0, void %arrayidx111.case.17, i1 0, void %arrayidx111.case.16, i1 0, void %arrayidx111.case.15, i1 0, void %arrayidx111.case.14, i1 0, void %arrayidx111.case.13, i1 0, void %arrayidx111.case.12, i1 0, void %arrayidx111.case.11, i1 0, void %arrayidx111.case.10, i1 0, void %arrayidx111.case.9, i1 1, void %arrayidx111.case.8, i1 0, void %arrayidx111.case.7, i1 0, void %arrayidx111.case.6, i1 0, void %arrayidx111.case.5, i1 0, void %arrayidx111.case.4, i1 0, void %arrayidx111.case.3, i1 0, void %arrayidx111.case.2, i1 0, void %arrayidx111.case.1, i1 0, void %if.then106"   --->   Operation 501 'phi' 'cont_hs_is_t_hs_is_t_hs_is_t_hs_is_t_bool_bool_bool_bool_ap_uint_ap_uint_ap_48' <Predicate = (state_load == 1 & a_i_valid_read & b_i_valid_read & icmp_ln1027_1 & !buffer_ok_load)> <Delay = 0.00>
ST_1 : Operation 502 [1/1] (0.00ns)   --->   "%cont_hs_is_t_hs_is_t_hs_is_t_hs_is_t_bool_bool_bool_bool_ap_uint_ap_uint_ap_49 = phi i1 0, void %arrayidx111.case.19, i1 0, void %arrayidx111.case.18, i1 0, void %arrayidx111.case.17, i1 0, void %arrayidx111.case.16, i1 0, void %arrayidx111.case.15, i1 0, void %arrayidx111.case.14, i1 0, void %arrayidx111.case.13, i1 0, void %arrayidx111.case.12, i1 0, void %arrayidx111.case.11, i1 0, void %arrayidx111.case.10, i1 1, void %arrayidx111.case.9, i1 0, void %arrayidx111.case.8, i1 0, void %arrayidx111.case.7, i1 0, void %arrayidx111.case.6, i1 0, void %arrayidx111.case.5, i1 0, void %arrayidx111.case.4, i1 0, void %arrayidx111.case.3, i1 0, void %arrayidx111.case.2, i1 0, void %arrayidx111.case.1, i1 0, void %if.then106"   --->   Operation 502 'phi' 'cont_hs_is_t_hs_is_t_hs_is_t_hs_is_t_bool_bool_bool_bool_ap_uint_ap_uint_ap_49' <Predicate = (state_load == 1 & a_i_valid_read & b_i_valid_read & icmp_ln1027_1 & !buffer_ok_load)> <Delay = 0.00>
ST_1 : Operation 503 [1/1] (0.00ns)   --->   "%p_ZZ4contP7hs_is_tS0_S0_S0_bbbb7ap_uintILi5EES1_ILi11EEPS3_PbE8buffer_a_10_flag_0 = phi i1 0, void %arrayidx111.case.19, i1 0, void %arrayidx111.case.18, i1 0, void %arrayidx111.case.17, i1 0, void %arrayidx111.case.16, i1 0, void %arrayidx111.case.15, i1 0, void %arrayidx111.case.14, i1 0, void %arrayidx111.case.13, i1 0, void %arrayidx111.case.12, i1 0, void %arrayidx111.case.11, i1 1, void %arrayidx111.case.10, i1 0, void %arrayidx111.case.9, i1 0, void %arrayidx111.case.8, i1 0, void %arrayidx111.case.7, i1 0, void %arrayidx111.case.6, i1 0, void %arrayidx111.case.5, i1 0, void %arrayidx111.case.4, i1 0, void %arrayidx111.case.3, i1 0, void %arrayidx111.case.2, i1 0, void %arrayidx111.case.1, i1 0, void %if.then106"   --->   Operation 503 'phi' 'p_ZZ4contP7hs_is_tS0_S0_S0_bbbb7ap_uintILi5EES1_ILi11EEPS3_PbE8buffer_a_10_flag_0' <Predicate = (state_load == 1 & a_i_valid_read & b_i_valid_read & icmp_ln1027_1 & !buffer_ok_load)> <Delay = 0.00>
ST_1 : Operation 504 [1/1] (0.00ns)   --->   "%cont_mulmulmulmulmulmulhs_is_t_hs_is_t_hs_is_t_hs_is_t_bool_bool_bool_bool_ap_uint_5_ap_uint_11_ap_uint_11_bool_buffer_a_float_long_signed_char_float128_0 = phi i1 0, void %arrayidx111.case.19, i1 0, void %arrayidx111.case.18, i1 0, void %arrayidx111.case.17, i1 0, void %arrayidx111.case.16, i1 0, void %arrayidx111.case.15, i1 0, void %arrayidx111.case.14, i1 0, void %arrayidx111.case.13, i1 0, void %arrayidx111.case.12, i1 1, void %arrayidx111.case.11, i1 0, void %arrayidx111.case.10, i1 0, void %arrayidx111.case.9, i1 0, void %arrayidx111.case.8, i1 0, void %arrayidx111.case.7, i1 0, void %arrayidx111.case.6, i1 0, void %arrayidx111.case.5, i1 0, void %arrayidx111.case.4, i1 0, void %arrayidx111.case.3, i1 0, void %arrayidx111.case.2, i1 0, void %arrayidx111.case.1, i1 0, void %if.then106"   --->   Operation 504 'phi' 'cont_mulmulmulmulmulmulhs_is_t_hs_is_t_hs_is_t_hs_is_t_bool_bool_bool_bool_ap_uint_5_ap_uint_11_ap_uint_11_bool_buffer_a_float_long_signed_char_float128_0' <Predicate = (state_load == 1 & a_i_valid_read & b_i_valid_read & icmp_ln1027_1 & !buffer_ok_load)> <Delay = 0.00>
ST_1 : Operation 505 [1/1] (0.00ns)   --->   "%cont_mulmulmulmulmulmulhs_is_t_hs_is_t_hs_is_t_hs_is_t_bool_bool_bool_bool_ap_uint_5_ap_uint_11_ap_uint_11_bool_buffer_a_f_long_signed_char_float128_0 = phi i1 0, void %arrayidx111.case.19, i1 0, void %arrayidx111.case.18, i1 0, void %arrayidx111.case.17, i1 0, void %arrayidx111.case.16, i1 0, void %arrayidx111.case.15, i1 0, void %arrayidx111.case.14, i1 0, void %arrayidx111.case.13, i1 1, void %arrayidx111.case.12, i1 0, void %arrayidx111.case.11, i1 0, void %arrayidx111.case.10, i1 0, void %arrayidx111.case.9, i1 0, void %arrayidx111.case.8, i1 0, void %arrayidx111.case.7, i1 0, void %arrayidx111.case.6, i1 0, void %arrayidx111.case.5, i1 0, void %arrayidx111.case.4, i1 0, void %arrayidx111.case.3, i1 0, void %arrayidx111.case.2, i1 0, void %arrayidx111.case.1, i1 0, void %if.then106"   --->   Operation 505 'phi' 'cont_mulmulmulmulmulmulhs_is_t_hs_is_t_hs_is_t_hs_is_t_bool_bool_bool_bool_ap_uint_5_ap_uint_11_ap_uint_11_bool_buffer_a_f_long_signed_char_float128_0' <Predicate = (state_load == 1 & a_i_valid_read & b_i_valid_read & icmp_ln1027_1 & !buffer_ok_load)> <Delay = 0.00>
ST_1 : Operation 506 [1/1] (0.00ns)   --->   "%cont_mulmulmulmulmulmulhs_is_t_hs_is_t_hs_is_t_hs_is_t_bool_bool_bool_bool_ap_uint_5_ap_uint_11_ap_uint_11_bool_buffer_a_fl_signed_char_float128_0 = phi i1 0, void %arrayidx111.case.19, i1 0, void %arrayidx111.case.18, i1 0, void %arrayidx111.case.17, i1 0, void %arrayidx111.case.16, i1 0, void %arrayidx111.case.15, i1 0, void %arrayidx111.case.14, i1 1, void %arrayidx111.case.13, i1 0, void %arrayidx111.case.12, i1 0, void %arrayidx111.case.11, i1 0, void %arrayidx111.case.10, i1 0, void %arrayidx111.case.9, i1 0, void %arrayidx111.case.8, i1 0, void %arrayidx111.case.7, i1 0, void %arrayidx111.case.6, i1 0, void %arrayidx111.case.5, i1 0, void %arrayidx111.case.4, i1 0, void %arrayidx111.case.3, i1 0, void %arrayidx111.case.2, i1 0, void %arrayidx111.case.1, i1 0, void %if.then106"   --->   Operation 506 'phi' 'cont_mulmulmulmulmulmulhs_is_t_hs_is_t_hs_is_t_hs_is_t_bool_bool_bool_bool_ap_uint_5_ap_uint_11_ap_uint_11_bool_buffer_a_fl_signed_char_float128_0' <Predicate = (state_load == 1 & a_i_valid_read & b_i_valid_read & icmp_ln1027_1 & !buffer_ok_load)> <Delay = 0.00>
ST_1 : Operation 507 [1/1] (0.00ns)   --->   "%cont_mulmulmulmulmulmulhs_is_t_hs_is_t_hs_is_t_hs_is_t_bool_bool_bool_bool_ap_uint_5_ap_uint_11_ap_uint_11_bool_buffer_a_fla_float128_0 = phi i1 0, void %arrayidx111.case.19, i1 0, void %arrayidx111.case.18, i1 0, void %arrayidx111.case.17, i1 0, void %arrayidx111.case.16, i1 0, void %arrayidx111.case.15, i1 1, void %arrayidx111.case.14, i1 0, void %arrayidx111.case.13, i1 0, void %arrayidx111.case.12, i1 0, void %arrayidx111.case.11, i1 0, void %arrayidx111.case.10, i1 0, void %arrayidx111.case.9, i1 0, void %arrayidx111.case.8, i1 0, void %arrayidx111.case.7, i1 0, void %arrayidx111.case.6, i1 0, void %arrayidx111.case.5, i1 0, void %arrayidx111.case.4, i1 0, void %arrayidx111.case.3, i1 0, void %arrayidx111.case.2, i1 0, void %arrayidx111.case.1, i1 0, void %if.then106"   --->   Operation 507 'phi' 'cont_mulmulmulmulmulmulhs_is_t_hs_is_t_hs_is_t_hs_is_t_bool_bool_bool_bool_ap_uint_5_ap_uint_11_ap_uint_11_bool_buffer_a_fla_float128_0' <Predicate = (state_load == 1 & a_i_valid_read & b_i_valid_read & icmp_ln1027_1 & !buffer_ok_load)> <Delay = 0.00>
ST_1 : Operation 508 [1/1] (0.00ns)   --->   "%cont_mulmulmulmulmulmulhs_is_t_hs_is_t_hs_is_t_hs_is_t_bool_bool_bool_bool_ap_uint_5_ap_uint_11_ap_uint_11_bool_buffer_a_flag_0 = phi i1 0, void %arrayidx111.case.19, i1 0, void %arrayidx111.case.18, i1 0, void %arrayidx111.case.17, i1 0, void %arrayidx111.case.16, i1 1, void %arrayidx111.case.15, i1 0, void %arrayidx111.case.14, i1 0, void %arrayidx111.case.13, i1 0, void %arrayidx111.case.12, i1 0, void %arrayidx111.case.11, i1 0, void %arrayidx111.case.10, i1 0, void %arrayidx111.case.9, i1 0, void %arrayidx111.case.8, i1 0, void %arrayidx111.case.7, i1 0, void %arrayidx111.case.6, i1 0, void %arrayidx111.case.5, i1 0, void %arrayidx111.case.4, i1 0, void %arrayidx111.case.3, i1 0, void %arrayidx111.case.2, i1 0, void %arrayidx111.case.1, i1 0, void %if.then106"   --->   Operation 508 'phi' 'cont_mulmulmulmulmulmulhs_is_t_hs_is_t_hs_is_t_hs_is_t_bool_bool_bool_bool_ap_uint_5_ap_uint_11_ap_uint_11_bool_buffer_a_flag_0' <Predicate = (state_load == 1 & a_i_valid_read & b_i_valid_read & icmp_ln1027_1 & !buffer_ok_load)> <Delay = 0.00>
ST_1 : Operation 509 [1/1] (0.00ns)   --->   "%p_ZZ4contP7hs_is_tS0_S0_S0_bbbb7ap_uintILi5EES1_ILi11EEPS3_PbE8buffer_a_16_flag_0 = phi i1 0, void %arrayidx111.case.19, i1 0, void %arrayidx111.case.18, i1 0, void %arrayidx111.case.17, i1 1, void %arrayidx111.case.16, i1 0, void %arrayidx111.case.15, i1 0, void %arrayidx111.case.14, i1 0, void %arrayidx111.case.13, i1 0, void %arrayidx111.case.12, i1 0, void %arrayidx111.case.11, i1 0, void %arrayidx111.case.10, i1 0, void %arrayidx111.case.9, i1 0, void %arrayidx111.case.8, i1 0, void %arrayidx111.case.7, i1 0, void %arrayidx111.case.6, i1 0, void %arrayidx111.case.5, i1 0, void %arrayidx111.case.4, i1 0, void %arrayidx111.case.3, i1 0, void %arrayidx111.case.2, i1 0, void %arrayidx111.case.1, i1 0, void %if.then106"   --->   Operation 509 'phi' 'p_ZZ4contP7hs_is_tS0_S0_S0_bbbb7ap_uintILi5EES1_ILi11EEPS3_PbE8buffer_a_16_flag_0' <Predicate = (state_load == 1 & a_i_valid_read & b_i_valid_read & icmp_ln1027_1 & !buffer_ok_load)> <Delay = 0.00>
ST_1 : Operation 510 [1/1] (0.00ns)   --->   "%cont_hs_is_t_hs_is_t_hs_is_t_hs_is_t_bool_bool_bool_bool_ap_uint_5_ap_uint_11_ap_uint_11_bool_buffer_a_22 = phi i1 0, void %arrayidx111.case.19, i1 0, void %arrayidx111.case.18, i1 1, void %arrayidx111.case.17, i1 0, void %arrayidx111.case.16, i1 0, void %arrayidx111.case.15, i1 0, void %arrayidx111.case.14, i1 0, void %arrayidx111.case.13, i1 0, void %arrayidx111.case.12, i1 0, void %arrayidx111.case.11, i1 0, void %arrayidx111.case.10, i1 0, void %arrayidx111.case.9, i1 0, void %arrayidx111.case.8, i1 0, void %arrayidx111.case.7, i1 0, void %arrayidx111.case.6, i1 0, void %arrayidx111.case.5, i1 0, void %arrayidx111.case.4, i1 0, void %arrayidx111.case.3, i1 0, void %arrayidx111.case.2, i1 0, void %arrayidx111.case.1, i1 0, void %if.then106"   --->   Operation 510 'phi' 'cont_hs_is_t_hs_is_t_hs_is_t_hs_is_t_bool_bool_bool_bool_ap_uint_5_ap_uint_11_ap_uint_11_bool_buffer_a_22' <Predicate = (state_load == 1 & a_i_valid_read & b_i_valid_read & icmp_ln1027_1 & !buffer_ok_load)> <Delay = 0.00>
ST_1 : Operation 511 [1/1] (0.00ns)   --->   "%p_ZZ4contP7hs_is_tS0_S0_S0_bbbb7ap_uintILi5EES1_ILi11EEPS3_PbE8buffer_a_18_flag_0 = phi i1 0, void %arrayidx111.case.19, i1 1, void %arrayidx111.case.18, i1 0, void %arrayidx111.case.17, i1 0, void %arrayidx111.case.16, i1 0, void %arrayidx111.case.15, i1 0, void %arrayidx111.case.14, i1 0, void %arrayidx111.case.13, i1 0, void %arrayidx111.case.12, i1 0, void %arrayidx111.case.11, i1 0, void %arrayidx111.case.10, i1 0, void %arrayidx111.case.9, i1 0, void %arrayidx111.case.8, i1 0, void %arrayidx111.case.7, i1 0, void %arrayidx111.case.6, i1 0, void %arrayidx111.case.5, i1 0, void %arrayidx111.case.4, i1 0, void %arrayidx111.case.3, i1 0, void %arrayidx111.case.2, i1 0, void %arrayidx111.case.1, i1 0, void %if.then106"   --->   Operation 511 'phi' 'p_ZZ4contP7hs_is_tS0_S0_S0_bbbb7ap_uintILi5EES1_ILi11EEPS3_PbE8buffer_a_18_flag_0' <Predicate = (state_load == 1 & a_i_valid_read & b_i_valid_read & icmp_ln1027_1 & !buffer_ok_load)> <Delay = 0.00>
ST_1 : Operation 512 [1/1] (0.00ns)   --->   "%p_ZZ4contP7hs_is_tS0_S0_S0_bbbb7ap_uintILi5EES1_ILi11EEPS3_PbE8buffer_a_19_flag_0 = phi i1 1, void %arrayidx111.case.19, i1 0, void %arrayidx111.case.18, i1 0, void %arrayidx111.case.17, i1 0, void %arrayidx111.case.16, i1 0, void %arrayidx111.case.15, i1 0, void %arrayidx111.case.14, i1 0, void %arrayidx111.case.13, i1 0, void %arrayidx111.case.12, i1 0, void %arrayidx111.case.11, i1 0, void %arrayidx111.case.10, i1 0, void %arrayidx111.case.9, i1 0, void %arrayidx111.case.8, i1 0, void %arrayidx111.case.7, i1 0, void %arrayidx111.case.6, i1 0, void %arrayidx111.case.5, i1 0, void %arrayidx111.case.4, i1 0, void %arrayidx111.case.3, i1 0, void %arrayidx111.case.2, i1 0, void %arrayidx111.case.1, i1 0, void %if.then106"   --->   Operation 512 'phi' 'p_ZZ4contP7hs_is_tS0_S0_S0_bbbb7ap_uintILi5EES1_ILi11EEPS3_PbE8buffer_a_19_flag_0' <Predicate = (state_load == 1 & a_i_valid_read & b_i_valid_read & icmp_ln1027_1 & !buffer_ok_load)> <Delay = 0.00>
ST_1 : Operation 513 [1/1] (0.00ns)   --->   "%j_b_load = load i32 %j_b" [FFT/FFT.cpp:241]   --->   Operation 513 'load' 'j_b_load' <Predicate = (state_load == 1 & a_i_valid_read & b_i_valid_read & icmp_ln1027_1 & !buffer_ok_load)> <Delay = 0.00>
ST_1 : Operation 514 [1/1] (1.01ns)   --->   "%add_ln241 = add i32 %j_b_load, i32 1" [FFT/FFT.cpp:241]   --->   Operation 514 'add' 'add_ln241' <Predicate = (state_load == 1 & a_i_valid_read & b_i_valid_read & icmp_ln1027_1 & !buffer_ok_load)> <Delay = 1.01> <CoreInst = "Adder">   --->   Core 1 'Adder' <Latency = 0> <II = 1> <Delay = 1.01> <FuncUnit> <Opcode : 'add' 'sub'> <InPorts = 2> <OutPorts = 1>
ST_1 : Operation 515 [1/1] (0.42ns)   --->   "%store_ln241 = store i32 %add_ln241, i32 %j_b" [FFT/FFT.cpp:241]   --->   Operation 515 'store' 'store_ln241' <Predicate = (state_load == 1 & a_i_valid_read & b_i_valid_read & icmp_ln1027_1 & !buffer_ok_load)> <Delay = 0.42>
ST_1 : Operation 516 [1/1] (0.00ns)   --->   "%trunc_ln241 = trunc i32 %j_b_load" [FFT/FFT.cpp:241]   --->   Operation 516 'trunc' 'trunc_ln241' <Predicate = (state_load == 1 & a_i_valid_read & b_i_valid_read & icmp_ln1027_1 & !buffer_ok_load)> <Delay = 0.00>
ST_1 : Operation 517 [1/1] (0.44ns)   --->   "%switch_ln241 = switch i5 %trunc_ln241, void %arrayidx114.case.19, i5 0, void %arrayidx114.exit, i5 1, void %arrayidx114.case.1, i5 2, void %arrayidx114.case.2, i5 3, void %arrayidx114.case.3, i5 4, void %arrayidx114.case.4, i5 5, void %arrayidx114.case.5, i5 6, void %arrayidx114.case.6, i5 7, void %arrayidx114.case.7, i5 8, void %arrayidx114.case.8, i5 9, void %arrayidx114.case.9, i5 10, void %arrayidx114.case.10, i5 11, void %arrayidx114.case.11, i5 12, void %arrayidx114.case.12, i5 13, void %arrayidx114.case.13, i5 14, void %arrayidx114.case.14, i5 15, void %arrayidx114.case.15, i5 16, void %arrayidx114.case.16, i5 17, void %arrayidx114.case.17, i5 18, void %arrayidx114.case.18" [FFT/FFT.cpp:241]   --->   Operation 517 'switch' 'switch_ln241' <Predicate = (state_load == 1 & a_i_valid_read & b_i_valid_read & icmp_ln1027_1 & !buffer_ok_load)> <Delay = 0.44>
ST_1 : Operation 518 [1/1] (0.42ns)   --->   "%br_ln241 = br void %arrayidx114.exit" [FFT/FFT.cpp:241]   --->   Operation 518 'br' 'br_ln241' <Predicate = (state_load == 1 & a_i_valid_read & b_i_valid_read & icmp_ln1027_1 & !buffer_ok_load & trunc_ln241 == 18)> <Delay = 0.42>
ST_1 : Operation 519 [1/1] (0.42ns)   --->   "%br_ln241 = br void %arrayidx114.exit" [FFT/FFT.cpp:241]   --->   Operation 519 'br' 'br_ln241' <Predicate = (state_load == 1 & a_i_valid_read & b_i_valid_read & icmp_ln1027_1 & !buffer_ok_load & trunc_ln241 == 17)> <Delay = 0.42>
ST_1 : Operation 520 [1/1] (0.42ns)   --->   "%br_ln241 = br void %arrayidx114.exit" [FFT/FFT.cpp:241]   --->   Operation 520 'br' 'br_ln241' <Predicate = (state_load == 1 & a_i_valid_read & b_i_valid_read & icmp_ln1027_1 & !buffer_ok_load & trunc_ln241 == 16)> <Delay = 0.42>
ST_1 : Operation 521 [1/1] (0.42ns)   --->   "%br_ln241 = br void %arrayidx114.exit" [FFT/FFT.cpp:241]   --->   Operation 521 'br' 'br_ln241' <Predicate = (state_load == 1 & a_i_valid_read & b_i_valid_read & icmp_ln1027_1 & !buffer_ok_load & trunc_ln241 == 15)> <Delay = 0.42>
ST_1 : Operation 522 [1/1] (0.42ns)   --->   "%br_ln241 = br void %arrayidx114.exit" [FFT/FFT.cpp:241]   --->   Operation 522 'br' 'br_ln241' <Predicate = (state_load == 1 & a_i_valid_read & b_i_valid_read & icmp_ln1027_1 & !buffer_ok_load & trunc_ln241 == 14)> <Delay = 0.42>
ST_1 : Operation 523 [1/1] (0.42ns)   --->   "%br_ln241 = br void %arrayidx114.exit" [FFT/FFT.cpp:241]   --->   Operation 523 'br' 'br_ln241' <Predicate = (state_load == 1 & a_i_valid_read & b_i_valid_read & icmp_ln1027_1 & !buffer_ok_load & trunc_ln241 == 13)> <Delay = 0.42>
ST_1 : Operation 524 [1/1] (0.42ns)   --->   "%br_ln241 = br void %arrayidx114.exit" [FFT/FFT.cpp:241]   --->   Operation 524 'br' 'br_ln241' <Predicate = (state_load == 1 & a_i_valid_read & b_i_valid_read & icmp_ln1027_1 & !buffer_ok_load & trunc_ln241 == 12)> <Delay = 0.42>
ST_1 : Operation 525 [1/1] (0.42ns)   --->   "%br_ln241 = br void %arrayidx114.exit" [FFT/FFT.cpp:241]   --->   Operation 525 'br' 'br_ln241' <Predicate = (state_load == 1 & a_i_valid_read & b_i_valid_read & icmp_ln1027_1 & !buffer_ok_load & trunc_ln241 == 11)> <Delay = 0.42>
ST_1 : Operation 526 [1/1] (0.42ns)   --->   "%br_ln241 = br void %arrayidx114.exit" [FFT/FFT.cpp:241]   --->   Operation 526 'br' 'br_ln241' <Predicate = (state_load == 1 & a_i_valid_read & b_i_valid_read & icmp_ln1027_1 & !buffer_ok_load & trunc_ln241 == 10)> <Delay = 0.42>
ST_1 : Operation 527 [1/1] (0.42ns)   --->   "%br_ln241 = br void %arrayidx114.exit" [FFT/FFT.cpp:241]   --->   Operation 527 'br' 'br_ln241' <Predicate = (state_load == 1 & a_i_valid_read & b_i_valid_read & icmp_ln1027_1 & !buffer_ok_load & trunc_ln241 == 9)> <Delay = 0.42>
ST_1 : Operation 528 [1/1] (0.42ns)   --->   "%br_ln241 = br void %arrayidx114.exit" [FFT/FFT.cpp:241]   --->   Operation 528 'br' 'br_ln241' <Predicate = (state_load == 1 & a_i_valid_read & b_i_valid_read & icmp_ln1027_1 & !buffer_ok_load & trunc_ln241 == 8)> <Delay = 0.42>
ST_1 : Operation 529 [1/1] (0.42ns)   --->   "%br_ln241 = br void %arrayidx114.exit" [FFT/FFT.cpp:241]   --->   Operation 529 'br' 'br_ln241' <Predicate = (state_load == 1 & a_i_valid_read & b_i_valid_read & icmp_ln1027_1 & !buffer_ok_load & trunc_ln241 == 7)> <Delay = 0.42>
ST_1 : Operation 530 [1/1] (0.42ns)   --->   "%br_ln241 = br void %arrayidx114.exit" [FFT/FFT.cpp:241]   --->   Operation 530 'br' 'br_ln241' <Predicate = (state_load == 1 & a_i_valid_read & b_i_valid_read & icmp_ln1027_1 & !buffer_ok_load & trunc_ln241 == 6)> <Delay = 0.42>
ST_1 : Operation 531 [1/1] (0.42ns)   --->   "%br_ln241 = br void %arrayidx114.exit" [FFT/FFT.cpp:241]   --->   Operation 531 'br' 'br_ln241' <Predicate = (state_load == 1 & a_i_valid_read & b_i_valid_read & icmp_ln1027_1 & !buffer_ok_load & trunc_ln241 == 5)> <Delay = 0.42>
ST_1 : Operation 532 [1/1] (0.42ns)   --->   "%br_ln241 = br void %arrayidx114.exit" [FFT/FFT.cpp:241]   --->   Operation 532 'br' 'br_ln241' <Predicate = (state_load == 1 & a_i_valid_read & b_i_valid_read & icmp_ln1027_1 & !buffer_ok_load & trunc_ln241 == 4)> <Delay = 0.42>
ST_1 : Operation 533 [1/1] (0.42ns)   --->   "%br_ln241 = br void %arrayidx114.exit" [FFT/FFT.cpp:241]   --->   Operation 533 'br' 'br_ln241' <Predicate = (state_load == 1 & a_i_valid_read & b_i_valid_read & icmp_ln1027_1 & !buffer_ok_load & trunc_ln241 == 3)> <Delay = 0.42>
ST_1 : Operation 534 [1/1] (0.42ns)   --->   "%br_ln241 = br void %arrayidx114.exit" [FFT/FFT.cpp:241]   --->   Operation 534 'br' 'br_ln241' <Predicate = (state_load == 1 & a_i_valid_read & b_i_valid_read & icmp_ln1027_1 & !buffer_ok_load & trunc_ln241 == 2)> <Delay = 0.42>
ST_1 : Operation 535 [1/1] (0.42ns)   --->   "%br_ln241 = br void %arrayidx114.exit" [FFT/FFT.cpp:241]   --->   Operation 535 'br' 'br_ln241' <Predicate = (state_load == 1 & a_i_valid_read & b_i_valid_read & icmp_ln1027_1 & !buffer_ok_load & trunc_ln241 == 1)> <Delay = 0.42>
ST_1 : Operation 536 [1/1] (0.42ns)   --->   "%br_ln241 = br void %arrayidx114.exit" [FFT/FFT.cpp:241]   --->   Operation 536 'br' 'br_ln241' <Predicate = (state_load == 1 & a_i_valid_read & b_i_valid_read & icmp_ln1027_1 & !buffer_ok_load & trunc_ln241 != 0 & trunc_ln241 != 1 & trunc_ln241 != 2 & trunc_ln241 != 3 & trunc_ln241 != 4 & trunc_ln241 != 5 & trunc_ln241 != 6 & trunc_ln241 != 7 & trunc_ln241 != 8 & trunc_ln241 != 9 & trunc_ln241 != 10 & trunc_ln241 != 11 & trunc_ln241 != 12 & trunc_ln241 != 13 & trunc_ln241 != 14 & trunc_ln241 != 15 & trunc_ln241 != 16 & trunc_ln241 != 17 & trunc_ln241 != 18)> <Delay = 0.42>
ST_1 : Operation 537 [1/1] (0.00ns)   --->   "%cont_hs_is_t_hs_is_t_hs_is_t_hs_is_t_bool_bool_bool_bool_ap_uint_ap_uint_ap_50 = phi i1 0, void %arrayidx114.case.19, i1 0, void %arrayidx114.case.18, i1 0, void %arrayidx114.case.17, i1 0, void %arrayidx114.case.16, i1 0, void %arrayidx114.case.15, i1 0, void %arrayidx114.case.14, i1 0, void %arrayidx114.case.13, i1 0, void %arrayidx114.case.12, i1 0, void %arrayidx114.case.11, i1 0, void %arrayidx114.case.10, i1 0, void %arrayidx114.case.9, i1 0, void %arrayidx114.case.8, i1 0, void %arrayidx114.case.7, i1 0, void %arrayidx114.case.6, i1 0, void %arrayidx114.case.5, i1 0, void %arrayidx114.case.4, i1 0, void %arrayidx114.case.3, i1 0, void %arrayidx114.case.2, i1 0, void %arrayidx114.case.1, i1 1, void %arrayidx111.exit"   --->   Operation 537 'phi' 'cont_hs_is_t_hs_is_t_hs_is_t_hs_is_t_bool_bool_bool_bool_ap_uint_ap_uint_ap_50' <Predicate = (state_load == 1 & a_i_valid_read & b_i_valid_read & icmp_ln1027_1 & !buffer_ok_load)> <Delay = 0.00>
ST_1 : Operation 538 [1/1] (0.00ns)   --->   "%cont_hs_is_t_hs_is_t_hs_is_t_hs_is_t_bool_bool_bool_bool_ap_uint_ap_uint_ap_51 = phi i1 0, void %arrayidx114.case.19, i1 0, void %arrayidx114.case.18, i1 0, void %arrayidx114.case.17, i1 0, void %arrayidx114.case.16, i1 0, void %arrayidx114.case.15, i1 0, void %arrayidx114.case.14, i1 0, void %arrayidx114.case.13, i1 0, void %arrayidx114.case.12, i1 0, void %arrayidx114.case.11, i1 0, void %arrayidx114.case.10, i1 0, void %arrayidx114.case.9, i1 0, void %arrayidx114.case.8, i1 0, void %arrayidx114.case.7, i1 0, void %arrayidx114.case.6, i1 0, void %arrayidx114.case.5, i1 0, void %arrayidx114.case.4, i1 0, void %arrayidx114.case.3, i1 0, void %arrayidx114.case.2, i1 1, void %arrayidx114.case.1, i1 0, void %arrayidx111.exit"   --->   Operation 538 'phi' 'cont_hs_is_t_hs_is_t_hs_is_t_hs_is_t_bool_bool_bool_bool_ap_uint_ap_uint_ap_51' <Predicate = (state_load == 1 & a_i_valid_read & b_i_valid_read & icmp_ln1027_1 & !buffer_ok_load)> <Delay = 0.00>
ST_1 : Operation 539 [1/1] (0.00ns)   --->   "%cont_hs_is_t_hs_is_t_hs_is_t_hs_is_t_bool_bool_bool_bool_ap_uint_ap_uint_ap_52 = phi i1 0, void %arrayidx114.case.19, i1 0, void %arrayidx114.case.18, i1 0, void %arrayidx114.case.17, i1 0, void %arrayidx114.case.16, i1 0, void %arrayidx114.case.15, i1 0, void %arrayidx114.case.14, i1 0, void %arrayidx114.case.13, i1 0, void %arrayidx114.case.12, i1 0, void %arrayidx114.case.11, i1 0, void %arrayidx114.case.10, i1 0, void %arrayidx114.case.9, i1 0, void %arrayidx114.case.8, i1 0, void %arrayidx114.case.7, i1 0, void %arrayidx114.case.6, i1 0, void %arrayidx114.case.5, i1 0, void %arrayidx114.case.4, i1 0, void %arrayidx114.case.3, i1 1, void %arrayidx114.case.2, i1 0, void %arrayidx114.case.1, i1 0, void %arrayidx111.exit"   --->   Operation 539 'phi' 'cont_hs_is_t_hs_is_t_hs_is_t_hs_is_t_bool_bool_bool_bool_ap_uint_ap_uint_ap_52' <Predicate = (state_load == 1 & a_i_valid_read & b_i_valid_read & icmp_ln1027_1 & !buffer_ok_load)> <Delay = 0.00>
ST_1 : Operation 540 [1/1] (0.00ns)   --->   "%cont_hs_is_t_hs_is_t_hs_is_t_hs_is_t_bool_bool_bool_bool_ap_uint_ap_uint_ap_53 = phi i1 0, void %arrayidx114.case.19, i1 0, void %arrayidx114.case.18, i1 0, void %arrayidx114.case.17, i1 0, void %arrayidx114.case.16, i1 0, void %arrayidx114.case.15, i1 0, void %arrayidx114.case.14, i1 0, void %arrayidx114.case.13, i1 0, void %arrayidx114.case.12, i1 0, void %arrayidx114.case.11, i1 0, void %arrayidx114.case.10, i1 0, void %arrayidx114.case.9, i1 0, void %arrayidx114.case.8, i1 0, void %arrayidx114.case.7, i1 0, void %arrayidx114.case.6, i1 0, void %arrayidx114.case.5, i1 0, void %arrayidx114.case.4, i1 1, void %arrayidx114.case.3, i1 0, void %arrayidx114.case.2, i1 0, void %arrayidx114.case.1, i1 0, void %arrayidx111.exit"   --->   Operation 540 'phi' 'cont_hs_is_t_hs_is_t_hs_is_t_hs_is_t_bool_bool_bool_bool_ap_uint_ap_uint_ap_53' <Predicate = (state_load == 1 & a_i_valid_read & b_i_valid_read & icmp_ln1027_1 & !buffer_ok_load)> <Delay = 0.00>
ST_1 : Operation 541 [1/1] (0.00ns)   --->   "%cont_hs_is_t_hs_is_t_hs_is_t_hs_is_t_bool_bool_bool_bool_ap_uint_ap_uint_ap_54 = phi i1 0, void %arrayidx114.case.19, i1 0, void %arrayidx114.case.18, i1 0, void %arrayidx114.case.17, i1 0, void %arrayidx114.case.16, i1 0, void %arrayidx114.case.15, i1 0, void %arrayidx114.case.14, i1 0, void %arrayidx114.case.13, i1 0, void %arrayidx114.case.12, i1 0, void %arrayidx114.case.11, i1 0, void %arrayidx114.case.10, i1 0, void %arrayidx114.case.9, i1 0, void %arrayidx114.case.8, i1 0, void %arrayidx114.case.7, i1 0, void %arrayidx114.case.6, i1 0, void %arrayidx114.case.5, i1 1, void %arrayidx114.case.4, i1 0, void %arrayidx114.case.3, i1 0, void %arrayidx114.case.2, i1 0, void %arrayidx114.case.1, i1 0, void %arrayidx111.exit"   --->   Operation 541 'phi' 'cont_hs_is_t_hs_is_t_hs_is_t_hs_is_t_bool_bool_bool_bool_ap_uint_ap_uint_ap_54' <Predicate = (state_load == 1 & a_i_valid_read & b_i_valid_read & icmp_ln1027_1 & !buffer_ok_load)> <Delay = 0.00>
ST_1 : Operation 542 [1/1] (0.00ns)   --->   "%cont_hs_is_t_hs_is_t_hs_is_t_hs_is_t_bool_bool_bool_bool_ap_uint_ap_uint_ap_55 = phi i1 0, void %arrayidx114.case.19, i1 0, void %arrayidx114.case.18, i1 0, void %arrayidx114.case.17, i1 0, void %arrayidx114.case.16, i1 0, void %arrayidx114.case.15, i1 0, void %arrayidx114.case.14, i1 0, void %arrayidx114.case.13, i1 0, void %arrayidx114.case.12, i1 0, void %arrayidx114.case.11, i1 0, void %arrayidx114.case.10, i1 0, void %arrayidx114.case.9, i1 0, void %arrayidx114.case.8, i1 0, void %arrayidx114.case.7, i1 0, void %arrayidx114.case.6, i1 1, void %arrayidx114.case.5, i1 0, void %arrayidx114.case.4, i1 0, void %arrayidx114.case.3, i1 0, void %arrayidx114.case.2, i1 0, void %arrayidx114.case.1, i1 0, void %arrayidx111.exit"   --->   Operation 542 'phi' 'cont_hs_is_t_hs_is_t_hs_is_t_hs_is_t_bool_bool_bool_bool_ap_uint_ap_uint_ap_55' <Predicate = (state_load == 1 & a_i_valid_read & b_i_valid_read & icmp_ln1027_1 & !buffer_ok_load)> <Delay = 0.00>
ST_1 : Operation 543 [1/1] (0.00ns)   --->   "%cont_hs_is_t_hs_is_t_hs_is_t_hs_is_t_bool_bool_bool_bool_ap_uint_ap_uint_ap_56 = phi i1 0, void %arrayidx114.case.19, i1 0, void %arrayidx114.case.18, i1 0, void %arrayidx114.case.17, i1 0, void %arrayidx114.case.16, i1 0, void %arrayidx114.case.15, i1 0, void %arrayidx114.case.14, i1 0, void %arrayidx114.case.13, i1 0, void %arrayidx114.case.12, i1 0, void %arrayidx114.case.11, i1 0, void %arrayidx114.case.10, i1 0, void %arrayidx114.case.9, i1 0, void %arrayidx114.case.8, i1 0, void %arrayidx114.case.7, i1 1, void %arrayidx114.case.6, i1 0, void %arrayidx114.case.5, i1 0, void %arrayidx114.case.4, i1 0, void %arrayidx114.case.3, i1 0, void %arrayidx114.case.2, i1 0, void %arrayidx114.case.1, i1 0, void %arrayidx111.exit"   --->   Operation 543 'phi' 'cont_hs_is_t_hs_is_t_hs_is_t_hs_is_t_bool_bool_bool_bool_ap_uint_ap_uint_ap_56' <Predicate = (state_load == 1 & a_i_valid_read & b_i_valid_read & icmp_ln1027_1 & !buffer_ok_load)> <Delay = 0.00>
ST_1 : Operation 544 [1/1] (0.00ns)   --->   "%cont_hs_is_t_hs_is_t_hs_is_t_hs_is_t_bool_bool_bool_bool_ap_uint_ap_uint_ap_57 = phi i1 0, void %arrayidx114.case.19, i1 0, void %arrayidx114.case.18, i1 0, void %arrayidx114.case.17, i1 0, void %arrayidx114.case.16, i1 0, void %arrayidx114.case.15, i1 0, void %arrayidx114.case.14, i1 0, void %arrayidx114.case.13, i1 0, void %arrayidx114.case.12, i1 0, void %arrayidx114.case.11, i1 0, void %arrayidx114.case.10, i1 0, void %arrayidx114.case.9, i1 0, void %arrayidx114.case.8, i1 1, void %arrayidx114.case.7, i1 0, void %arrayidx114.case.6, i1 0, void %arrayidx114.case.5, i1 0, void %arrayidx114.case.4, i1 0, void %arrayidx114.case.3, i1 0, void %arrayidx114.case.2, i1 0, void %arrayidx114.case.1, i1 0, void %arrayidx111.exit"   --->   Operation 544 'phi' 'cont_hs_is_t_hs_is_t_hs_is_t_hs_is_t_bool_bool_bool_bool_ap_uint_ap_uint_ap_57' <Predicate = (state_load == 1 & a_i_valid_read & b_i_valid_read & icmp_ln1027_1 & !buffer_ok_load)> <Delay = 0.00>
ST_1 : Operation 545 [1/1] (0.00ns)   --->   "%cont_hs_is_t_hs_is_t_hs_is_t_hs_is_t_bool_bool_bool_bool_ap_uint_ap_uint_ap_58 = phi i1 0, void %arrayidx114.case.19, i1 0, void %arrayidx114.case.18, i1 0, void %arrayidx114.case.17, i1 0, void %arrayidx114.case.16, i1 0, void %arrayidx114.case.15, i1 0, void %arrayidx114.case.14, i1 0, void %arrayidx114.case.13, i1 0, void %arrayidx114.case.12, i1 0, void %arrayidx114.case.11, i1 0, void %arrayidx114.case.10, i1 0, void %arrayidx114.case.9, i1 1, void %arrayidx114.case.8, i1 0, void %arrayidx114.case.7, i1 0, void %arrayidx114.case.6, i1 0, void %arrayidx114.case.5, i1 0, void %arrayidx114.case.4, i1 0, void %arrayidx114.case.3, i1 0, void %arrayidx114.case.2, i1 0, void %arrayidx114.case.1, i1 0, void %arrayidx111.exit"   --->   Operation 545 'phi' 'cont_hs_is_t_hs_is_t_hs_is_t_hs_is_t_bool_bool_bool_bool_ap_uint_ap_uint_ap_58' <Predicate = (state_load == 1 & a_i_valid_read & b_i_valid_read & icmp_ln1027_1 & !buffer_ok_load)> <Delay = 0.00>
ST_1 : Operation 546 [1/1] (0.00ns)   --->   "%cont_hs_is_t_hs_is_t_hs_is_t_hs_is_t_bool_bool_bool_bool_ap_uint_ap_uint_ap_59 = phi i1 0, void %arrayidx114.case.19, i1 0, void %arrayidx114.case.18, i1 0, void %arrayidx114.case.17, i1 0, void %arrayidx114.case.16, i1 0, void %arrayidx114.case.15, i1 0, void %arrayidx114.case.14, i1 0, void %arrayidx114.case.13, i1 0, void %arrayidx114.case.12, i1 0, void %arrayidx114.case.11, i1 0, void %arrayidx114.case.10, i1 1, void %arrayidx114.case.9, i1 0, void %arrayidx114.case.8, i1 0, void %arrayidx114.case.7, i1 0, void %arrayidx114.case.6, i1 0, void %arrayidx114.case.5, i1 0, void %arrayidx114.case.4, i1 0, void %arrayidx114.case.3, i1 0, void %arrayidx114.case.2, i1 0, void %arrayidx114.case.1, i1 0, void %arrayidx111.exit"   --->   Operation 546 'phi' 'cont_hs_is_t_hs_is_t_hs_is_t_hs_is_t_bool_bool_bool_bool_ap_uint_ap_uint_ap_59' <Predicate = (state_load == 1 & a_i_valid_read & b_i_valid_read & icmp_ln1027_1 & !buffer_ok_load)> <Delay = 0.00>
ST_1 : Operation 547 [1/1] (0.00ns)   --->   "%p_ZZ4contP7hs_is_tS0_S0_S0_bbbb7ap_uintILi5EES1_ILi11EEPS3_PbE8buffer_b_10_flag_0 = phi i1 0, void %arrayidx114.case.19, i1 0, void %arrayidx114.case.18, i1 0, void %arrayidx114.case.17, i1 0, void %arrayidx114.case.16, i1 0, void %arrayidx114.case.15, i1 0, void %arrayidx114.case.14, i1 0, void %arrayidx114.case.13, i1 0, void %arrayidx114.case.12, i1 0, void %arrayidx114.case.11, i1 1, void %arrayidx114.case.10, i1 0, void %arrayidx114.case.9, i1 0, void %arrayidx114.case.8, i1 0, void %arrayidx114.case.7, i1 0, void %arrayidx114.case.6, i1 0, void %arrayidx114.case.5, i1 0, void %arrayidx114.case.4, i1 0, void %arrayidx114.case.3, i1 0, void %arrayidx114.case.2, i1 0, void %arrayidx114.case.1, i1 0, void %arrayidx111.exit"   --->   Operation 547 'phi' 'p_ZZ4contP7hs_is_tS0_S0_S0_bbbb7ap_uintILi5EES1_ILi11EEPS3_PbE8buffer_b_10_flag_0' <Predicate = (state_load == 1 & a_i_valid_read & b_i_valid_read & icmp_ln1027_1 & !buffer_ok_load)> <Delay = 0.00>
ST_1 : Operation 548 [1/1] (0.00ns)   --->   "%cont_mulmulmulmulmulmulhs_is_t_hs_is_t_hs_is_t_hs_is_t_bool_bool_bool_bool_ap_uint_5_ap_uint_11_ap_uint_11_bool_buffer_b_float_long_signed_char_float128_0 = phi i1 0, void %arrayidx114.case.19, i1 0, void %arrayidx114.case.18, i1 0, void %arrayidx114.case.17, i1 0, void %arrayidx114.case.16, i1 0, void %arrayidx114.case.15, i1 0, void %arrayidx114.case.14, i1 0, void %arrayidx114.case.13, i1 0, void %arrayidx114.case.12, i1 1, void %arrayidx114.case.11, i1 0, void %arrayidx114.case.10, i1 0, void %arrayidx114.case.9, i1 0, void %arrayidx114.case.8, i1 0, void %arrayidx114.case.7, i1 0, void %arrayidx114.case.6, i1 0, void %arrayidx114.case.5, i1 0, void %arrayidx114.case.4, i1 0, void %arrayidx114.case.3, i1 0, void %arrayidx114.case.2, i1 0, void %arrayidx114.case.1, i1 0, void %arrayidx111.exit"   --->   Operation 548 'phi' 'cont_mulmulmulmulmulmulhs_is_t_hs_is_t_hs_is_t_hs_is_t_bool_bool_bool_bool_ap_uint_5_ap_uint_11_ap_uint_11_bool_buffer_b_float_long_signed_char_float128_0' <Predicate = (state_load == 1 & a_i_valid_read & b_i_valid_read & icmp_ln1027_1 & !buffer_ok_load)> <Delay = 0.00>
ST_1 : Operation 549 [1/1] (0.00ns)   --->   "%cont_mulmulmulmulmulmulhs_is_t_hs_is_t_hs_is_t_hs_is_t_bool_bool_bool_bool_ap_uint_5_ap_uint_11_ap_uint_11_bool_buffer_b_f_long_signed_char_float128_0 = phi i1 0, void %arrayidx114.case.19, i1 0, void %arrayidx114.case.18, i1 0, void %arrayidx114.case.17, i1 0, void %arrayidx114.case.16, i1 0, void %arrayidx114.case.15, i1 0, void %arrayidx114.case.14, i1 0, void %arrayidx114.case.13, i1 1, void %arrayidx114.case.12, i1 0, void %arrayidx114.case.11, i1 0, void %arrayidx114.case.10, i1 0, void %arrayidx114.case.9, i1 0, void %arrayidx114.case.8, i1 0, void %arrayidx114.case.7, i1 0, void %arrayidx114.case.6, i1 0, void %arrayidx114.case.5, i1 0, void %arrayidx114.case.4, i1 0, void %arrayidx114.case.3, i1 0, void %arrayidx114.case.2, i1 0, void %arrayidx114.case.1, i1 0, void %arrayidx111.exit"   --->   Operation 549 'phi' 'cont_mulmulmulmulmulmulhs_is_t_hs_is_t_hs_is_t_hs_is_t_bool_bool_bool_bool_ap_uint_5_ap_uint_11_ap_uint_11_bool_buffer_b_f_long_signed_char_float128_0' <Predicate = (state_load == 1 & a_i_valid_read & b_i_valid_read & icmp_ln1027_1 & !buffer_ok_load)> <Delay = 0.00>
ST_1 : Operation 550 [1/1] (0.00ns)   --->   "%cont_mulmulmulmulmulmulhs_is_t_hs_is_t_hs_is_t_hs_is_t_bool_bool_bool_bool_ap_uint_5_ap_uint_11_ap_uint_11_bool_buffer_b_fl_signed_char_float128_0 = phi i1 0, void %arrayidx114.case.19, i1 0, void %arrayidx114.case.18, i1 0, void %arrayidx114.case.17, i1 0, void %arrayidx114.case.16, i1 0, void %arrayidx114.case.15, i1 0, void %arrayidx114.case.14, i1 1, void %arrayidx114.case.13, i1 0, void %arrayidx114.case.12, i1 0, void %arrayidx114.case.11, i1 0, void %arrayidx114.case.10, i1 0, void %arrayidx114.case.9, i1 0, void %arrayidx114.case.8, i1 0, void %arrayidx114.case.7, i1 0, void %arrayidx114.case.6, i1 0, void %arrayidx114.case.5, i1 0, void %arrayidx114.case.4, i1 0, void %arrayidx114.case.3, i1 0, void %arrayidx114.case.2, i1 0, void %arrayidx114.case.1, i1 0, void %arrayidx111.exit"   --->   Operation 550 'phi' 'cont_mulmulmulmulmulmulhs_is_t_hs_is_t_hs_is_t_hs_is_t_bool_bool_bool_bool_ap_uint_5_ap_uint_11_ap_uint_11_bool_buffer_b_fl_signed_char_float128_0' <Predicate = (state_load == 1 & a_i_valid_read & b_i_valid_read & icmp_ln1027_1 & !buffer_ok_load)> <Delay = 0.00>
ST_1 : Operation 551 [1/1] (0.00ns)   --->   "%cont_mulmulmulmulmulmulhs_is_t_hs_is_t_hs_is_t_hs_is_t_bool_bool_bool_bool_ap_uint_5_ap_uint_11_ap_uint_11_bool_buffer_b_fla_float128_0 = phi i1 0, void %arrayidx114.case.19, i1 0, void %arrayidx114.case.18, i1 0, void %arrayidx114.case.17, i1 0, void %arrayidx114.case.16, i1 0, void %arrayidx114.case.15, i1 1, void %arrayidx114.case.14, i1 0, void %arrayidx114.case.13, i1 0, void %arrayidx114.case.12, i1 0, void %arrayidx114.case.11, i1 0, void %arrayidx114.case.10, i1 0, void %arrayidx114.case.9, i1 0, void %arrayidx114.case.8, i1 0, void %arrayidx114.case.7, i1 0, void %arrayidx114.case.6, i1 0, void %arrayidx114.case.5, i1 0, void %arrayidx114.case.4, i1 0, void %arrayidx114.case.3, i1 0, void %arrayidx114.case.2, i1 0, void %arrayidx114.case.1, i1 0, void %arrayidx111.exit"   --->   Operation 551 'phi' 'cont_mulmulmulmulmulmulhs_is_t_hs_is_t_hs_is_t_hs_is_t_bool_bool_bool_bool_ap_uint_5_ap_uint_11_ap_uint_11_bool_buffer_b_fla_float128_0' <Predicate = (state_load == 1 & a_i_valid_read & b_i_valid_read & icmp_ln1027_1 & !buffer_ok_load)> <Delay = 0.00>
ST_1 : Operation 552 [1/1] (0.00ns)   --->   "%cont_mulmulmulmulmulmulhs_is_t_hs_is_t_hs_is_t_hs_is_t_bool_bool_bool_bool_ap_uint_5_ap_uint_11_ap_uint_11_bool_buffer_b_flag_0 = phi i1 0, void %arrayidx114.case.19, i1 0, void %arrayidx114.case.18, i1 0, void %arrayidx114.case.17, i1 0, void %arrayidx114.case.16, i1 1, void %arrayidx114.case.15, i1 0, void %arrayidx114.case.14, i1 0, void %arrayidx114.case.13, i1 0, void %arrayidx114.case.12, i1 0, void %arrayidx114.case.11, i1 0, void %arrayidx114.case.10, i1 0, void %arrayidx114.case.9, i1 0, void %arrayidx114.case.8, i1 0, void %arrayidx114.case.7, i1 0, void %arrayidx114.case.6, i1 0, void %arrayidx114.case.5, i1 0, void %arrayidx114.case.4, i1 0, void %arrayidx114.case.3, i1 0, void %arrayidx114.case.2, i1 0, void %arrayidx114.case.1, i1 0, void %arrayidx111.exit"   --->   Operation 552 'phi' 'cont_mulmulmulmulmulmulhs_is_t_hs_is_t_hs_is_t_hs_is_t_bool_bool_bool_bool_ap_uint_5_ap_uint_11_ap_uint_11_bool_buffer_b_flag_0' <Predicate = (state_load == 1 & a_i_valid_read & b_i_valid_read & icmp_ln1027_1 & !buffer_ok_load)> <Delay = 0.00>
ST_1 : Operation 553 [1/1] (0.00ns)   --->   "%p_ZZ4contP7hs_is_tS0_S0_S0_bbbb7ap_uintILi5EES1_ILi11EEPS3_PbE8buffer_b_16_flag_0 = phi i1 0, void %arrayidx114.case.19, i1 0, void %arrayidx114.case.18, i1 0, void %arrayidx114.case.17, i1 1, void %arrayidx114.case.16, i1 0, void %arrayidx114.case.15, i1 0, void %arrayidx114.case.14, i1 0, void %arrayidx114.case.13, i1 0, void %arrayidx114.case.12, i1 0, void %arrayidx114.case.11, i1 0, void %arrayidx114.case.10, i1 0, void %arrayidx114.case.9, i1 0, void %arrayidx114.case.8, i1 0, void %arrayidx114.case.7, i1 0, void %arrayidx114.case.6, i1 0, void %arrayidx114.case.5, i1 0, void %arrayidx114.case.4, i1 0, void %arrayidx114.case.3, i1 0, void %arrayidx114.case.2, i1 0, void %arrayidx114.case.1, i1 0, void %arrayidx111.exit"   --->   Operation 553 'phi' 'p_ZZ4contP7hs_is_tS0_S0_S0_bbbb7ap_uintILi5EES1_ILi11EEPS3_PbE8buffer_b_16_flag_0' <Predicate = (state_load == 1 & a_i_valid_read & b_i_valid_read & icmp_ln1027_1 & !buffer_ok_load)> <Delay = 0.00>
ST_1 : Operation 554 [1/1] (0.00ns)   --->   "%cont_hs_is_t_hs_is_t_hs_is_t_hs_is_t_bool_bool_bool_bool_ap_uint_5_ap_uint_11_ap_uint_11_bool_buffer_b_23 = phi i1 0, void %arrayidx114.case.19, i1 0, void %arrayidx114.case.18, i1 1, void %arrayidx114.case.17, i1 0, void %arrayidx114.case.16, i1 0, void %arrayidx114.case.15, i1 0, void %arrayidx114.case.14, i1 0, void %arrayidx114.case.13, i1 0, void %arrayidx114.case.12, i1 0, void %arrayidx114.case.11, i1 0, void %arrayidx114.case.10, i1 0, void %arrayidx114.case.9, i1 0, void %arrayidx114.case.8, i1 0, void %arrayidx114.case.7, i1 0, void %arrayidx114.case.6, i1 0, void %arrayidx114.case.5, i1 0, void %arrayidx114.case.4, i1 0, void %arrayidx114.case.3, i1 0, void %arrayidx114.case.2, i1 0, void %arrayidx114.case.1, i1 0, void %arrayidx111.exit"   --->   Operation 554 'phi' 'cont_hs_is_t_hs_is_t_hs_is_t_hs_is_t_bool_bool_bool_bool_ap_uint_5_ap_uint_11_ap_uint_11_bool_buffer_b_23' <Predicate = (state_load == 1 & a_i_valid_read & b_i_valid_read & icmp_ln1027_1 & !buffer_ok_load)> <Delay = 0.00>
ST_1 : Operation 555 [1/1] (0.00ns)   --->   "%p_ZZ4contP7hs_is_tS0_S0_S0_bbbb7ap_uintILi5EES1_ILi11EEPS3_PbE8buffer_b_18_flag_0 = phi i1 0, void %arrayidx114.case.19, i1 1, void %arrayidx114.case.18, i1 0, void %arrayidx114.case.17, i1 0, void %arrayidx114.case.16, i1 0, void %arrayidx114.case.15, i1 0, void %arrayidx114.case.14, i1 0, void %arrayidx114.case.13, i1 0, void %arrayidx114.case.12, i1 0, void %arrayidx114.case.11, i1 0, void %arrayidx114.case.10, i1 0, void %arrayidx114.case.9, i1 0, void %arrayidx114.case.8, i1 0, void %arrayidx114.case.7, i1 0, void %arrayidx114.case.6, i1 0, void %arrayidx114.case.5, i1 0, void %arrayidx114.case.4, i1 0, void %arrayidx114.case.3, i1 0, void %arrayidx114.case.2, i1 0, void %arrayidx114.case.1, i1 0, void %arrayidx111.exit"   --->   Operation 555 'phi' 'p_ZZ4contP7hs_is_tS0_S0_S0_bbbb7ap_uintILi5EES1_ILi11EEPS3_PbE8buffer_b_18_flag_0' <Predicate = (state_load == 1 & a_i_valid_read & b_i_valid_read & icmp_ln1027_1 & !buffer_ok_load)> <Delay = 0.00>
ST_1 : Operation 556 [1/1] (0.00ns)   --->   "%p_ZZ4contP7hs_is_tS0_S0_S0_bbbb7ap_uintILi5EES1_ILi11EEPS3_PbE8buffer_b_19_flag_0 = phi i1 1, void %arrayidx114.case.19, i1 0, void %arrayidx114.case.18, i1 0, void %arrayidx114.case.17, i1 0, void %arrayidx114.case.16, i1 0, void %arrayidx114.case.15, i1 0, void %arrayidx114.case.14, i1 0, void %arrayidx114.case.13, i1 0, void %arrayidx114.case.12, i1 0, void %arrayidx114.case.11, i1 0, void %arrayidx114.case.10, i1 0, void %arrayidx114.case.9, i1 0, void %arrayidx114.case.8, i1 0, void %arrayidx114.case.7, i1 0, void %arrayidx114.case.6, i1 0, void %arrayidx114.case.5, i1 0, void %arrayidx114.case.4, i1 0, void %arrayidx114.case.3, i1 0, void %arrayidx114.case.2, i1 0, void %arrayidx114.case.1, i1 0, void %arrayidx111.exit"   --->   Operation 556 'phi' 'p_ZZ4contP7hs_is_tS0_S0_S0_bbbb7ap_uintILi5EES1_ILi11EEPS3_PbE8buffer_b_19_flag_0' <Predicate = (state_load == 1 & a_i_valid_read & b_i_valid_read & icmp_ln1027_1 & !buffer_ok_load)> <Delay = 0.00>
ST_1 : Operation 557 [1/1] (0.78ns)   --->   "%add_ln840_2 = add i5 %b_count_V_load, i5 1"   --->   Operation 557 'add' 'add_ln840_2' <Predicate = (state_load == 1 & a_i_valid_read & b_i_valid_read & icmp_ln1027_1 & !buffer_ok_load)> <Delay = 0.78> <CoreInst = "Adder">   --->   Core 1 'Adder' <Latency = 0> <II = 1> <Delay = 0.78> <FuncUnit> <Opcode : 'add' 'sub'> <InPorts = 2> <OutPorts = 1>
ST_1 : Operation 558 [1/1] (0.42ns)   --->   "%store_ln840 = store i5 %add_ln840_2, i5 %b_count_V"   --->   Operation 558 'store' 'store_ln840' <Predicate = (state_load == 1 & a_i_valid_read & b_i_valid_read & icmp_ln1027_1 & !buffer_ok_load)> <Delay = 0.42>
ST_1 : Operation 559 [1/1] (0.42ns)   --->   "%br_ln244 = br void %if.end118" [FFT/FFT.cpp:244]   --->   Operation 559 'br' 'br_ln244' <Predicate = (state_load == 1 & a_i_valid_read & b_i_valid_read & icmp_ln1027_1 & !buffer_ok_load)> <Delay = 0.42>
ST_1 : Operation 560 [1/1] (0.00ns)   --->   "%buffer_ok_flag_2 = phi i1 0, void %land.lhs.true99, i1 0, void %sw.bb90, i1 0, void %land.end, i1 0, void %if.then104, i1 1, void %arrayidx114.exit"   --->   Operation 560 'phi' 'buffer_ok_flag_2' <Predicate = (state_load == 1)> <Delay = 0.00>
ST_1 : Operation 561 [1/1] (0.00ns)   --->   "%b_count_V_loc_2 = phi i5 %b_count_V_load, void %land.lhs.true99, i5 %b_count_V_load, void %sw.bb90, i5 %b_count_V_load, void %land.end, i5 %b_count_V_load, void %if.then104, i5 %add_ln840_2, void %arrayidx114.exit"   --->   Operation 561 'phi' 'b_count_V_loc_2' <Predicate = (state_load == 1)> <Delay = 0.00>
ST_1 : Operation 562 [1/1] (0.00ns)   --->   "%cont_hs_is_t_hs_is_t_hs_is_t_hs_is_t_bool_bool_bool_bool_ap_uint_ap_uint_ap_60 = phi i1 0, void %land.lhs.true99, i1 0, void %sw.bb90, i1 0, void %land.end, i1 0, void %if.then104, i1 %cont_hs_is_t_hs_is_t_hs_is_t_hs_is_t_bool_bool_bool_bool_ap_uint_ap_uint_ap_40, void %arrayidx114.exit"   --->   Operation 562 'phi' 'cont_hs_is_t_hs_is_t_hs_is_t_hs_is_t_bool_bool_bool_bool_ap_uint_ap_uint_ap_60' <Predicate = (state_load == 1)> <Delay = 0.00>
ST_1 : Operation 563 [1/1] (0.00ns)   --->   "%cont_hs_is_t_hs_is_t_hs_is_t_hs_is_t_bool_bool_bool_bool_ap_uint_ap_uint_ap_61 = phi i32 0, void %land.lhs.true99, i32 0, void %sw.bb90, i32 0, void %land.end, i32 0, void %if.then104, i32 %a_i_data_read, void %arrayidx114.exit" [FFT/FFT.cpp:238]   --->   Operation 563 'phi' 'cont_hs_is_t_hs_is_t_hs_is_t_hs_is_t_bool_bool_bool_bool_ap_uint_ap_uint_ap_61' <Predicate = (state_load == 1)> <Delay = 0.00>
ST_1 : Operation 564 [1/1] (0.00ns)   --->   "%cont_hs_is_t_hs_is_t_hs_is_t_hs_is_t_bool_bool_bool_bool_ap_uint_ap_uint_ap_62 = phi i1 0, void %land.lhs.true99, i1 0, void %sw.bb90, i1 0, void %land.end, i1 0, void %if.then104, i1 %cont_hs_is_t_hs_is_t_hs_is_t_hs_is_t_bool_bool_bool_bool_ap_uint_ap_uint_ap_41, void %arrayidx114.exit"   --->   Operation 564 'phi' 'cont_hs_is_t_hs_is_t_hs_is_t_hs_is_t_bool_bool_bool_bool_ap_uint_ap_uint_ap_62' <Predicate = (state_load == 1)> <Delay = 0.00>
ST_1 : Operation 565 [1/1] (0.00ns)   --->   "%cont_hs_is_t_hs_is_t_hs_is_t_hs_is_t_bool_bool_bool_bool_ap_uint_ap_uint_ap_63 = phi i1 0, void %land.lhs.true99, i1 0, void %sw.bb90, i1 0, void %land.end, i1 0, void %if.then104, i1 %cont_hs_is_t_hs_is_t_hs_is_t_hs_is_t_bool_bool_bool_bool_ap_uint_ap_uint_ap_42, void %arrayidx114.exit"   --->   Operation 565 'phi' 'cont_hs_is_t_hs_is_t_hs_is_t_hs_is_t_bool_bool_bool_bool_ap_uint_ap_uint_ap_63' <Predicate = (state_load == 1)> <Delay = 0.00>
ST_1 : Operation 566 [1/1] (0.00ns)   --->   "%cont_hs_is_t_hs_is_t_hs_is_t_hs_is_t_bool_bool_bool_bool_ap_uint_ap_uint_ap_64 = phi i1 0, void %land.lhs.true99, i1 0, void %sw.bb90, i1 0, void %land.end, i1 0, void %if.then104, i1 %cont_hs_is_t_hs_is_t_hs_is_t_hs_is_t_bool_bool_bool_bool_ap_uint_ap_uint_ap_43, void %arrayidx114.exit"   --->   Operation 566 'phi' 'cont_hs_is_t_hs_is_t_hs_is_t_hs_is_t_bool_bool_bool_bool_ap_uint_ap_uint_ap_64' <Predicate = (state_load == 1)> <Delay = 0.00>
ST_1 : Operation 567 [1/1] (0.00ns)   --->   "%cont_hs_is_t_hs_is_t_hs_is_t_hs_is_t_bool_bool_bool_bool_ap_uint_ap_uint_ap_65 = phi i1 0, void %land.lhs.true99, i1 0, void %sw.bb90, i1 0, void %land.end, i1 0, void %if.then104, i1 %cont_hs_is_t_hs_is_t_hs_is_t_hs_is_t_bool_bool_bool_bool_ap_uint_ap_uint_ap_44, void %arrayidx114.exit"   --->   Operation 567 'phi' 'cont_hs_is_t_hs_is_t_hs_is_t_hs_is_t_bool_bool_bool_bool_ap_uint_ap_uint_ap_65' <Predicate = (state_load == 1)> <Delay = 0.00>
ST_1 : Operation 568 [1/1] (0.00ns)   --->   "%cont_hs_is_t_hs_is_t_hs_is_t_hs_is_t_bool_bool_bool_bool_ap_uint_ap_uint_ap_66 = phi i1 0, void %land.lhs.true99, i1 0, void %sw.bb90, i1 0, void %land.end, i1 0, void %if.then104, i1 %cont_hs_is_t_hs_is_t_hs_is_t_hs_is_t_bool_bool_bool_bool_ap_uint_ap_uint_ap_45, void %arrayidx114.exit"   --->   Operation 568 'phi' 'cont_hs_is_t_hs_is_t_hs_is_t_hs_is_t_bool_bool_bool_bool_ap_uint_ap_uint_ap_66' <Predicate = (state_load == 1)> <Delay = 0.00>
ST_1 : Operation 569 [1/1] (0.00ns)   --->   "%cont_hs_is_t_hs_is_t_hs_is_t_hs_is_t_bool_bool_bool_bool_ap_uint_ap_uint_ap_67 = phi i1 0, void %land.lhs.true99, i1 0, void %sw.bb90, i1 0, void %land.end, i1 0, void %if.then104, i1 %cont_hs_is_t_hs_is_t_hs_is_t_hs_is_t_bool_bool_bool_bool_ap_uint_ap_uint_ap_46, void %arrayidx114.exit"   --->   Operation 569 'phi' 'cont_hs_is_t_hs_is_t_hs_is_t_hs_is_t_bool_bool_bool_bool_ap_uint_ap_uint_ap_67' <Predicate = (state_load == 1)> <Delay = 0.00>
ST_1 : Operation 570 [1/1] (0.00ns)   --->   "%cont_hs_is_t_hs_is_t_hs_is_t_hs_is_t_bool_bool_bool_bool_ap_uint_ap_uint_ap_68 = phi i1 0, void %land.lhs.true99, i1 0, void %sw.bb90, i1 0, void %land.end, i1 0, void %if.then104, i1 %cont_hs_is_t_hs_is_t_hs_is_t_hs_is_t_bool_bool_bool_bool_ap_uint_ap_uint_ap_47, void %arrayidx114.exit"   --->   Operation 570 'phi' 'cont_hs_is_t_hs_is_t_hs_is_t_hs_is_t_bool_bool_bool_bool_ap_uint_ap_uint_ap_68' <Predicate = (state_load == 1)> <Delay = 0.00>
ST_1 : Operation 571 [1/1] (0.00ns)   --->   "%cont_hs_is_t_hs_is_t_hs_is_t_hs_is_t_bool_bool_bool_bool_ap_uint_ap_uint_ap_69 = phi i1 0, void %land.lhs.true99, i1 0, void %sw.bb90, i1 0, void %land.end, i1 0, void %if.then104, i1 %cont_hs_is_t_hs_is_t_hs_is_t_hs_is_t_bool_bool_bool_bool_ap_uint_ap_uint_ap_48, void %arrayidx114.exit"   --->   Operation 571 'phi' 'cont_hs_is_t_hs_is_t_hs_is_t_hs_is_t_bool_bool_bool_bool_ap_uint_ap_uint_ap_69' <Predicate = (state_load == 1)> <Delay = 0.00>
ST_1 : Operation 572 [1/1] (0.00ns)   --->   "%cont_hs_is_t_hs_is_t_hs_is_t_hs_is_t_bool_bool_bool_bool_ap_uint_ap_uint_ap_70 = phi i1 0, void %land.lhs.true99, i1 0, void %sw.bb90, i1 0, void %land.end, i1 0, void %if.then104, i1 %cont_hs_is_t_hs_is_t_hs_is_t_hs_is_t_bool_bool_bool_bool_ap_uint_ap_uint_ap_49, void %arrayidx114.exit"   --->   Operation 572 'phi' 'cont_hs_is_t_hs_is_t_hs_is_t_hs_is_t_bool_bool_bool_bool_ap_uint_ap_uint_ap_70' <Predicate = (state_load == 1)> <Delay = 0.00>
ST_1 : Operation 573 [1/1] (0.00ns)   --->   "%p_ZZ4contP7hs_is_tS0_S0_S0_bbbb7ap_uintILi5EES1_ILi11EEPS3_PbE8buffer_a_10_flag_3 = phi i1 0, void %land.lhs.true99, i1 0, void %sw.bb90, i1 0, void %land.end, i1 0, void %if.then104, i1 %p_ZZ4contP7hs_is_tS0_S0_S0_bbbb7ap_uintILi5EES1_ILi11EEPS3_PbE8buffer_a_10_flag_0, void %arrayidx114.exit"   --->   Operation 573 'phi' 'p_ZZ4contP7hs_is_tS0_S0_S0_bbbb7ap_uintILi5EES1_ILi11EEPS3_PbE8buffer_a_10_flag_3' <Predicate = (state_load == 1)> <Delay = 0.00>
ST_1 : Operation 574 [1/1] (0.00ns)   --->   "%cont_mulmulmulmulmulmulhs_is_t_hs_is_t_hs_is_t_hs_is_t_bool_bool_bool_bool_ap_uint_5_ap_uint_11_ap_uint_11_bool_buffer_a_float_long_signed_char_float128_3 = phi i1 0, void %land.lhs.true99, i1 0, void %sw.bb90, i1 0, void %land.end, i1 0, void %if.then104, i1 %cont_mulmulmulmulmulmulhs_is_t_hs_is_t_hs_is_t_hs_is_t_bool_bool_bool_bool_ap_uint_5_ap_uint_11_ap_uint_11_bool_buffer_a_float_long_signed_char_float128_0, void %arrayidx114.exit"   --->   Operation 574 'phi' 'cont_mulmulmulmulmulmulhs_is_t_hs_is_t_hs_is_t_hs_is_t_bool_bool_bool_bool_ap_uint_5_ap_uint_11_ap_uint_11_bool_buffer_a_float_long_signed_char_float128_3' <Predicate = (state_load == 1)> <Delay = 0.00>
ST_1 : Operation 575 [1/1] (0.00ns)   --->   "%cont_mulmulmulmulmulmulhs_is_t_hs_is_t_hs_is_t_hs_is_t_bool_bool_bool_bool_ap_uint_5_ap_uint_11_ap_uint_11_bool_buffer_a_f_long_signed_char_float128_3 = phi i1 0, void %land.lhs.true99, i1 0, void %sw.bb90, i1 0, void %land.end, i1 0, void %if.then104, i1 %cont_mulmulmulmulmulmulhs_is_t_hs_is_t_hs_is_t_hs_is_t_bool_bool_bool_bool_ap_uint_5_ap_uint_11_ap_uint_11_bool_buffer_a_f_long_signed_char_float128_0, void %arrayidx114.exit"   --->   Operation 575 'phi' 'cont_mulmulmulmulmulmulhs_is_t_hs_is_t_hs_is_t_hs_is_t_bool_bool_bool_bool_ap_uint_5_ap_uint_11_ap_uint_11_bool_buffer_a_f_long_signed_char_float128_3' <Predicate = (state_load == 1)> <Delay = 0.00>
ST_1 : Operation 576 [1/1] (0.00ns)   --->   "%cont_mulmulmulmulmulmulhs_is_t_hs_is_t_hs_is_t_hs_is_t_bool_bool_bool_bool_ap_uint_5_ap_uint_11_ap_uint_11_bool_buffer_a_fl_signed_char_float128_3 = phi i1 0, void %land.lhs.true99, i1 0, void %sw.bb90, i1 0, void %land.end, i1 0, void %if.then104, i1 %cont_mulmulmulmulmulmulhs_is_t_hs_is_t_hs_is_t_hs_is_t_bool_bool_bool_bool_ap_uint_5_ap_uint_11_ap_uint_11_bool_buffer_a_fl_signed_char_float128_0, void %arrayidx114.exit"   --->   Operation 576 'phi' 'cont_mulmulmulmulmulmulhs_is_t_hs_is_t_hs_is_t_hs_is_t_bool_bool_bool_bool_ap_uint_5_ap_uint_11_ap_uint_11_bool_buffer_a_fl_signed_char_float128_3' <Predicate = (state_load == 1)> <Delay = 0.00>
ST_1 : Operation 577 [1/1] (0.00ns)   --->   "%cont_mulmulmulmulmulmulhs_is_t_hs_is_t_hs_is_t_hs_is_t_bool_bool_bool_bool_ap_uint_5_ap_uint_11_ap_uint_11_bool_buffer_a_fla_float128_3 = phi i1 0, void %land.lhs.true99, i1 0, void %sw.bb90, i1 0, void %land.end, i1 0, void %if.then104, i1 %cont_mulmulmulmulmulmulhs_is_t_hs_is_t_hs_is_t_hs_is_t_bool_bool_bool_bool_ap_uint_5_ap_uint_11_ap_uint_11_bool_buffer_a_fla_float128_0, void %arrayidx114.exit"   --->   Operation 577 'phi' 'cont_mulmulmulmulmulmulhs_is_t_hs_is_t_hs_is_t_hs_is_t_bool_bool_bool_bool_ap_uint_5_ap_uint_11_ap_uint_11_bool_buffer_a_fla_float128_3' <Predicate = (state_load == 1)> <Delay = 0.00>
ST_1 : Operation 578 [1/1] (0.00ns)   --->   "%cont_mulmulmulmulmulmulhs_is_t_hs_is_t_hs_is_t_hs_is_t_bool_bool_bool_bool_ap_uint_5_ap_uint_11_ap_uint_11_bool_buffer_a_flag_3 = phi i1 0, void %land.lhs.true99, i1 0, void %sw.bb90, i1 0, void %land.end, i1 0, void %if.then104, i1 %cont_mulmulmulmulmulmulhs_is_t_hs_is_t_hs_is_t_hs_is_t_bool_bool_bool_bool_ap_uint_5_ap_uint_11_ap_uint_11_bool_buffer_a_flag_0, void %arrayidx114.exit"   --->   Operation 578 'phi' 'cont_mulmulmulmulmulmulhs_is_t_hs_is_t_hs_is_t_hs_is_t_bool_bool_bool_bool_ap_uint_5_ap_uint_11_ap_uint_11_bool_buffer_a_flag_3' <Predicate = (state_load == 1)> <Delay = 0.00>
ST_1 : Operation 579 [1/1] (0.00ns)   --->   "%p_ZZ4contP7hs_is_tS0_S0_S0_bbbb7ap_uintILi5EES1_ILi11EEPS3_PbE8buffer_a_16_flag_3 = phi i1 0, void %land.lhs.true99, i1 0, void %sw.bb90, i1 0, void %land.end, i1 0, void %if.then104, i1 %p_ZZ4contP7hs_is_tS0_S0_S0_bbbb7ap_uintILi5EES1_ILi11EEPS3_PbE8buffer_a_16_flag_0, void %arrayidx114.exit"   --->   Operation 579 'phi' 'p_ZZ4contP7hs_is_tS0_S0_S0_bbbb7ap_uintILi5EES1_ILi11EEPS3_PbE8buffer_a_16_flag_3' <Predicate = (state_load == 1)> <Delay = 0.00>
ST_1 : Operation 580 [1/1] (0.00ns)   --->   "%cont_hs_is_t_hs_is_t_hs_is_t_hs_is_t_bool_bool_bool_bool_ap_uint_5_ap_uint_11_ap_uint_11_bool_buffer_a_24 = phi i1 0, void %land.lhs.true99, i1 0, void %sw.bb90, i1 0, void %land.end, i1 0, void %if.then104, i1 %cont_hs_is_t_hs_is_t_hs_is_t_hs_is_t_bool_bool_bool_bool_ap_uint_5_ap_uint_11_ap_uint_11_bool_buffer_a_22, void %arrayidx114.exit"   --->   Operation 580 'phi' 'cont_hs_is_t_hs_is_t_hs_is_t_hs_is_t_bool_bool_bool_bool_ap_uint_5_ap_uint_11_ap_uint_11_bool_buffer_a_24' <Predicate = (state_load == 1)> <Delay = 0.00>
ST_1 : Operation 581 [1/1] (0.00ns)   --->   "%p_ZZ4contP7hs_is_tS0_S0_S0_bbbb7ap_uintILi5EES1_ILi11EEPS3_PbE8buffer_a_18_flag_3 = phi i1 0, void %land.lhs.true99, i1 0, void %sw.bb90, i1 0, void %land.end, i1 0, void %if.then104, i1 %p_ZZ4contP7hs_is_tS0_S0_S0_bbbb7ap_uintILi5EES1_ILi11EEPS3_PbE8buffer_a_18_flag_0, void %arrayidx114.exit"   --->   Operation 581 'phi' 'p_ZZ4contP7hs_is_tS0_S0_S0_bbbb7ap_uintILi5EES1_ILi11EEPS3_PbE8buffer_a_18_flag_3' <Predicate = (state_load == 1)> <Delay = 0.00>
ST_1 : Operation 582 [1/1] (0.00ns)   --->   "%p_ZZ4contP7hs_is_tS0_S0_S0_bbbb7ap_uintILi5EES1_ILi11EEPS3_PbE8buffer_a_19_flag_3 = phi i1 0, void %land.lhs.true99, i1 0, void %sw.bb90, i1 0, void %land.end, i1 0, void %if.then104, i1 %p_ZZ4contP7hs_is_tS0_S0_S0_bbbb7ap_uintILi5EES1_ILi11EEPS3_PbE8buffer_a_19_flag_0, void %arrayidx114.exit"   --->   Operation 582 'phi' 'p_ZZ4contP7hs_is_tS0_S0_S0_bbbb7ap_uintILi5EES1_ILi11EEPS3_PbE8buffer_a_19_flag_3' <Predicate = (state_load == 1)> <Delay = 0.00>
ST_1 : Operation 583 [1/1] (0.00ns)   --->   "%cont_hs_is_t_hs_is_t_hs_is_t_hs_is_t_bool_bool_bool_bool_ap_uint_ap_uint_ap_71 = phi i1 0, void %land.lhs.true99, i1 0, void %sw.bb90, i1 0, void %land.end, i1 0, void %if.then104, i1 %cont_hs_is_t_hs_is_t_hs_is_t_hs_is_t_bool_bool_bool_bool_ap_uint_ap_uint_ap_50, void %arrayidx114.exit"   --->   Operation 583 'phi' 'cont_hs_is_t_hs_is_t_hs_is_t_hs_is_t_bool_bool_bool_bool_ap_uint_ap_uint_ap_71' <Predicate = (state_load == 1)> <Delay = 0.00>
ST_1 : Operation 584 [1/1] (0.00ns)   --->   "%cont_hs_is_t_hs_is_t_hs_is_t_hs_is_t_bool_bool_bool_bool_ap_uint_ap_uint_ap_72 = phi i32 0, void %land.lhs.true99, i32 0, void %sw.bb90, i32 0, void %land.end, i32 0, void %if.then104, i32 %b_i_data_read, void %arrayidx114.exit" [FFT/FFT.cpp:239]   --->   Operation 584 'phi' 'cont_hs_is_t_hs_is_t_hs_is_t_hs_is_t_bool_bool_bool_bool_ap_uint_ap_uint_ap_72' <Predicate = (state_load == 1)> <Delay = 0.00>
ST_1 : Operation 585 [1/1] (0.00ns)   --->   "%cont_hs_is_t_hs_is_t_hs_is_t_hs_is_t_bool_bool_bool_bool_ap_uint_ap_uint_ap_73 = phi i1 0, void %land.lhs.true99, i1 0, void %sw.bb90, i1 0, void %land.end, i1 0, void %if.then104, i1 %cont_hs_is_t_hs_is_t_hs_is_t_hs_is_t_bool_bool_bool_bool_ap_uint_ap_uint_ap_51, void %arrayidx114.exit"   --->   Operation 585 'phi' 'cont_hs_is_t_hs_is_t_hs_is_t_hs_is_t_bool_bool_bool_bool_ap_uint_ap_uint_ap_73' <Predicate = (state_load == 1)> <Delay = 0.00>
ST_1 : Operation 586 [1/1] (0.00ns)   --->   "%cont_hs_is_t_hs_is_t_hs_is_t_hs_is_t_bool_bool_bool_bool_ap_uint_ap_uint_ap_74 = phi i1 0, void %land.lhs.true99, i1 0, void %sw.bb90, i1 0, void %land.end, i1 0, void %if.then104, i1 %cont_hs_is_t_hs_is_t_hs_is_t_hs_is_t_bool_bool_bool_bool_ap_uint_ap_uint_ap_52, void %arrayidx114.exit"   --->   Operation 586 'phi' 'cont_hs_is_t_hs_is_t_hs_is_t_hs_is_t_bool_bool_bool_bool_ap_uint_ap_uint_ap_74' <Predicate = (state_load == 1)> <Delay = 0.00>
ST_1 : Operation 587 [1/1] (0.00ns)   --->   "%cont_hs_is_t_hs_is_t_hs_is_t_hs_is_t_bool_bool_bool_bool_ap_uint_ap_uint_ap_75 = phi i1 0, void %land.lhs.true99, i1 0, void %sw.bb90, i1 0, void %land.end, i1 0, void %if.then104, i1 %cont_hs_is_t_hs_is_t_hs_is_t_hs_is_t_bool_bool_bool_bool_ap_uint_ap_uint_ap_53, void %arrayidx114.exit"   --->   Operation 587 'phi' 'cont_hs_is_t_hs_is_t_hs_is_t_hs_is_t_bool_bool_bool_bool_ap_uint_ap_uint_ap_75' <Predicate = (state_load == 1)> <Delay = 0.00>
ST_1 : Operation 588 [1/1] (0.00ns)   --->   "%cont_hs_is_t_hs_is_t_hs_is_t_hs_is_t_bool_bool_bool_bool_ap_uint_ap_uint_ap_76 = phi i1 0, void %land.lhs.true99, i1 0, void %sw.bb90, i1 0, void %land.end, i1 0, void %if.then104, i1 %cont_hs_is_t_hs_is_t_hs_is_t_hs_is_t_bool_bool_bool_bool_ap_uint_ap_uint_ap_54, void %arrayidx114.exit"   --->   Operation 588 'phi' 'cont_hs_is_t_hs_is_t_hs_is_t_hs_is_t_bool_bool_bool_bool_ap_uint_ap_uint_ap_76' <Predicate = (state_load == 1)> <Delay = 0.00>
ST_1 : Operation 589 [1/1] (0.00ns)   --->   "%cont_hs_is_t_hs_is_t_hs_is_t_hs_is_t_bool_bool_bool_bool_ap_uint_ap_uint_ap_77 = phi i1 0, void %land.lhs.true99, i1 0, void %sw.bb90, i1 0, void %land.end, i1 0, void %if.then104, i1 %cont_hs_is_t_hs_is_t_hs_is_t_hs_is_t_bool_bool_bool_bool_ap_uint_ap_uint_ap_55, void %arrayidx114.exit"   --->   Operation 589 'phi' 'cont_hs_is_t_hs_is_t_hs_is_t_hs_is_t_bool_bool_bool_bool_ap_uint_ap_uint_ap_77' <Predicate = (state_load == 1)> <Delay = 0.00>
ST_1 : Operation 590 [1/1] (0.00ns)   --->   "%cont_hs_is_t_hs_is_t_hs_is_t_hs_is_t_bool_bool_bool_bool_ap_uint_ap_uint_ap_78 = phi i1 0, void %land.lhs.true99, i1 0, void %sw.bb90, i1 0, void %land.end, i1 0, void %if.then104, i1 %cont_hs_is_t_hs_is_t_hs_is_t_hs_is_t_bool_bool_bool_bool_ap_uint_ap_uint_ap_56, void %arrayidx114.exit"   --->   Operation 590 'phi' 'cont_hs_is_t_hs_is_t_hs_is_t_hs_is_t_bool_bool_bool_bool_ap_uint_ap_uint_ap_78' <Predicate = (state_load == 1)> <Delay = 0.00>
ST_1 : Operation 591 [1/1] (0.00ns)   --->   "%cont_hs_is_t_hs_is_t_hs_is_t_hs_is_t_bool_bool_bool_bool_ap_uint_ap_uint_ap_79 = phi i1 0, void %land.lhs.true99, i1 0, void %sw.bb90, i1 0, void %land.end, i1 0, void %if.then104, i1 %cont_hs_is_t_hs_is_t_hs_is_t_hs_is_t_bool_bool_bool_bool_ap_uint_ap_uint_ap_57, void %arrayidx114.exit"   --->   Operation 591 'phi' 'cont_hs_is_t_hs_is_t_hs_is_t_hs_is_t_bool_bool_bool_bool_ap_uint_ap_uint_ap_79' <Predicate = (state_load == 1)> <Delay = 0.00>
ST_1 : Operation 592 [1/1] (0.00ns)   --->   "%cont_hs_is_t_hs_is_t_hs_is_t_hs_is_t_bool_bool_bool_bool_ap_uint_ap_uint_ap_80 = phi i1 0, void %land.lhs.true99, i1 0, void %sw.bb90, i1 0, void %land.end, i1 0, void %if.then104, i1 %cont_hs_is_t_hs_is_t_hs_is_t_hs_is_t_bool_bool_bool_bool_ap_uint_ap_uint_ap_58, void %arrayidx114.exit"   --->   Operation 592 'phi' 'cont_hs_is_t_hs_is_t_hs_is_t_hs_is_t_bool_bool_bool_bool_ap_uint_ap_uint_ap_80' <Predicate = (state_load == 1)> <Delay = 0.00>
ST_1 : Operation 593 [1/1] (0.00ns)   --->   "%cont_hs_is_t_hs_is_t_hs_is_t_hs_is_t_bool_bool_bool_bool_ap_uint_ap_uint_ap_81 = phi i1 0, void %land.lhs.true99, i1 0, void %sw.bb90, i1 0, void %land.end, i1 0, void %if.then104, i1 %cont_hs_is_t_hs_is_t_hs_is_t_hs_is_t_bool_bool_bool_bool_ap_uint_ap_uint_ap_59, void %arrayidx114.exit"   --->   Operation 593 'phi' 'cont_hs_is_t_hs_is_t_hs_is_t_hs_is_t_bool_bool_bool_bool_ap_uint_ap_uint_ap_81' <Predicate = (state_load == 1)> <Delay = 0.00>
ST_1 : Operation 594 [1/1] (0.00ns)   --->   "%p_ZZ4contP7hs_is_tS0_S0_S0_bbbb7ap_uintILi5EES1_ILi11EEPS3_PbE8buffer_b_10_flag_3 = phi i1 0, void %land.lhs.true99, i1 0, void %sw.bb90, i1 0, void %land.end, i1 0, void %if.then104, i1 %p_ZZ4contP7hs_is_tS0_S0_S0_bbbb7ap_uintILi5EES1_ILi11EEPS3_PbE8buffer_b_10_flag_0, void %arrayidx114.exit"   --->   Operation 594 'phi' 'p_ZZ4contP7hs_is_tS0_S0_S0_bbbb7ap_uintILi5EES1_ILi11EEPS3_PbE8buffer_b_10_flag_3' <Predicate = (state_load == 1)> <Delay = 0.00>
ST_1 : Operation 595 [1/1] (0.00ns)   --->   "%cont_mulmulmulmulmulmulhs_is_t_hs_is_t_hs_is_t_hs_is_t_bool_bool_bool_bool_ap_uint_5_ap_uint_11_ap_uint_11_bool_buffer_b_float_long_signed_char_float128_3 = phi i1 0, void %land.lhs.true99, i1 0, void %sw.bb90, i1 0, void %land.end, i1 0, void %if.then104, i1 %cont_mulmulmulmulmulmulhs_is_t_hs_is_t_hs_is_t_hs_is_t_bool_bool_bool_bool_ap_uint_5_ap_uint_11_ap_uint_11_bool_buffer_b_float_long_signed_char_float128_0, void %arrayidx114.exit"   --->   Operation 595 'phi' 'cont_mulmulmulmulmulmulhs_is_t_hs_is_t_hs_is_t_hs_is_t_bool_bool_bool_bool_ap_uint_5_ap_uint_11_ap_uint_11_bool_buffer_b_float_long_signed_char_float128_3' <Predicate = (state_load == 1)> <Delay = 0.00>
ST_1 : Operation 596 [1/1] (0.00ns)   --->   "%cont_mulmulmulmulmulmulhs_is_t_hs_is_t_hs_is_t_hs_is_t_bool_bool_bool_bool_ap_uint_5_ap_uint_11_ap_uint_11_bool_buffer_b_f_long_signed_char_float128_3 = phi i1 0, void %land.lhs.true99, i1 0, void %sw.bb90, i1 0, void %land.end, i1 0, void %if.then104, i1 %cont_mulmulmulmulmulmulhs_is_t_hs_is_t_hs_is_t_hs_is_t_bool_bool_bool_bool_ap_uint_5_ap_uint_11_ap_uint_11_bool_buffer_b_f_long_signed_char_float128_0, void %arrayidx114.exit"   --->   Operation 596 'phi' 'cont_mulmulmulmulmulmulhs_is_t_hs_is_t_hs_is_t_hs_is_t_bool_bool_bool_bool_ap_uint_5_ap_uint_11_ap_uint_11_bool_buffer_b_f_long_signed_char_float128_3' <Predicate = (state_load == 1)> <Delay = 0.00>
ST_1 : Operation 597 [1/1] (0.00ns)   --->   "%cont_mulmulmulmulmulmulhs_is_t_hs_is_t_hs_is_t_hs_is_t_bool_bool_bool_bool_ap_uint_5_ap_uint_11_ap_uint_11_bool_buffer_b_fl_signed_char_float128_3 = phi i1 0, void %land.lhs.true99, i1 0, void %sw.bb90, i1 0, void %land.end, i1 0, void %if.then104, i1 %cont_mulmulmulmulmulmulhs_is_t_hs_is_t_hs_is_t_hs_is_t_bool_bool_bool_bool_ap_uint_5_ap_uint_11_ap_uint_11_bool_buffer_b_fl_signed_char_float128_0, void %arrayidx114.exit"   --->   Operation 597 'phi' 'cont_mulmulmulmulmulmulhs_is_t_hs_is_t_hs_is_t_hs_is_t_bool_bool_bool_bool_ap_uint_5_ap_uint_11_ap_uint_11_bool_buffer_b_fl_signed_char_float128_3' <Predicate = (state_load == 1)> <Delay = 0.00>
ST_1 : Operation 598 [1/1] (0.00ns)   --->   "%cont_mulmulmulmulmulmulhs_is_t_hs_is_t_hs_is_t_hs_is_t_bool_bool_bool_bool_ap_uint_5_ap_uint_11_ap_uint_11_bool_buffer_b_fla_float128_3 = phi i1 0, void %land.lhs.true99, i1 0, void %sw.bb90, i1 0, void %land.end, i1 0, void %if.then104, i1 %cont_mulmulmulmulmulmulhs_is_t_hs_is_t_hs_is_t_hs_is_t_bool_bool_bool_bool_ap_uint_5_ap_uint_11_ap_uint_11_bool_buffer_b_fla_float128_0, void %arrayidx114.exit"   --->   Operation 598 'phi' 'cont_mulmulmulmulmulmulhs_is_t_hs_is_t_hs_is_t_hs_is_t_bool_bool_bool_bool_ap_uint_5_ap_uint_11_ap_uint_11_bool_buffer_b_fla_float128_3' <Predicate = (state_load == 1)> <Delay = 0.00>
ST_1 : Operation 599 [1/1] (0.00ns)   --->   "%cont_mulmulmulmulmulmulhs_is_t_hs_is_t_hs_is_t_hs_is_t_bool_bool_bool_bool_ap_uint_5_ap_uint_11_ap_uint_11_bool_buffer_b_flag_3 = phi i1 0, void %land.lhs.true99, i1 0, void %sw.bb90, i1 0, void %land.end, i1 0, void %if.then104, i1 %cont_mulmulmulmulmulmulhs_is_t_hs_is_t_hs_is_t_hs_is_t_bool_bool_bool_bool_ap_uint_5_ap_uint_11_ap_uint_11_bool_buffer_b_flag_0, void %arrayidx114.exit"   --->   Operation 599 'phi' 'cont_mulmulmulmulmulmulhs_is_t_hs_is_t_hs_is_t_hs_is_t_bool_bool_bool_bool_ap_uint_5_ap_uint_11_ap_uint_11_bool_buffer_b_flag_3' <Predicate = (state_load == 1)> <Delay = 0.00>
ST_1 : Operation 600 [1/1] (0.00ns)   --->   "%p_ZZ4contP7hs_is_tS0_S0_S0_bbbb7ap_uintILi5EES1_ILi11EEPS3_PbE8buffer_b_16_flag_3 = phi i1 0, void %land.lhs.true99, i1 0, void %sw.bb90, i1 0, void %land.end, i1 0, void %if.then104, i1 %p_ZZ4contP7hs_is_tS0_S0_S0_bbbb7ap_uintILi5EES1_ILi11EEPS3_PbE8buffer_b_16_flag_0, void %arrayidx114.exit"   --->   Operation 600 'phi' 'p_ZZ4contP7hs_is_tS0_S0_S0_bbbb7ap_uintILi5EES1_ILi11EEPS3_PbE8buffer_b_16_flag_3' <Predicate = (state_load == 1)> <Delay = 0.00>
ST_1 : Operation 601 [1/1] (0.00ns)   --->   "%cont_hs_is_t_hs_is_t_hs_is_t_hs_is_t_bool_bool_bool_bool_ap_uint_5_ap_uint_11_ap_uint_11_bool_buffer_b_25 = phi i1 0, void %land.lhs.true99, i1 0, void %sw.bb90, i1 0, void %land.end, i1 0, void %if.then104, i1 %cont_hs_is_t_hs_is_t_hs_is_t_hs_is_t_bool_bool_bool_bool_ap_uint_5_ap_uint_11_ap_uint_11_bool_buffer_b_23, void %arrayidx114.exit"   --->   Operation 601 'phi' 'cont_hs_is_t_hs_is_t_hs_is_t_hs_is_t_bool_bool_bool_bool_ap_uint_5_ap_uint_11_ap_uint_11_bool_buffer_b_25' <Predicate = (state_load == 1)> <Delay = 0.00>
ST_1 : Operation 602 [1/1] (0.00ns)   --->   "%p_ZZ4contP7hs_is_tS0_S0_S0_bbbb7ap_uintILi5EES1_ILi11EEPS3_PbE8buffer_b_18_flag_3 = phi i1 0, void %land.lhs.true99, i1 0, void %sw.bb90, i1 0, void %land.end, i1 0, void %if.then104, i1 %p_ZZ4contP7hs_is_tS0_S0_S0_bbbb7ap_uintILi5EES1_ILi11EEPS3_PbE8buffer_b_18_flag_0, void %arrayidx114.exit"   --->   Operation 602 'phi' 'p_ZZ4contP7hs_is_tS0_S0_S0_bbbb7ap_uintILi5EES1_ILi11EEPS3_PbE8buffer_b_18_flag_3' <Predicate = (state_load == 1)> <Delay = 0.00>
ST_1 : Operation 603 [1/1] (0.00ns)   --->   "%p_ZZ4contP7hs_is_tS0_S0_S0_bbbb7ap_uintILi5EES1_ILi11EEPS3_PbE8buffer_b_19_flag_3 = phi i1 0, void %land.lhs.true99, i1 0, void %sw.bb90, i1 0, void %land.end, i1 0, void %if.then104, i1 %p_ZZ4contP7hs_is_tS0_S0_S0_bbbb7ap_uintILi5EES1_ILi11EEPS3_PbE8buffer_b_19_flag_0, void %arrayidx114.exit"   --->   Operation 603 'phi' 'p_ZZ4contP7hs_is_tS0_S0_S0_bbbb7ap_uintILi5EES1_ILi11EEPS3_PbE8buffer_b_19_flag_3' <Predicate = (state_load == 1)> <Delay = 0.00>
ST_1 : Operation 604 [1/1] (0.00ns)   --->   "%sext_ln1031 = sext i32 %cont_hs_is_t_hs_is_t_hs_is_t_hs_is_t_bool_bool_bool_bool_ap_uint_ap_uint_ap_72"   --->   Operation 604 'sext' 'sext_ln1031' <Predicate = (state_load == 1)> <Delay = 0.00>
ST_1 : Operation 605 [1/1] (0.00ns)   --->   "%sext_ln1031_1 = sext i32 %cont_hs_is_t_hs_is_t_hs_is_t_hs_is_t_bool_bool_bool_bool_ap_uint_ap_uint_ap_61"   --->   Operation 605 'sext' 'sext_ln1031_1' <Predicate = (state_load == 1)> <Delay = 0.00>
ST_1 : Operation 606 [1/1] (0.00ns)   --->   "%tmp_12 = partselect i2 @_ssdm_op_PartSelect.i2.i5.i32.i32, i5 %b_count_V_loc_2, i32 3, i32 4"   --->   Operation 606 'partselect' 'tmp_12' <Predicate = (state_load == 1)> <Delay = 0.00>
ST_1 : Operation 607 [1/1] (0.44ns)   --->   "%icmp_ln1031_1 = icmp_ne  i2 %tmp_12, i2 0"   --->   Operation 607 'icmp' 'icmp_ln1031_1' <Predicate = (state_load == 1)> <Delay = 0.44> <CoreInst = "Cmp">   --->   Core 9 'Cmp' <Latency = 0> <II = 1> <Delay = 0.44> <FuncUnit> <Opcode : 'icmp'> <InPorts = 2> <OutPorts = 1>
ST_1 : Operation 608 [1/1] (0.75ns)   --->   "%icmp_ln1019_1 = icmp_eq  i5 %shift_read, i5 0"   --->   Operation 608 'icmp' 'icmp_ln1019_1' <Predicate = (state_load == 1)> <Delay = 0.75> <CoreInst = "Cmp">   --->   Core 9 'Cmp' <Latency = 0> <II = 1> <Delay = 0.75> <FuncUnit> <Opcode : 'icmp'> <InPorts = 2> <OutPorts = 1>
ST_1 : Operation 609 [1/1] (0.28ns)   --->   "%and_ln249 = and i1 %icmp_ln1031_1, i1 %icmp_ln1019_1" [FFT/FFT.cpp:249]   --->   Operation 609 'and' 'and_ln249' <Predicate = (state_load == 1)> <Delay = 0.28> <CoreInst = "LogicGate">   --->   Core 74 'LogicGate' <Latency = 0> <II = 1> <Delay = 0.28> <FuncUnit> <Opcode : 'and' 'or' 'xor'> <InPorts = 2> <OutPorts = 1>
ST_1 : Operation 610 [1/1] (0.00ns)   --->   "%br_ln249 = br i1 %and_ln249, void %if.else134, void %if.then122" [FFT/FFT.cpp:249]   --->   Operation 610 'br' 'br_ln249' <Predicate = (state_load == 1)> <Delay = 0.00>
ST_1 : Operation 611 [1/1] (0.75ns)   --->   "%icmp_ln1031_2 = icmp_ugt  i5 %b_count_V_loc_2, i5 19"   --->   Operation 611 'icmp' 'icmp_ln1031_2' <Predicate = (state_load == 1 & !and_ln249)> <Delay = 0.75> <CoreInst = "Cmp">   --->   Core 9 'Cmp' <Latency = 0> <II = 1> <Delay = 0.75> <FuncUnit> <Opcode : 'icmp'> <InPorts = 2> <OutPorts = 1>
ST_1 : Operation 612 [1/1] (0.75ns)   --->   "%icmp_ln1019_2 = icmp_eq  i5 %shift_read, i5 1"   --->   Operation 612 'icmp' 'icmp_ln1019_2' <Predicate = (state_load == 1 & !and_ln249)> <Delay = 0.75> <CoreInst = "Cmp">   --->   Core 9 'Cmp' <Latency = 0> <II = 1> <Delay = 0.75> <FuncUnit> <Opcode : 'icmp'> <InPorts = 2> <OutPorts = 1>
ST_1 : Operation 613 [1/1] (0.28ns)   --->   "%and_ln266 = and i1 %icmp_ln1031_2, i1 %icmp_ln1019_2" [FFT/FFT.cpp:266]   --->   Operation 613 'and' 'and_ln266' <Predicate = (state_load == 1 & !and_ln249)> <Delay = 0.28> <CoreInst = "LogicGate">   --->   Core 74 'LogicGate' <Latency = 0> <II = 1> <Delay = 0.28> <FuncUnit> <Opcode : 'and' 'or' 'xor'> <InPorts = 2> <OutPorts = 1>
ST_1 : Operation 614 [1/1] (0.67ns)   --->   "%br_ln266 = br i1 %and_ln266, void %sw.epilog, void %if.then138" [FFT/FFT.cpp:266]   --->   Operation 614 'br' 'br_ln266' <Predicate = (state_load == 1 & !and_ln249)> <Delay = 0.67>
ST_1 : Operation 615 [1/1] (0.20ns)   --->   "%select_ln272 = select i1 %function_r_read, i3 4, i3 3" [FFT/FFT.cpp:272]   --->   Operation 615 'select' 'select_ln272' <Predicate = (state_load == 1 & !and_ln249 & and_ln266)> <Delay = 0.20> <CoreInst = "Sel">   --->   Core 73 'Sel' <Latency = 0> <II = 1> <Delay = 0.20> <FuncUnit> <Opcode : 'select'> <InPorts = 3> <OutPorts = 1>
ST_1 : Operation 616 [1/1] (0.67ns)   --->   "%br_ln275 = br void %sw.epilog" [FFT/FFT.cpp:275]   --->   Operation 616 'br' 'br_ln275' <Predicate = (state_load == 1 & !and_ln249 & and_ln266)> <Delay = 0.67>
ST_1 : Operation 617 [1/1] (0.28ns)   --->   "%xor_ln253 = xor i1 %function_r_read, i1 1" [FFT/FFT.cpp:253]   --->   Operation 617 'xor' 'xor_ln253' <Predicate = (state_load == 1 & and_ln249)> <Delay = 0.28> <CoreInst = "LogicGate">   --->   Core 74 'LogicGate' <Latency = 0> <II = 1> <Delay = 0.28> <FuncUnit> <Opcode : 'and' 'or' 'xor'> <InPorts = 2> <OutPorts = 1>
ST_1 : Operation 618 [1/1] (0.00ns)   --->   "%store_ln253 = store i1 %xor_ln253, i1 %shift_fft_V" [FFT/FFT.cpp:253]   --->   Operation 618 'store' 'store_ln253' <Predicate = (state_load == 1 & and_ln249)> <Delay = 0.00>
ST_1 : Operation 619 [1/1] (0.00ns)   --->   "%store_ln261 = store i1 %function_r_read, i1 %sign" [FFT/FFT.cpp:261]   --->   Operation 619 'store' 'store_ln261' <Predicate = (state_load == 1 & and_ln249)> <Delay = 0.00>
ST_1 : Operation 620 [1/1] (0.42ns)   --->   "%store_ln256 = store i33 0, i33 %tmp_im_V" [FFT/FFT.cpp:256]   --->   Operation 620 'store' 'store_ln256' <Predicate = (state_load == 1 & and_ln249)> <Delay = 0.42>
ST_1 : Operation 621 [1/1] (0.67ns)   --->   "%br_ln264 = br void %sw.epilog" [FFT/FFT.cpp:264]   --->   Operation 621 'br' 'br_ln264' <Predicate = (state_load == 1 & and_ln249)> <Delay = 0.67>
ST_1 : Operation 622 [1/1] (0.00ns)   --->   "%zext_ln1027 = zext i11 %len_read"   --->   Operation 622 'zext' 'zext_ln1027' <Predicate = (state_load == 6)> <Delay = 0.00>
ST_1 : Operation 623 [1/1] (0.00ns)   --->   "%zext_ln1027_1 = zext i11 %len_read"   --->   Operation 623 'zext' 'zext_ln1027_1' <Predicate = (state_load == 6)> <Delay = 0.00>
ST_1 : Operation 624 [1/1] (1.03ns)   --->   "%icmp_ln1027 = icmp_ult  i14 %r_cnt_V_load, i14 %zext_ln1027_1"   --->   Operation 624 'icmp' 'icmp_ln1027' <Predicate = (state_load == 6)> <Delay = 1.03> <CoreInst = "Cmp">   --->   Core 9 'Cmp' <Latency = 0> <II = 1> <Delay = 1.03> <FuncUnit> <Opcode : 'icmp'> <InPorts = 2> <OutPorts = 1>
ST_1 : Operation 625 [1/1] (0.42ns)   --->   "%br_ln418 = br i1 %icmp_ln1027, void %if.end289, void %land.lhs.true282" [FFT/FFT.cpp:418]   --->   Operation 625 'br' 'br_ln418' <Predicate = (state_load == 6)> <Delay = 0.42>
ST_1 : Operation 626 [1/1] (0.00ns)   --->   "%store_result_ready_load = load i1 %store_result_ready" [FFT/FFT.cpp:418]   --->   Operation 626 'load' 'store_result_ready_load' <Predicate = (state_load == 6 & icmp_ln1027)> <Delay = 0.00>
ST_1 : Operation 627 [1/1] (0.42ns)   --->   "%br_ln418 = br i1 %store_result_ready_load, void %if.end289, void %if.then283" [FFT/FFT.cpp:418]   --->   Operation 627 'br' 'br_ln418' <Predicate = (state_load == 6 & icmp_ln1027)> <Delay = 0.42>
ST_1 : Operation 628 [1/1] (0.00ns)   --->   "%buffer_V_load = load i35 %buffer_V" [FFT/FFT.cpp:419]   --->   Operation 628 'load' 'buffer_V_load' <Predicate = (state_load == 6 & icmp_ln1027 & store_result_ready_load)> <Delay = 0.00>
ST_1 : Operation 629 [1/1] (0.42ns)   --->   "%store_ln419 = store i35 %buffer_V_load, i35 %r_acc_V" [FFT/FFT.cpp:419]   --->   Operation 629 'store' 'store_ln419' <Predicate = (state_load == 6 & icmp_ln1027 & store_result_ready_load)> <Delay = 0.42>
ST_1 : Operation 630 [1/1] (1.03ns)   --->   "%icmp_ln1027_2 = icmp_eq  i14 %r_cnt_V_load, i14 0"   --->   Operation 630 'icmp' 'icmp_ln1027_2' <Predicate = (state_load == 6 & icmp_ln1027 & store_result_ready_load)> <Delay = 1.03> <CoreInst = "Cmp">   --->   Core 9 'Cmp' <Latency = 0> <II = 1> <Delay = 1.03> <FuncUnit> <Opcode : 'icmp'> <InPorts = 2> <OutPorts = 1>
ST_1 : Operation 631 [1/1] (0.23ns)   --->   "%select_ln420 = select i1 %icmp_ln1027_2, i14 1, i14 %r_cnt_V_load" [FFT/FFT.cpp:420]   --->   Operation 631 'select' 'select_ln420' <Predicate = (state_load == 6 & icmp_ln1027 & store_result_ready_load)> <Delay = 0.23> <CoreInst = "Sel">   --->   Core 73 'Sel' <Latency = 0> <II = 1> <Delay = 0.23> <FuncUnit> <Opcode : 'select'> <InPorts = 3> <OutPorts = 1>
ST_1 : Operation 632 [1/1] (0.42ns)   --->   "%br_ln420 = br void %if.end289" [FFT/FFT.cpp:420]   --->   Operation 632 'br' 'br_ln420' <Predicate = (state_load == 6 & icmp_ln1027 & store_result_ready_load)> <Delay = 0.42>
ST_1 : Operation 633 [1/1] (0.00ns)   --->   "%r_cnt_V_flag_0 = phi i1 0, void %land.lhs.true282, i1 0, void %sw.bb280, i1 %icmp_ln1027_2, void %if.then283"   --->   Operation 633 'phi' 'r_cnt_V_flag_0' <Predicate = (state_load == 6)> <Delay = 0.00>
ST_1 : Operation 634 [1/1] (0.00ns)   --->   "%r_cnt_V_loc_0 = phi i14 %r_cnt_V_load, void %land.lhs.true282, i14 %r_cnt_V_load, void %sw.bb280, i14 %select_ln420, void %if.then283"   --->   Operation 634 'phi' 'r_cnt_V_loc_0' <Predicate = (state_load == 6)> <Delay = 0.00>
ST_1 : Operation 635 [1/1] (0.00ns)   --->   "%trunc_ln425 = trunc i14 %r_cnt_V_loc_0" [FFT/FFT.cpp:425]   --->   Operation 635 'trunc' 'trunc_ln425' <Predicate = (state_load == 6)> <Delay = 0.00>
ST_1 : Operation 636 [1/1] (0.00ns)   --->   "%br_ln425 = br i1 %r_acc_valid_load, void %if.then292, void %if.else297" [FFT/FFT.cpp:425]   --->   Operation 636 'br' 'br_ln425' <Predicate = (state_load == 6)> <Delay = 0.00>
ST_1 : Operation 637 [1/1] (1.03ns)   --->   "%icmp_ln1031 = icmp_eq  i14 %r_cnt_V_loc_0, i14 0"   --->   Operation 637 'icmp' 'icmp_ln1031' <Predicate = (state_load == 6 & !r_acc_valid_load)> <Delay = 1.03> <CoreInst = "Cmp">   --->   Core 9 'Cmp' <Latency = 0> <II = 1> <Delay = 1.03> <FuncUnit> <Opcode : 'icmp'> <InPorts = 2> <OutPorts = 1>
ST_1 : Operation 638 [1/1] (0.47ns)   --->   "%br_ln426 = br i1 %icmp_ln1031, void %if.then294, void %if.end317" [FFT/FFT.cpp:426]   --->   Operation 638 'br' 'br_ln426' <Predicate = (state_load == 6 & !r_acc_valid_load)> <Delay = 0.47>
ST_1 : Operation 639 [1/1] (0.42ns)   --->   "%store_ln427 = store i1 1, i1 %r_acc_valid" [FFT/FFT.cpp:427]   --->   Operation 639 'store' 'store_ln427' <Predicate = (state_load == 6 & !r_acc_valid_load & !icmp_ln1031)> <Delay = 0.42>
ST_1 : Operation 640 [1/1] (1.01ns)   --->   "%add_ln428 = add i32 %i_load, i32 1" [FFT/FFT.cpp:428]   --->   Operation 640 'add' 'add_ln428' <Predicate = (state_load == 6 & !r_acc_valid_load & !icmp_ln1031)> <Delay = 1.01> <CoreInst = "Adder">   --->   Core 1 'Adder' <Latency = 0> <II = 1> <Delay = 1.01> <FuncUnit> <Opcode : 'add' 'sub'> <InPorts = 2> <OutPorts = 1>
ST_1 : Operation 641 [1/1] (0.42ns)   --->   "%store_ln428 = store i32 %add_ln428, i32 %i" [FFT/FFT.cpp:428]   --->   Operation 641 'store' 'store_ln428' <Predicate = (state_load == 6 & !r_acc_valid_load & !icmp_ln1031)> <Delay = 0.42>
ST_1 : Operation 642 [1/1] (0.47ns)   --->   "%br_ln429 = br void %if.end317" [FFT/FFT.cpp:429]   --->   Operation 642 'br' 'br_ln429' <Predicate = (state_load == 6 & !r_acc_valid_load & !icmp_ln1031)> <Delay = 0.47>
ST_1 : Operation 643 [1/1] (0.42ns)   --->   "%store_ln433 = store i1 0, i1 %r_acc_valid" [FFT/FFT.cpp:433]   --->   Operation 643 'store' 'store_ln433' <Predicate = (state_load == 6 & r_acc_valid_load)> <Delay = 0.42>
ST_1 : Operation 644 [1/1] (0.83ns)   --->   "%add_ln186 = add i14 %r_cnt_V_loc_0, i14 1"   --->   Operation 644 'add' 'add_ln186' <Predicate = (state_load == 6 & r_acc_valid_load)> <Delay = 0.83> <CoreInst = "Adder">   --->   Core 1 'Adder' <Latency = 0> <II = 1> <Delay = 0.83> <FuncUnit> <Opcode : 'add' 'sub'> <InPorts = 2> <OutPorts = 1>
ST_1 : Operation 645 [1/1] (0.79ns)   --->   "%add_ln436 = add i11 %trunc_ln425, i11 1" [FFT/FFT.cpp:436]   --->   Operation 645 'add' 'add_ln436' <Predicate = (state_load == 6 & r_acc_valid_load)> <Delay = 0.79> <CoreInst = "Adder">   --->   Core 1 'Adder' <Latency = 0> <II = 1> <Delay = 0.79> <FuncUnit> <Opcode : 'add' 'sub'> <InPorts = 2> <OutPorts = 1>
ST_1 : Operation 646 [1/1] (0.47ns)   --->   "%switch_ln436 = switch i5 %shift_read, void %if.end314, i5 0, void %if.end317, i5 1, void %land.lhs.true304" [FFT/FFT.cpp:436]   --->   Operation 646 'switch' 'switch_ln436' <Predicate = (state_load == 6 & r_acc_valid_load)> <Delay = 0.47>
ST_1 : Operation 647 [1/1] (0.47ns)   --->   "%br_ln439 = br i1 %function_r_read, void %if.end317, void %if.end314" [FFT/FFT.cpp:439]   --->   Operation 647 'br' 'br_ln439' <Predicate = (state_load == 6 & r_acc_valid_load & shift_read == 1)> <Delay = 0.47>
ST_1 : Operation 648 [1/1] (0.00ns)   --->   "%state_flag_6 = phi i1 0, void %if.else297, i1 1, void %land.lhs.true304"   --->   Operation 648 'phi' 'state_flag_6' <Predicate = (state_load == 6 & r_acc_valid_load & shift_read != 0 & function_r_read) | (state_load == 6 & r_acc_valid_load & shift_read != 0 & shift_read != 1)> <Delay = 0.00>
ST_1 : Operation 649 [1/1] (0.47ns)   --->   "%br_ln0 = br void %if.end317"   --->   Operation 649 'br' 'br_ln0' <Predicate = (state_load == 6 & r_acc_valid_load & shift_read != 0 & function_r_read) | (state_load == 6 & r_acc_valid_load & shift_read != 0 & shift_read != 1)> <Delay = 0.47>
ST_1 : Operation 650 [1/1] (0.00ns) (grouped into LUT with out node or_ln449)   --->   "%state_flag_9 = phi i1 0, void %if.then292, i1 0, void %if.then294, i1 1, void %if.else297, i1 %state_flag_6, void %if.end314, i1 1, void %land.lhs.true304"   --->   Operation 650 'phi' 'state_flag_9' <Predicate = (state_load == 6)> <Delay = 0.00>
ST_1 : Operation 651 [1/1] (0.00ns) (grouped into LUT with out node select_ln449)   --->   "%state_new_9 = phi i3 0, void %if.then292, i3 0, void %if.then294, i3 2, void %if.else297, i3 4, void %if.end314, i3 3, void %land.lhs.true304"   --->   Operation 651 'phi' 'state_new_9' <Predicate = (state_load == 6 & !icmp_ln1019)> <Delay = 0.00>
ST_1 : Operation 652 [1/1] (0.00ns)   --->   "%r_cnt_V_flag_1 = phi i1 %r_cnt_V_flag_0, void %if.then292, i1 %r_cnt_V_flag_0, void %if.then294, i1 1, void %if.else297, i1 1, void %if.end314, i1 1, void %land.lhs.true304"   --->   Operation 652 'phi' 'r_cnt_V_flag_1' <Predicate = (state_load == 6)> <Delay = 0.00>
ST_1 : Operation 653 [1/1] (0.00ns)   --->   "%r_cnt_V_new_1 = phi i14 1, void %if.then292, i14 1, void %if.then294, i14 %add_ln186, void %if.else297, i14 %add_ln186, void %if.end314, i14 %add_ln186, void %land.lhs.true304"   --->   Operation 653 'phi' 'r_cnt_V_new_1' <Predicate = (state_load == 6)> <Delay = 0.00>
ST_1 : Operation 654 [1/1] (0.00ns)   --->   "%r_cnt_V_loc_1 = phi i11 %trunc_ln425, void %if.then292, i11 %trunc_ln425, void %if.then294, i11 %add_ln436, void %if.else297, i11 %add_ln436, void %if.end314, i11 %add_ln436, void %land.lhs.true304" [FFT/FFT.cpp:425]   --->   Operation 654 'phi' 'r_cnt_V_loc_1' <Predicate = (state_load == 6)> <Delay = 0.00>
ST_1 : Operation 655 [1/1] (0.00ns)   --->   "%i_op_assign = phi i32 %i_load, void %if.then292, i32 %add_ln428, void %if.then294, i32 %i_load, void %if.else297, i32 %i_load, void %if.end314, i32 %i_load, void %land.lhs.true304" [FFT/FFT.cpp:284]   --->   Operation 655 'phi' 'i_op_assign' <Predicate = (state_load == 6)> <Delay = 0.00>
ST_1 : Operation 656 [1/1] (0.00ns)   --->   "%empty = phi i1 0, void %if.then292, i1 1, void %if.then294, i1 0, void %if.else297, i1 0, void %if.end314, i1 0, void %land.lhs.true304"   --->   Operation 656 'phi' 'empty' <Predicate = (state_load == 6)> <Delay = 0.00>
ST_1 : Operation 657 [1/1] (0.99ns)   --->   "%icmp_ln1019 = icmp_eq  i32 %i_op_assign, i32 %zext_ln1027"   --->   Operation 657 'icmp' 'icmp_ln1019' <Predicate = (state_load == 6)> <Delay = 0.99> <CoreInst = "Cmp">   --->   Core 9 'Cmp' <Latency = 0> <II = 1> <Delay = 0.99> <FuncUnit> <Opcode : 'icmp'> <InPorts = 2> <OutPorts = 1>
ST_1 : Operation 658 [1/1] (0.28ns) (out node of the LUT)   --->   "%or_ln449 = or i1 %icmp_ln1019, i1 %state_flag_9" [FFT/FFT.cpp:449]   --->   Operation 658 'or' 'or_ln449' <Predicate = (state_load == 6)> <Delay = 0.28> <CoreInst = "LogicGate">   --->   Core 74 'LogicGate' <Latency = 0> <II = 1> <Delay = 0.28> <FuncUnit> <Opcode : 'and' 'or' 'xor'> <InPorts = 2> <OutPorts = 1>
ST_1 : Operation 659 [1/1] (0.20ns) (out node of the LUT)   --->   "%select_ln449 = select i1 %icmp_ln1019, i3 0, i3 %state_new_9" [FFT/FFT.cpp:449]   --->   Operation 659 'select' 'select_ln449' <Predicate = (state_load == 6)> <Delay = 0.20> <CoreInst = "Sel">   --->   Core 73 'Sel' <Latency = 0> <II = 1> <Delay = 0.20> <FuncUnit> <Opcode : 'select'> <InPorts = 3> <OutPorts = 1>
ST_1 : Operation 660 [1/1] (0.67ns)   --->   "%br_ln453 = br void %sw.epilog" [FFT/FFT.cpp:453]   --->   Operation 660 'br' 'br_ln453' <Predicate = (state_load == 6)> <Delay = 0.67>
ST_1 : Operation 661 [1/1] (0.67ns)   --->   "%br_ln184 = br i1 %clear_read, void %sw.epilog, void %if.then" [FFT/FFT.cpp:184]   --->   Operation 661 'br' 'br_ln184' <Predicate = (state_load == 7) | (state_load == 0)> <Delay = 0.67>
ST_1 : Operation 662 [1/1] (0.42ns)   --->   "%store_ln186 = store i1 0, i1 %store_result_valid" [FFT/FFT.cpp:186]   --->   Operation 662 'store' 'store_ln186' <Predicate = (state_load == 7 & clear_read) | (state_load == 0 & clear_read)> <Delay = 0.42>
ST_1 : Operation 663 [1/1] (0.42ns)   --->   "%store_ln188 = store i32 0, i32 %j_a" [FFT/FFT.cpp:188]   --->   Operation 663 'store' 'store_ln188' <Predicate = (state_load == 7 & clear_read) | (state_load == 0 & clear_read)> <Delay = 0.42>
ST_1 : Operation 664 [1/1] (0.42ns)   --->   "%store_ln189 = store i32 0, i32 %j_b" [FFT/FFT.cpp:189]   --->   Operation 664 'store' 'store_ln189' <Predicate = (state_load == 7 & clear_read) | (state_load == 0 & clear_read)> <Delay = 0.42>
ST_1 : Operation 665 [1/1] (0.42ns)   --->   "%store_ln190 = store i5 0, i5 %b_count_V" [FFT/FFT.cpp:190]   --->   Operation 665 'store' 'store_ln190' <Predicate = (state_load == 7 & clear_read) | (state_load == 0 & clear_read)> <Delay = 0.42>
ST_1 : Operation 666 [1/1] (0.42ns)   --->   "%store_ln196 = store i35 0, i35 %r_acc_V" [FFT/FFT.cpp:196]   --->   Operation 666 'store' 'store_ln196' <Predicate = (state_load == 7 & clear_read) | (state_load == 0 & clear_read)> <Delay = 0.42>
ST_1 : Operation 667 [1/1] (0.42ns)   --->   "%store_ln197 = store i1 0, i1 %r_acc_valid" [FFT/FFT.cpp:197]   --->   Operation 667 'store' 'store_ln197' <Predicate = (state_load == 7 & clear_read) | (state_load == 0 & clear_read)> <Delay = 0.42>
ST_1 : Operation 668 [1/1] (0.42ns)   --->   "%store_ln198 = store i32 0, i32 %i" [FFT/FFT.cpp:198]   --->   Operation 668 'store' 'store_ln198' <Predicate = (state_load == 7 & clear_read) | (state_load == 0 & clear_read)> <Delay = 0.42>
ST_1 : Operation 669 [1/1] (0.42ns)   --->   "%store_ln203 = store i32 2, i32 %ctrl" [FFT/FFT.cpp:203]   --->   Operation 669 'store' 'store_ln203' <Predicate = (state_load == 7 & clear_read) | (state_load == 0 & clear_read)> <Delay = 0.42>
ST_1 : Operation 670 [1/1] (0.52ns)   --->   "%store_ln213 = store i32 0, i32 %offset_j" [FFT/FFT.cpp:213]   --->   Operation 670 'store' 'store_ln213' <Predicate = (state_load == 7 & clear_read) | (state_load == 0 & clear_read)> <Delay = 0.52>
ST_1 : Operation 671 [1/1] (0.47ns)   --->   "%store_ln216 = store i32 0, i32 %offset_tw" [FFT/FFT.cpp:216]   --->   Operation 671 'store' 'store_ln216' <Predicate = (state_load == 7 & clear_read) | (state_load == 0 & clear_read)> <Delay = 0.47>
ST_1 : Operation 672 [1/1] (0.42ns)   --->   "%store_ln217 = store i32 128, i32 %tmp_re_V" [FFT/FFT.cpp:217]   --->   Operation 672 'store' 'store_ln217' <Predicate = (state_load == 7 & clear_read) | (state_load == 0 & clear_read)> <Delay = 0.42>
ST_1 : Operation 673 [1/1] (0.42ns)   --->   "%store_ln220 = store i32 1, i32 %half" [FFT/FFT.cpp:220]   --->   Operation 673 'store' 'store_ln220' <Predicate = (state_load == 7 & clear_read) | (state_load == 0 & clear_read)> <Delay = 0.42>
ST_1 : Operation 674 [1/1] (0.42ns)   --->   "%store_ln222 = store i4 4, i4 %step" [FFT/FFT.cpp:222]   --->   Operation 674 'store' 'store_ln222' <Predicate = (state_load == 7 & clear_read) | (state_load == 0 & clear_read)> <Delay = 0.42>
ST_1 : Operation 675 [1/1] (0.47ns)   --->   "%store_ln224 = store i32 0, i32 %offset_start" [FFT/FFT.cpp:224]   --->   Operation 675 'store' 'store_ln224' <Predicate = (state_load == 7 & clear_read) | (state_load == 0 & clear_read)> <Delay = 0.47>
ST_1 : Operation 676 [1/1] (0.67ns)   --->   "%br_ln225 = br void %sw.epilog" [FFT/FFT.cpp:225]   --->   Operation 676 'br' 'br_ln225' <Predicate = (state_load == 7 & clear_read) | (state_load == 0 & clear_read)> <Delay = 0.67>
ST_1 : Operation 677 [1/1] (0.00ns)   --->   "%buffer_ok_flag_5 = phi i1 1, void %if.then, i1 0, void %sw.bb, i1 0, void %if.end317, i1 1, void %if.then122, i1 1, void %if.then138, i1 %buffer_ok_flag_2, void %if.else134, i1 0, void %if.else160, i1 0, void %if.then151_ifconv, i1 0, void %if.else226, i1 0, void %if.end225, i1 0, void %if.else249, i1 0, void %if.else244, i1 0, void %if.then235, i1 0, void %if.else273, i1 0, void %if.then275, i1 0, void %if.then266, i1 0, void %if.then268"   --->   Operation 677 'phi' 'buffer_ok_flag_5' <Predicate = true> <Delay = 0.00>
ST_1 : Operation 678 [1/1] (0.00ns)   --->   "%buffer_ok_new_5 = phi i1 0, void %if.then, i1 0, void %sw.bb, i1 0, void %if.end317, i1 1, void %if.then122, i1 1, void %if.then138, i1 0, void %if.else134, i1 0, void %if.else160, i1 0, void %if.then151_ifconv, i1 0, void %if.else226, i1 0, void %if.end225, i1 0, void %if.else249, i1 0, void %if.else244, i1 0, void %if.then235, i1 0, void %if.else273, i1 0, void %if.then275, i1 0, void %if.then266, i1 0, void %if.then268"   --->   Operation 678 'phi' 'buffer_ok_new_5' <Predicate = true> <Delay = 0.00>
ST_1 : Operation 679 [1/1] (0.00ns)   --->   "%state_flag_11 = phi i1 1, void %if.then, i1 0, void %sw.bb, i1 %or_ln449, void %if.end317, i1 1, void %if.then122, i1 1, void %if.then138, i1 0, void %if.else134, i1 1, void %if.else160, i1 1, void %if.then151_ifconv, i1 1, void %if.else226, i1 1, void %if.end225, i1 1, void %if.else249, i1 1, void %if.else244, i1 0, void %if.then235, i1 0, void %if.else273, i1 1, void %if.then275, i1 0, void %if.then266, i1 1, void %if.then268" [FFT/FFT.cpp:449]   --->   Operation 679 'phi' 'state_flag_11' <Predicate = true> <Delay = 0.00>
ST_1 : Operation 680 [1/1] (0.00ns)   --->   "%state_new_11 = phi i3 1, void %if.then, i3 0, void %sw.bb, i3 %select_ln449, void %if.end317, i3 2, void %if.then122, i3 %select_ln272, void %if.then138, i3 0, void %if.else134, i3 5, void %if.else160, i3 6, void %if.then151_ifconv, i3 2, void %if.else226, i3 2, void %if.end225, i3 6, void %if.else249, i3 6, void %if.else244, i3 6, void %if.then235, i3 6, void %if.else273, i3 6, void %if.then275, i3 6, void %if.then266, i3 6, void %if.then268" [FFT/FFT.cpp:449]   --->   Operation 680 'phi' 'state_new_11' <Predicate = true> <Delay = 0.00>
ST_1 : Operation 681 [1/1] (0.00ns)   --->   "%r_cnt_V_flag_2 = phi i1 1, void %if.then, i1 0, void %sw.bb, i1 %r_cnt_V_flag_1, void %if.end317, i1 0, void %if.then122, i1 0, void %if.then138, i1 0, void %if.else134, i1 0, void %if.else160, i1 0, void %if.then151_ifconv, i1 0, void %if.else226, i1 0, void %if.end225, i1 0, void %if.else249, i1 0, void %if.else244, i1 0, void %if.then235, i1 0, void %if.else273, i1 0, void %if.then275, i1 0, void %if.then266, i1 0, void %if.then268"   --->   Operation 681 'phi' 'r_cnt_V_flag_2' <Predicate = true> <Delay = 0.00>
ST_1 : Operation 682 [1/1] (0.00ns)   --->   "%r_cnt_V_new_2 = phi i14 0, void %if.then, i14 0, void %sw.bb, i14 %r_cnt_V_new_1, void %if.end317, i14 0, void %if.then122, i14 0, void %if.then138, i14 0, void %if.else134, i14 0, void %if.else160, i14 0, void %if.then151_ifconv, i14 0, void %if.else226, i14 0, void %if.end225, i14 0, void %if.else249, i14 0, void %if.else244, i14 0, void %if.then235, i14 0, void %if.else273, i14 0, void %if.then275, i14 0, void %if.then266, i14 0, void %if.then268"   --->   Operation 682 'phi' 'r_cnt_V_new_2' <Predicate = true> <Delay = 0.00>
ST_1 : Operation 683 [1/1] (0.00ns)   --->   "%phi_ln186 = phi i11 0, void %if.then, i11 %trunc_ln284, void %sw.bb, i11 %r_cnt_V_loc_1, void %if.end317, i11 %trunc_ln284, void %if.then122, i11 %trunc_ln284, void %if.then138, i11 %trunc_ln284, void %if.else134, i11 %trunc_ln284, void %if.else160, i11 %trunc_ln284, void %if.then151_ifconv, i11 %trunc_ln284, void %if.else226, i11 %trunc_ln284, void %if.end225, i11 %trunc_ln284, void %if.else249, i11 %trunc_ln284, void %if.else244, i11 %trunc_ln284, void %if.then235, i11 %trunc_ln284, void %if.else273, i11 %trunc_ln284, void %if.then275, i11 %trunc_ln284, void %if.then266, i11 %trunc_ln284, void %if.then268"   --->   Operation 683 'phi' 'phi_ln186' <Predicate = true> <Delay = 0.00>
ST_1 : Operation 684 [1/1] (0.00ns)   --->   "%sum_V_flag_4 = phi i1 1, void %if.then, i1 0, void %sw.bb, i1 0, void %if.end317, i1 0, void %if.then122, i1 0, void %if.then138, i1 0, void %if.else134, i1 0, void %if.else160, i1 0, void %if.then151_ifconv, i1 0, void %if.else226, i1 0, void %if.end225, i1 1, void %if.else249, i1 1, void %if.else244, i1 1, void %if.then235, i1 1, void %if.else273, i1 1, void %if.then275, i1 1, void %if.then266, i1 1, void %if.then268"   --->   Operation 684 'phi' 'sum_V_flag_4' <Predicate = true> <Delay = 0.00>
ST_1 : Operation 685 [1/1] (0.00ns)   --->   "%sum_V_new_4 = phi i64 0, void %if.then, i64 0, void %sw.bb, i64 0, void %if.end317, i64 0, void %if.then122, i64 0, void %if.then138, i64 0, void %if.else134, i64 0, void %if.else160, i64 0, void %if.then151_ifconv, i64 0, void %if.else226, i64 0, void %if.end225, i64 0, void %if.else249, i64 0, void %if.else244, i64 %add_ln840_1, void %if.then235, i64 %add_ln840, void %if.else273, i64 0, void %if.then275, i64 %add_ln840, void %if.then266, i64 0, void %if.then268"   --->   Operation 685 'phi' 'sum_V_new_4' <Predicate = true> <Delay = 0.00>
ST_1 : Operation 686 [1/1] (0.00ns)   --->   "%s_idx_flag_4 = phi i1 1, void %if.then, i1 0, void %sw.bb, i1 0, void %if.end317, i1 0, void %if.then122, i1 0, void %if.then138, i1 0, void %if.else134, i1 0, void %if.else160, i1 0, void %if.then151_ifconv, i1 1, void %if.else226, i1 0, void %if.end225, i1 0, void %if.else249, i1 0, void %if.else244, i1 0, void %if.then235, i1 1, void %if.else273, i1 1, void %if.then275, i1 1, void %if.then266, i1 1, void %if.then268"   --->   Operation 686 'phi' 's_idx_flag_4' <Predicate = true> <Delay = 0.00>
ST_1 : Operation 687 [1/1] (0.00ns)   --->   "%s_idx_new_4 = phi i32 0, void %if.then, i32 0, void %sw.bb, i32 0, void %if.end317, i32 0, void %if.then122, i32 0, void %if.then138, i32 0, void %if.else134, i32 0, void %if.else160, i32 0, void %if.then151_ifconv, i32 %add_ln343, void %if.else226, i32 0, void %if.end225, i32 0, void %if.else249, i32 0, void %if.else244, i32 0, void %if.then235, i32 %add_ln380, void %if.else273, i32 0, void %if.then275, i32 %add_ln380, void %if.then266, i32 0, void %if.then268" [FFT/FFT.cpp:343]   --->   Operation 687 'phi' 's_idx_new_4' <Predicate = true> <Delay = 0.00>
ST_1 : Operation 688 [1/1] (0.00ns)   --->   "%idx_1_flag_6 = phi i1 1, void %if.then, i1 0, void %sw.bb, i1 0, void %if.end317, i1 0, void %if.then122, i1 0, void %if.then138, i1 0, void %if.else134, i1 0, void %if.else160, i1 0, void %if.then151_ifconv, i1 1, void %if.else226, i1 1, void %if.end225, i1 1, void %if.else249, i1 1, void %if.else244, i1 1, void %if.then235, i1 1, void %if.else273, i1 1, void %if.then275, i1 1, void %if.then266, i1 1, void %if.then268"   --->   Operation 688 'phi' 'idx_1_flag_6' <Predicate = true> <Delay = 0.00>
ST_1 : Operation 689 [1/1] (0.00ns)   --->   "%idx_1_new_6 = phi i32 0, void %if.then, i32 0, void %sw.bb, i32 0, void %if.end317, i32 0, void %if.then122, i32 0, void %if.then138, i32 0, void %if.else134, i32 0, void %if.else160, i32 0, void %if.then151_ifconv, i32 0, void %if.else226, i32 %idx_1_new_0, void %if.end225, i32 %add_ln368, void %if.else249, i32 0, void %if.else244, i32 %add_ln356, void %if.then235, i32 %add_ln382, void %if.else273, i32 %add_ln382, void %if.then275, i32 %add_ln382, void %if.then266, i32 %offset_j_load, void %if.then268" [FFT/FFT.cpp:305]   --->   Operation 689 'phi' 'idx_1_new_6' <Predicate = true> <Delay = 0.00>
ST_1 : Operation 690 [1/1] (0.00ns)   --->   "%idx_2_flag_9 = phi i1 1, void %if.then, i1 0, void %sw.bb, i1 0, void %if.end317, i1 0, void %if.then122, i1 1, void %if.then138, i1 0, void %if.else134, i1 0, void %if.else160, i1 0, void %if.then151_ifconv, i1 1, void %if.else226, i1 1, void %if.end225, i1 1, void %if.else249, i1 1, void %if.else244, i1 0, void %if.then235, i1 1, void %if.else273, i1 1, void %if.then275, i1 1, void %if.then266, i1 1, void %if.then268"   --->   Operation 690 'phi' 'idx_2_flag_9' <Predicate = true> <Delay = 0.00>
ST_1 : Operation 691 [1/1] (0.00ns)   --->   "%idx_2_new_9 = phi i32 1, void %if.then, i32 0, void %sw.bb, i32 0, void %if.end317, i32 0, void %if.then122, i32 0, void %if.then138, i32 0, void %if.else134, i32 0, void %if.else160, i32 0, void %if.then151_ifconv, i32 %ctrl_load, void %if.else226, i32 %add_ln321, void %if.end225, i32 %add_ln364, void %if.else249, i32 %add_ln364, void %if.else244, i32 0, void %if.then235, i32 %add_ln384, void %if.else273, i32 0, void %if.then275, i32 %add_ln384, void %if.then266, i32 %add_ln395, void %if.then268" [FFT/FFT.cpp:318]   --->   Operation 691 'phi' 'idx_2_new_9' <Predicate = true> <Delay = 0.00>
ST_1 : Operation 692 [1/1] (0.00ns)   --->   "%cont_hs_is_t_hs_is_t_hs_is_t_hs_is_t_bool_bool_bool_bool_ap_uint_ap_uint_ap_142 = phi i1 0, void %if.then, i1 0, void %sw.bb, i1 0, void %if.end317, i1 %cont_hs_is_t_hs_is_t_hs_is_t_hs_is_t_bool_bool_bool_bool_ap_uint_ap_uint_ap_60, void %if.then122, i1 %cont_hs_is_t_hs_is_t_hs_is_t_hs_is_t_bool_bool_bool_bool_ap_uint_ap_uint_ap_60, void %if.then138, i1 %cont_hs_is_t_hs_is_t_hs_is_t_hs_is_t_bool_bool_bool_bool_ap_uint_ap_uint_ap_60, void %if.else134, i1 0, void %if.else160, i1 0, void %if.then151_ifconv, i1 %cont_hs_is_t_hs_is_t_hs_is_t_hs_is_t_bool_bool_bool_bool_ap_uint_ap_uint_ap_92, void %if.else226, i1 %cont_hs_is_t_hs_is_t_hs_is_t_hs_is_t_bool_bool_bool_bool_ap_uint_ap_uint_ap_92, void %if.end225, i1 0, void %if.else249, i1 0, void %if.else244, i1 0, void %if.then235, i1 0, void %if.else273, i1 0, void %if.then275, i1 0, void %if.then266, i1 0, void %if.then268"   --->   Operation 692 'phi' 'cont_hs_is_t_hs_is_t_hs_is_t_hs_is_t_bool_bool_bool_bool_ap_uint_ap_uint_ap_142' <Predicate = true> <Delay = 0.00>
ST_1 : Operation 693 [1/1] (0.00ns)   --->   "%cont_hs_is_t_hs_is_t_hs_is_t_hs_is_t_bool_bool_bool_bool_ap_uint_ap_uint_ap_143 = phi i33 0, void %if.then, i33 0, void %sw.bb, i33 0, void %if.end317, i33 %sext_ln1031_1, void %if.then122, i33 %sext_ln1031_1, void %if.then138, i33 %sext_ln1031_1, void %if.else134, i33 0, void %if.else160, i33 0, void %if.then151_ifconv, i33 %cont_hs_is_t_hs_is_t_hs_is_t_hs_is_t_bool_bool_bool_bool_ap_uint_ap_uint_ap_93, void %if.else226, i33 %cont_hs_is_t_hs_is_t_hs_is_t_hs_is_t_bool_bool_bool_bool_ap_uint_ap_uint_ap_93, void %if.end225, i33 0, void %if.else249, i33 0, void %if.else244, i33 0, void %if.then235, i33 0, void %if.else273, i33 0, void %if.then275, i33 0, void %if.then266, i33 0, void %if.then268"   --->   Operation 693 'phi' 'cont_hs_is_t_hs_is_t_hs_is_t_hs_is_t_bool_bool_bool_bool_ap_uint_ap_uint_ap_143' <Predicate = true> <Delay = 0.00>
ST_1 : Operation 694 [1/1] (0.00ns)   --->   "%cont_hs_is_t_hs_is_t_hs_is_t_hs_is_t_bool_bool_bool_bool_ap_uint_ap_uint_ap_144 = phi i1 0, void %if.then, i1 0, void %sw.bb, i1 0, void %if.end317, i1 %cont_hs_is_t_hs_is_t_hs_is_t_hs_is_t_bool_bool_bool_bool_ap_uint_ap_uint_ap_62, void %if.then122, i1 %cont_hs_is_t_hs_is_t_hs_is_t_hs_is_t_bool_bool_bool_bool_ap_uint_ap_uint_ap_62, void %if.then138, i1 %cont_hs_is_t_hs_is_t_hs_is_t_hs_is_t_bool_bool_bool_bool_ap_uint_ap_uint_ap_62, void %if.else134, i1 0, void %if.else160, i1 0, void %if.then151_ifconv, i1 %cont_hs_is_t_hs_is_t_hs_is_t_hs_is_t_bool_bool_bool_bool_ap_uint_ap_uint_ap_94, void %if.else226, i1 %cont_hs_is_t_hs_is_t_hs_is_t_hs_is_t_bool_bool_bool_bool_ap_uint_ap_uint_ap_94, void %if.end225, i1 0, void %if.else249, i1 0, void %if.else244, i1 0, void %if.then235, i1 0, void %if.else273, i1 0, void %if.then275, i1 0, void %if.then266, i1 0, void %if.then268"   --->   Operation 694 'phi' 'cont_hs_is_t_hs_is_t_hs_is_t_hs_is_t_bool_bool_bool_bool_ap_uint_ap_uint_ap_144' <Predicate = true> <Delay = 0.00>
ST_1 : Operation 695 [1/1] (0.00ns)   --->   "%cont_hs_is_t_hs_is_t_hs_is_t_hs_is_t_bool_bool_bool_bool_ap_uint_ap_uint_ap_145 = phi i33 0, void %if.then, i33 0, void %sw.bb, i33 0, void %if.end317, i33 %sext_ln1031_1, void %if.then122, i33 %sext_ln1031_1, void %if.then138, i33 %sext_ln1031_1, void %if.else134, i33 0, void %if.else160, i33 0, void %if.then151_ifconv, i33 %cont_hs_is_t_hs_is_t_hs_is_t_hs_is_t_bool_bool_bool_bool_ap_uint_ap_uint_ap_95, void %if.else226, i33 %cont_hs_is_t_hs_is_t_hs_is_t_hs_is_t_bool_bool_bool_bool_ap_uint_ap_uint_ap_95, void %if.end225, i33 0, void %if.else249, i33 0, void %if.else244, i33 0, void %if.then235, i33 0, void %if.else273, i33 0, void %if.then275, i33 0, void %if.then266, i33 0, void %if.then268"   --->   Operation 695 'phi' 'cont_hs_is_t_hs_is_t_hs_is_t_hs_is_t_bool_bool_bool_bool_ap_uint_ap_uint_ap_145' <Predicate = true> <Delay = 0.00>
ST_1 : Operation 696 [1/1] (0.00ns)   --->   "%cont_hs_is_t_hs_is_t_hs_is_t_hs_is_t_bool_bool_bool_bool_ap_uint_ap_uint_ap_146 = phi i1 0, void %if.then, i1 0, void %sw.bb, i1 0, void %if.end317, i1 %cont_hs_is_t_hs_is_t_hs_is_t_hs_is_t_bool_bool_bool_bool_ap_uint_ap_uint_ap_63, void %if.then122, i1 %cont_hs_is_t_hs_is_t_hs_is_t_hs_is_t_bool_bool_bool_bool_ap_uint_ap_uint_ap_63, void %if.then138, i1 %cont_hs_is_t_hs_is_t_hs_is_t_hs_is_t_bool_bool_bool_bool_ap_uint_ap_uint_ap_63, void %if.else134, i1 0, void %if.else160, i1 0, void %if.then151_ifconv, i1 %cont_hs_is_t_hs_is_t_hs_is_t_hs_is_t_bool_bool_bool_bool_ap_uint_ap_uint_ap_96, void %if.else226, i1 %cont_hs_is_t_hs_is_t_hs_is_t_hs_is_t_bool_bool_bool_bool_ap_uint_ap_uint_ap_96, void %if.end225, i1 0, void %if.else249, i1 0, void %if.else244, i1 0, void %if.then235, i1 0, void %if.else273, i1 0, void %if.then275, i1 0, void %if.then266, i1 0, void %if.then268"   --->   Operation 696 'phi' 'cont_hs_is_t_hs_is_t_hs_is_t_hs_is_t_bool_bool_bool_bool_ap_uint_ap_uint_ap_146' <Predicate = true> <Delay = 0.00>
ST_1 : Operation 697 [1/1] (0.00ns)   --->   "%cont_hs_is_t_hs_is_t_hs_is_t_hs_is_t_bool_bool_bool_bool_ap_uint_ap_uint_ap_147 = phi i33 0, void %if.then, i33 0, void %sw.bb, i33 0, void %if.end317, i33 %sext_ln1031_1, void %if.then122, i33 %sext_ln1031_1, void %if.then138, i33 %sext_ln1031_1, void %if.else134, i33 0, void %if.else160, i33 0, void %if.then151_ifconv, i33 %cont_hs_is_t_hs_is_t_hs_is_t_hs_is_t_bool_bool_bool_bool_ap_uint_ap_uint_ap_97, void %if.else226, i33 %cont_hs_is_t_hs_is_t_hs_is_t_hs_is_t_bool_bool_bool_bool_ap_uint_ap_uint_ap_97, void %if.end225, i33 0, void %if.else249, i33 0, void %if.else244, i33 0, void %if.then235, i33 0, void %if.else273, i33 0, void %if.then275, i33 0, void %if.then266, i33 0, void %if.then268"   --->   Operation 697 'phi' 'cont_hs_is_t_hs_is_t_hs_is_t_hs_is_t_bool_bool_bool_bool_ap_uint_ap_uint_ap_147' <Predicate = true> <Delay = 0.00>
ST_1 : Operation 698 [1/1] (0.00ns)   --->   "%cont_hs_is_t_hs_is_t_hs_is_t_hs_is_t_bool_bool_bool_bool_ap_uint_ap_uint_ap_148 = phi i1 0, void %if.then, i1 0, void %sw.bb, i1 0, void %if.end317, i1 %cont_hs_is_t_hs_is_t_hs_is_t_hs_is_t_bool_bool_bool_bool_ap_uint_ap_uint_ap_64, void %if.then122, i1 %cont_hs_is_t_hs_is_t_hs_is_t_hs_is_t_bool_bool_bool_bool_ap_uint_ap_uint_ap_64, void %if.then138, i1 %cont_hs_is_t_hs_is_t_hs_is_t_hs_is_t_bool_bool_bool_bool_ap_uint_ap_uint_ap_64, void %if.else134, i1 0, void %if.else160, i1 0, void %if.then151_ifconv, i1 %cont_hs_is_t_hs_is_t_hs_is_t_hs_is_t_bool_bool_bool_bool_ap_uint_ap_uint_ap_98, void %if.else226, i1 %cont_hs_is_t_hs_is_t_hs_is_t_hs_is_t_bool_bool_bool_bool_ap_uint_ap_uint_ap_98, void %if.end225, i1 0, void %if.else249, i1 0, void %if.else244, i1 0, void %if.then235, i1 0, void %if.else273, i1 0, void %if.then275, i1 0, void %if.then266, i1 0, void %if.then268"   --->   Operation 698 'phi' 'cont_hs_is_t_hs_is_t_hs_is_t_hs_is_t_bool_bool_bool_bool_ap_uint_ap_uint_ap_148' <Predicate = true> <Delay = 0.00>
ST_1 : Operation 699 [1/1] (0.00ns)   --->   "%cont_hs_is_t_hs_is_t_hs_is_t_hs_is_t_bool_bool_bool_bool_ap_uint_ap_uint_ap_149 = phi i33 0, void %if.then, i33 0, void %sw.bb, i33 0, void %if.end317, i33 %sext_ln1031_1, void %if.then122, i33 %sext_ln1031_1, void %if.then138, i33 %sext_ln1031_1, void %if.else134, i33 0, void %if.else160, i33 0, void %if.then151_ifconv, i33 %cont_hs_is_t_hs_is_t_hs_is_t_hs_is_t_bool_bool_bool_bool_ap_uint_ap_uint_ap_99, void %if.else226, i33 %cont_hs_is_t_hs_is_t_hs_is_t_hs_is_t_bool_bool_bool_bool_ap_uint_ap_uint_ap_99, void %if.end225, i33 0, void %if.else249, i33 0, void %if.else244, i33 0, void %if.then235, i33 0, void %if.else273, i33 0, void %if.then275, i33 0, void %if.then266, i33 0, void %if.then268"   --->   Operation 699 'phi' 'cont_hs_is_t_hs_is_t_hs_is_t_hs_is_t_bool_bool_bool_bool_ap_uint_ap_uint_ap_149' <Predicate = true> <Delay = 0.00>
ST_1 : Operation 700 [1/1] (0.00ns)   --->   "%cont_hs_is_t_hs_is_t_hs_is_t_hs_is_t_bool_bool_bool_bool_ap_uint_ap_uint_ap_150 = phi i1 0, void %if.then, i1 0, void %sw.bb, i1 0, void %if.end317, i1 %cont_hs_is_t_hs_is_t_hs_is_t_hs_is_t_bool_bool_bool_bool_ap_uint_ap_uint_ap_65, void %if.then122, i1 %cont_hs_is_t_hs_is_t_hs_is_t_hs_is_t_bool_bool_bool_bool_ap_uint_ap_uint_ap_65, void %if.then138, i1 %cont_hs_is_t_hs_is_t_hs_is_t_hs_is_t_bool_bool_bool_bool_ap_uint_ap_uint_ap_65, void %if.else134, i1 0, void %if.else160, i1 0, void %if.then151_ifconv, i1 %cont_hs_is_t_hs_is_t_hs_is_t_hs_is_t_bool_bool_bool_bool_ap_uint_ap_uint_ap_100, void %if.else226, i1 %cont_hs_is_t_hs_is_t_hs_is_t_hs_is_t_bool_bool_bool_bool_ap_uint_ap_uint_ap_100, void %if.end225, i1 0, void %if.else249, i1 0, void %if.else244, i1 0, void %if.then235, i1 0, void %if.else273, i1 0, void %if.then275, i1 0, void %if.then266, i1 0, void %if.then268"   --->   Operation 700 'phi' 'cont_hs_is_t_hs_is_t_hs_is_t_hs_is_t_bool_bool_bool_bool_ap_uint_ap_uint_ap_150' <Predicate = true> <Delay = 0.00>
ST_1 : Operation 701 [1/1] (0.00ns)   --->   "%cont_hs_is_t_hs_is_t_hs_is_t_hs_is_t_bool_bool_bool_bool_ap_uint_ap_uint_ap_151 = phi i33 0, void %if.then, i33 0, void %sw.bb, i33 0, void %if.end317, i33 %sext_ln1031_1, void %if.then122, i33 %sext_ln1031_1, void %if.then138, i33 %sext_ln1031_1, void %if.else134, i33 0, void %if.else160, i33 0, void %if.then151_ifconv, i33 %cont_hs_is_t_hs_is_t_hs_is_t_hs_is_t_bool_bool_bool_bool_ap_uint_ap_uint_ap_101, void %if.else226, i33 %cont_hs_is_t_hs_is_t_hs_is_t_hs_is_t_bool_bool_bool_bool_ap_uint_ap_uint_ap_101, void %if.end225, i33 0, void %if.else249, i33 0, void %if.else244, i33 0, void %if.then235, i33 0, void %if.else273, i33 0, void %if.then275, i33 0, void %if.then266, i33 0, void %if.then268"   --->   Operation 701 'phi' 'cont_hs_is_t_hs_is_t_hs_is_t_hs_is_t_bool_bool_bool_bool_ap_uint_ap_uint_ap_151' <Predicate = true> <Delay = 0.00>
ST_1 : Operation 702 [1/1] (0.00ns)   --->   "%cont_hs_is_t_hs_is_t_hs_is_t_hs_is_t_bool_bool_bool_bool_ap_uint_ap_uint_ap_152 = phi i1 0, void %if.then, i1 0, void %sw.bb, i1 0, void %if.end317, i1 %cont_hs_is_t_hs_is_t_hs_is_t_hs_is_t_bool_bool_bool_bool_ap_uint_ap_uint_ap_66, void %if.then122, i1 %cont_hs_is_t_hs_is_t_hs_is_t_hs_is_t_bool_bool_bool_bool_ap_uint_ap_uint_ap_66, void %if.then138, i1 %cont_hs_is_t_hs_is_t_hs_is_t_hs_is_t_bool_bool_bool_bool_ap_uint_ap_uint_ap_66, void %if.else134, i1 0, void %if.else160, i1 0, void %if.then151_ifconv, i1 %cont_hs_is_t_hs_is_t_hs_is_t_hs_is_t_bool_bool_bool_bool_ap_uint_ap_uint_ap_102, void %if.else226, i1 %cont_hs_is_t_hs_is_t_hs_is_t_hs_is_t_bool_bool_bool_bool_ap_uint_ap_uint_ap_102, void %if.end225, i1 0, void %if.else249, i1 0, void %if.else244, i1 0, void %if.then235, i1 0, void %if.else273, i1 0, void %if.then275, i1 0, void %if.then266, i1 0, void %if.then268"   --->   Operation 702 'phi' 'cont_hs_is_t_hs_is_t_hs_is_t_hs_is_t_bool_bool_bool_bool_ap_uint_ap_uint_ap_152' <Predicate = true> <Delay = 0.00>
ST_1 : Operation 703 [1/1] (0.00ns)   --->   "%cont_hs_is_t_hs_is_t_hs_is_t_hs_is_t_bool_bool_bool_bool_ap_uint_ap_uint_ap_153 = phi i33 0, void %if.then, i33 0, void %sw.bb, i33 0, void %if.end317, i33 %sext_ln1031_1, void %if.then122, i33 %sext_ln1031_1, void %if.then138, i33 %sext_ln1031_1, void %if.else134, i33 0, void %if.else160, i33 0, void %if.then151_ifconv, i33 %cont_hs_is_t_hs_is_t_hs_is_t_hs_is_t_bool_bool_bool_bool_ap_uint_ap_uint_ap_103, void %if.else226, i33 %cont_hs_is_t_hs_is_t_hs_is_t_hs_is_t_bool_bool_bool_bool_ap_uint_ap_uint_ap_103, void %if.end225, i33 0, void %if.else249, i33 0, void %if.else244, i33 0, void %if.then235, i33 0, void %if.else273, i33 0, void %if.then275, i33 0, void %if.then266, i33 0, void %if.then268"   --->   Operation 703 'phi' 'cont_hs_is_t_hs_is_t_hs_is_t_hs_is_t_bool_bool_bool_bool_ap_uint_ap_uint_ap_153' <Predicate = true> <Delay = 0.00>
ST_1 : Operation 704 [1/1] (0.00ns)   --->   "%cont_hs_is_t_hs_is_t_hs_is_t_hs_is_t_bool_bool_bool_bool_ap_uint_ap_uint_ap_154 = phi i1 0, void %if.then, i1 0, void %sw.bb, i1 0, void %if.end317, i1 %cont_hs_is_t_hs_is_t_hs_is_t_hs_is_t_bool_bool_bool_bool_ap_uint_ap_uint_ap_67, void %if.then122, i1 %cont_hs_is_t_hs_is_t_hs_is_t_hs_is_t_bool_bool_bool_bool_ap_uint_ap_uint_ap_67, void %if.then138, i1 %cont_hs_is_t_hs_is_t_hs_is_t_hs_is_t_bool_bool_bool_bool_ap_uint_ap_uint_ap_67, void %if.else134, i1 0, void %if.else160, i1 0, void %if.then151_ifconv, i1 %cont_hs_is_t_hs_is_t_hs_is_t_hs_is_t_bool_bool_bool_bool_ap_uint_ap_uint_ap_104, void %if.else226, i1 %cont_hs_is_t_hs_is_t_hs_is_t_hs_is_t_bool_bool_bool_bool_ap_uint_ap_uint_ap_104, void %if.end225, i1 0, void %if.else249, i1 0, void %if.else244, i1 0, void %if.then235, i1 0, void %if.else273, i1 0, void %if.then275, i1 0, void %if.then266, i1 0, void %if.then268"   --->   Operation 704 'phi' 'cont_hs_is_t_hs_is_t_hs_is_t_hs_is_t_bool_bool_bool_bool_ap_uint_ap_uint_ap_154' <Predicate = true> <Delay = 0.00>
ST_1 : Operation 705 [1/1] (0.00ns)   --->   "%cont_hs_is_t_hs_is_t_hs_is_t_hs_is_t_bool_bool_bool_bool_ap_uint_ap_uint_ap_155 = phi i33 0, void %if.then, i33 0, void %sw.bb, i33 0, void %if.end317, i33 %sext_ln1031_1, void %if.then122, i33 %sext_ln1031_1, void %if.then138, i33 %sext_ln1031_1, void %if.else134, i33 0, void %if.else160, i33 0, void %if.then151_ifconv, i33 %cont_hs_is_t_hs_is_t_hs_is_t_hs_is_t_bool_bool_bool_bool_ap_uint_ap_uint_ap_105, void %if.else226, i33 %cont_hs_is_t_hs_is_t_hs_is_t_hs_is_t_bool_bool_bool_bool_ap_uint_ap_uint_ap_105, void %if.end225, i33 0, void %if.else249, i33 0, void %if.else244, i33 0, void %if.then235, i33 0, void %if.else273, i33 0, void %if.then275, i33 0, void %if.then266, i33 0, void %if.then268"   --->   Operation 705 'phi' 'cont_hs_is_t_hs_is_t_hs_is_t_hs_is_t_bool_bool_bool_bool_ap_uint_ap_uint_ap_155' <Predicate = true> <Delay = 0.00>
ST_1 : Operation 706 [1/1] (0.00ns)   --->   "%cont_hs_is_t_hs_is_t_hs_is_t_hs_is_t_bool_bool_bool_bool_ap_uint_ap_uint_ap_156 = phi i1 0, void %if.then, i1 0, void %sw.bb, i1 0, void %if.end317, i1 %cont_hs_is_t_hs_is_t_hs_is_t_hs_is_t_bool_bool_bool_bool_ap_uint_ap_uint_ap_68, void %if.then122, i1 %cont_hs_is_t_hs_is_t_hs_is_t_hs_is_t_bool_bool_bool_bool_ap_uint_ap_uint_ap_68, void %if.then138, i1 %cont_hs_is_t_hs_is_t_hs_is_t_hs_is_t_bool_bool_bool_bool_ap_uint_ap_uint_ap_68, void %if.else134, i1 0, void %if.else160, i1 0, void %if.then151_ifconv, i1 %cont_hs_is_t_hs_is_t_hs_is_t_hs_is_t_bool_bool_bool_bool_ap_uint_ap_uint_ap_106, void %if.else226, i1 %cont_hs_is_t_hs_is_t_hs_is_t_hs_is_t_bool_bool_bool_bool_ap_uint_ap_uint_ap_106, void %if.end225, i1 0, void %if.else249, i1 0, void %if.else244, i1 0, void %if.then235, i1 0, void %if.else273, i1 0, void %if.then275, i1 0, void %if.then266, i1 0, void %if.then268"   --->   Operation 706 'phi' 'cont_hs_is_t_hs_is_t_hs_is_t_hs_is_t_bool_bool_bool_bool_ap_uint_ap_uint_ap_156' <Predicate = true> <Delay = 0.00>
ST_1 : Operation 707 [1/1] (0.00ns)   --->   "%cont_hs_is_t_hs_is_t_hs_is_t_hs_is_t_bool_bool_bool_bool_ap_uint_ap_uint_ap_157 = phi i33 0, void %if.then, i33 0, void %sw.bb, i33 0, void %if.end317, i33 %sext_ln1031_1, void %if.then122, i33 %sext_ln1031_1, void %if.then138, i33 %sext_ln1031_1, void %if.else134, i33 0, void %if.else160, i33 0, void %if.then151_ifconv, i33 %cont_hs_is_t_hs_is_t_hs_is_t_hs_is_t_bool_bool_bool_bool_ap_uint_ap_uint_ap_107, void %if.else226, i33 %cont_hs_is_t_hs_is_t_hs_is_t_hs_is_t_bool_bool_bool_bool_ap_uint_ap_uint_ap_107, void %if.end225, i33 0, void %if.else249, i33 0, void %if.else244, i33 0, void %if.then235, i33 0, void %if.else273, i33 0, void %if.then275, i33 0, void %if.then266, i33 0, void %if.then268"   --->   Operation 707 'phi' 'cont_hs_is_t_hs_is_t_hs_is_t_hs_is_t_bool_bool_bool_bool_ap_uint_ap_uint_ap_157' <Predicate = true> <Delay = 0.00>
ST_1 : Operation 708 [1/1] (0.00ns)   --->   "%cont_hs_is_t_hs_is_t_hs_is_t_hs_is_t_bool_bool_bool_bool_ap_uint_ap_uint_ap_158 = phi i1 0, void %if.then, i1 0, void %sw.bb, i1 0, void %if.end317, i1 %cont_hs_is_t_hs_is_t_hs_is_t_hs_is_t_bool_bool_bool_bool_ap_uint_ap_uint_ap_69, void %if.then122, i1 %cont_hs_is_t_hs_is_t_hs_is_t_hs_is_t_bool_bool_bool_bool_ap_uint_ap_uint_ap_69, void %if.then138, i1 %cont_hs_is_t_hs_is_t_hs_is_t_hs_is_t_bool_bool_bool_bool_ap_uint_ap_uint_ap_69, void %if.else134, i1 0, void %if.else160, i1 0, void %if.then151_ifconv, i1 %cont_hs_is_t_hs_is_t_hs_is_t_hs_is_t_bool_bool_bool_bool_ap_uint_ap_uint_ap_108, void %if.else226, i1 %cont_hs_is_t_hs_is_t_hs_is_t_hs_is_t_bool_bool_bool_bool_ap_uint_ap_uint_ap_108, void %if.end225, i1 0, void %if.else249, i1 0, void %if.else244, i1 0, void %if.then235, i1 0, void %if.else273, i1 0, void %if.then275, i1 0, void %if.then266, i1 0, void %if.then268"   --->   Operation 708 'phi' 'cont_hs_is_t_hs_is_t_hs_is_t_hs_is_t_bool_bool_bool_bool_ap_uint_ap_uint_ap_158' <Predicate = true> <Delay = 0.00>
ST_1 : Operation 709 [1/1] (0.00ns)   --->   "%cont_hs_is_t_hs_is_t_hs_is_t_hs_is_t_bool_bool_bool_bool_ap_uint_ap_uint_ap_159 = phi i33 0, void %if.then, i33 0, void %sw.bb, i33 0, void %if.end317, i33 %sext_ln1031_1, void %if.then122, i33 %sext_ln1031_1, void %if.then138, i33 %sext_ln1031_1, void %if.else134, i33 0, void %if.else160, i33 0, void %if.then151_ifconv, i33 %cont_hs_is_t_hs_is_t_hs_is_t_hs_is_t_bool_bool_bool_bool_ap_uint_ap_uint_ap_109, void %if.else226, i33 %cont_hs_is_t_hs_is_t_hs_is_t_hs_is_t_bool_bool_bool_bool_ap_uint_ap_uint_ap_109, void %if.end225, i33 0, void %if.else249, i33 0, void %if.else244, i33 0, void %if.then235, i33 0, void %if.else273, i33 0, void %if.then275, i33 0, void %if.then266, i33 0, void %if.then268"   --->   Operation 709 'phi' 'cont_hs_is_t_hs_is_t_hs_is_t_hs_is_t_bool_bool_bool_bool_ap_uint_ap_uint_ap_159' <Predicate = true> <Delay = 0.00>
ST_1 : Operation 710 [1/1] (0.00ns)   --->   "%cont_hs_is_t_hs_is_t_hs_is_t_hs_is_t_bool_bool_bool_bool_ap_uint_ap_uint_ap_160 = phi i1 0, void %if.then, i1 0, void %sw.bb, i1 0, void %if.end317, i1 %cont_hs_is_t_hs_is_t_hs_is_t_hs_is_t_bool_bool_bool_bool_ap_uint_ap_uint_ap_70, void %if.then122, i1 %cont_hs_is_t_hs_is_t_hs_is_t_hs_is_t_bool_bool_bool_bool_ap_uint_ap_uint_ap_70, void %if.then138, i1 %cont_hs_is_t_hs_is_t_hs_is_t_hs_is_t_bool_bool_bool_bool_ap_uint_ap_uint_ap_70, void %if.else134, i1 0, void %if.else160, i1 0, void %if.then151_ifconv, i1 %cont_hs_is_t_hs_is_t_hs_is_t_hs_is_t_bool_bool_bool_bool_ap_uint_ap_uint_ap_110, void %if.else226, i1 %cont_hs_is_t_hs_is_t_hs_is_t_hs_is_t_bool_bool_bool_bool_ap_uint_ap_uint_ap_110, void %if.end225, i1 0, void %if.else249, i1 0, void %if.else244, i1 0, void %if.then235, i1 0, void %if.else273, i1 0, void %if.then275, i1 0, void %if.then266, i1 0, void %if.then268"   --->   Operation 710 'phi' 'cont_hs_is_t_hs_is_t_hs_is_t_hs_is_t_bool_bool_bool_bool_ap_uint_ap_uint_ap_160' <Predicate = true> <Delay = 0.00>
ST_1 : Operation 711 [1/1] (0.00ns)   --->   "%cont_hs_is_t_hs_is_t_hs_is_t_hs_is_t_bool_bool_bool_bool_ap_uint_ap_uint_ap_161 = phi i33 0, void %if.then, i33 0, void %sw.bb, i33 0, void %if.end317, i33 %sext_ln1031_1, void %if.then122, i33 %sext_ln1031_1, void %if.then138, i33 %sext_ln1031_1, void %if.else134, i33 0, void %if.else160, i33 0, void %if.then151_ifconv, i33 %cont_hs_is_t_hs_is_t_hs_is_t_hs_is_t_bool_bool_bool_bool_ap_uint_ap_uint_ap_111, void %if.else226, i33 %cont_hs_is_t_hs_is_t_hs_is_t_hs_is_t_bool_bool_bool_bool_ap_uint_ap_uint_ap_111, void %if.end225, i33 0, void %if.else249, i33 0, void %if.else244, i33 0, void %if.then235, i33 0, void %if.else273, i33 0, void %if.then275, i33 0, void %if.then266, i33 0, void %if.then268"   --->   Operation 711 'phi' 'cont_hs_is_t_hs_is_t_hs_is_t_hs_is_t_bool_bool_bool_bool_ap_uint_ap_uint_ap_161' <Predicate = true> <Delay = 0.00>
ST_1 : Operation 712 [1/1] (0.00ns)   --->   "%p_ZZ4contP7hs_is_tS0_S0_S0_bbbb7ap_uintILi5EES1_ILi11EEPS3_PbE8buffer_a_10_flag_6 = phi i1 0, void %if.then, i1 0, void %sw.bb, i1 0, void %if.end317, i1 %p_ZZ4contP7hs_is_tS0_S0_S0_bbbb7ap_uintILi5EES1_ILi11EEPS3_PbE8buffer_a_10_flag_3, void %if.then122, i1 %p_ZZ4contP7hs_is_tS0_S0_S0_bbbb7ap_uintILi5EES1_ILi11EEPS3_PbE8buffer_a_10_flag_3, void %if.then138, i1 %p_ZZ4contP7hs_is_tS0_S0_S0_bbbb7ap_uintILi5EES1_ILi11EEPS3_PbE8buffer_a_10_flag_3, void %if.else134, i1 0, void %if.else160, i1 0, void %if.then151_ifconv, i1 %p_ZZ4contP7hs_is_tS0_S0_S0_bbbb7ap_uintILi5EES1_ILi11EEPS3_PbE8buffer_a_10_flag_5, void %if.else226, i1 %p_ZZ4contP7hs_is_tS0_S0_S0_bbbb7ap_uintILi5EES1_ILi11EEPS3_PbE8buffer_a_10_flag_5, void %if.end225, i1 0, void %if.else249, i1 0, void %if.else244, i1 0, void %if.then235, i1 0, void %if.else273, i1 0, void %if.then275, i1 0, void %if.then266, i1 0, void %if.then268"   --->   Operation 712 'phi' 'p_ZZ4contP7hs_is_tS0_S0_S0_bbbb7ap_uintILi5EES1_ILi11EEPS3_PbE8buffer_a_10_flag_6' <Predicate = true> <Delay = 0.00>
ST_1 : Operation 713 [1/1] (0.00ns)   --->   "%p_ZZ4contP7hs_is_tS0_S0_S0_bbbb7ap_uintILi5EES1_ILi11EEPS3_PbE8buffer_a_10_new_6 = phi i33 0, void %if.then, i33 0, void %sw.bb, i33 0, void %if.end317, i33 %sext_ln1031_1, void %if.then122, i33 %sext_ln1031_1, void %if.then138, i33 %sext_ln1031_1, void %if.else134, i33 0, void %if.else160, i33 0, void %if.then151_ifconv, i33 %p_ZZ4contP7hs_is_tS0_S0_S0_bbbb7ap_uintILi5EES1_ILi11EEPS3_PbE8buffer_a_10_new_5, void %if.else226, i33 %p_ZZ4contP7hs_is_tS0_S0_S0_bbbb7ap_uintILi5EES1_ILi11EEPS3_PbE8buffer_a_10_new_5, void %if.end225, i33 0, void %if.else249, i33 0, void %if.else244, i33 0, void %if.then235, i33 0, void %if.else273, i33 0, void %if.then275, i33 0, void %if.then266, i33 0, void %if.then268"   --->   Operation 713 'phi' 'p_ZZ4contP7hs_is_tS0_S0_S0_bbbb7ap_uintILi5EES1_ILi11EEPS3_PbE8buffer_a_10_new_6' <Predicate = true> <Delay = 0.00>
ST_1 : Operation 714 [1/1] (0.00ns)   --->   "%cont_mulmulmulmulmulmulhs_is_t_hs_is_t_hs_is_t_hs_is_t_bool_bool_bool_bool_ap_uint_5_ap_uint_11_ap_uint_11_bool_buffer_a_float_long_signed_char_float128_6 = phi i1 0, void %if.then, i1 0, void %sw.bb, i1 0, void %if.end317, i1 %cont_mulmulmulmulmulmulhs_is_t_hs_is_t_hs_is_t_hs_is_t_bool_bool_bool_bool_ap_uint_5_ap_uint_11_ap_uint_11_bool_buffer_a_float_long_signed_char_float128_3, void %if.then122, i1 %cont_mulmulmulmulmulmulhs_is_t_hs_is_t_hs_is_t_hs_is_t_bool_bool_bool_bool_ap_uint_5_ap_uint_11_ap_uint_11_bool_buffer_a_float_long_signed_char_float128_3, void %if.then138, i1 %cont_mulmulmulmulmulmulhs_is_t_hs_is_t_hs_is_t_hs_is_t_bool_bool_bool_bool_ap_uint_5_ap_uint_11_ap_uint_11_bool_buffer_a_float_long_signed_char_float128_3, void %if.else134, i1 0, void %if.else160, i1 0, void %if.then151_ifconv, i1 %cont_mulmulmulmulmulmulhs_is_t_hs_is_t_hs_is_t_hs_is_t_bool_bool_bool_bool_ap_uint_5_ap_uint_11_ap_uint_11_bool_buffer_a_float_long_signed_char_float128_5, void %if.else226, i1 %cont_mulmulmulmulmulmulhs_is_t_hs_is_t_hs_is_t_hs_is_t_bool_bool_bool_bool_ap_uint_5_ap_uint_11_ap_uint_11_bool_buffer_a_float_long_signed_char_float128_5, void %if.end225, i1 0, void %if.else249, i1 0, void %if.else244, i1 0, void %if.then235, i1 0, void %if.else273, i1 0, void %if.then275, i1 0, void %if.then266, i1 0, void %if.then268"   --->   Operation 714 'phi' 'cont_mulmulmulmulmulmulhs_is_t_hs_is_t_hs_is_t_hs_is_t_bool_bool_bool_bool_ap_uint_5_ap_uint_11_ap_uint_11_bool_buffer_a_float_long_signed_char_float128_6' <Predicate = true> <Delay = 0.00>
ST_1 : Operation 715 [1/1] (0.00ns)   --->   "%cont_mulmulmulmulmulmulhs_is_t_hs_is_t_hs_is_t_hs_is_t_bool_bool_bool_bool_ap_uint_5_ap_uint_11_ap_uint_11_bool_buffer_a_int128_long_double_wchar_t_6 = phi i33 0, void %if.then, i33 0, void %sw.bb, i33 0, void %if.end317, i33 %sext_ln1031_1, void %if.then122, i33 %sext_ln1031_1, void %if.then138, i33 %sext_ln1031_1, void %if.else134, i33 0, void %if.else160, i33 0, void %if.then151_ifconv, i33 %cont_mulmulmulmulmulmulhs_is_t_hs_is_t_hs_is_t_hs_is_t_bool_bool_bool_bool_ap_uint_5_ap_uint_11_ap_uint_11_bool_buffer_a_int128_long_double_wchar_t_5, void %if.else226, i33 %cont_mulmulmulmulmulmulhs_is_t_hs_is_t_hs_is_t_hs_is_t_bool_bool_bool_bool_ap_uint_5_ap_uint_11_ap_uint_11_bool_buffer_a_int128_long_double_wchar_t_5, void %if.end225, i33 0, void %if.else249, i33 0, void %if.else244, i33 0, void %if.then235, i33 0, void %if.else273, i33 0, void %if.then275, i33 0, void %if.then266, i33 0, void %if.then268"   --->   Operation 715 'phi' 'cont_mulmulmulmulmulmulhs_is_t_hs_is_t_hs_is_t_hs_is_t_bool_bool_bool_bool_ap_uint_5_ap_uint_11_ap_uint_11_bool_buffer_a_int128_long_double_wchar_t_6' <Predicate = true> <Delay = 0.00>
ST_1 : Operation 716 [1/1] (0.00ns)   --->   "%cont_mulmulmulmulmulmulhs_is_t_hs_is_t_hs_is_t_hs_is_t_bool_bool_bool_bool_ap_uint_5_ap_uint_11_ap_uint_11_bool_buffer_a_f_long_signed_char_float128_6 = phi i1 0, void %if.then, i1 0, void %sw.bb, i1 0, void %if.end317, i1 %cont_mulmulmulmulmulmulhs_is_t_hs_is_t_hs_is_t_hs_is_t_bool_bool_bool_bool_ap_uint_5_ap_uint_11_ap_uint_11_bool_buffer_a_f_long_signed_char_float128_3, void %if.then122, i1 %cont_mulmulmulmulmulmulhs_is_t_hs_is_t_hs_is_t_hs_is_t_bool_bool_bool_bool_ap_uint_5_ap_uint_11_ap_uint_11_bool_buffer_a_f_long_signed_char_float128_3, void %if.then138, i1 %cont_mulmulmulmulmulmulhs_is_t_hs_is_t_hs_is_t_hs_is_t_bool_bool_bool_bool_ap_uint_5_ap_uint_11_ap_uint_11_bool_buffer_a_f_long_signed_char_float128_3, void %if.else134, i1 0, void %if.else160, i1 0, void %if.then151_ifconv, i1 %cont_mulmulmulmulmulmulhs_is_t_hs_is_t_hs_is_t_hs_is_t_bool_bool_bool_bool_ap_uint_5_ap_uint_11_ap_uint_11_bool_buffer_a_f_long_signed_char_float128_5, void %if.else226, i1 %cont_mulmulmulmulmulmulhs_is_t_hs_is_t_hs_is_t_hs_is_t_bool_bool_bool_bool_ap_uint_5_ap_uint_11_ap_uint_11_bool_buffer_a_f_long_signed_char_float128_5, void %if.end225, i1 0, void %if.else249, i1 0, void %if.else244, i1 0, void %if.then235, i1 0, void %if.else273, i1 0, void %if.then275, i1 0, void %if.then266, i1 0, void %if.then268"   --->   Operation 716 'phi' 'cont_mulmulmulmulmulmulhs_is_t_hs_is_t_hs_is_t_hs_is_t_bool_bool_bool_bool_ap_uint_5_ap_uint_11_ap_uint_11_bool_buffer_a_f_long_signed_char_float128_6' <Predicate = true> <Delay = 0.00>
ST_1 : Operation 717 [1/1] (0.00ns)   --->   "%cont_mulmulmulmulmulmulhs_is_t_hs_is_t_hs_is_t_hs_is_t_bool_bool_bool_bool_ap_uint_5_ap_uint_11_ap_uint_11_bool_buffer_a_n_long_double_wchar_t_6 = phi i33 0, void %if.then, i33 0, void %sw.bb, i33 0, void %if.end317, i33 %sext_ln1031_1, void %if.then122, i33 %sext_ln1031_1, void %if.then138, i33 %sext_ln1031_1, void %if.else134, i33 0, void %if.else160, i33 0, void %if.then151_ifconv, i33 %cont_mulmulmulmulmulmulhs_is_t_hs_is_t_hs_is_t_hs_is_t_bool_bool_bool_bool_ap_uint_5_ap_uint_11_ap_uint_11_bool_buffer_a_n_long_double_wchar_t_5, void %if.else226, i33 %cont_mulmulmulmulmulmulhs_is_t_hs_is_t_hs_is_t_hs_is_t_bool_bool_bool_bool_ap_uint_5_ap_uint_11_ap_uint_11_bool_buffer_a_n_long_double_wchar_t_5, void %if.end225, i33 0, void %if.else249, i33 0, void %if.else244, i33 0, void %if.then235, i33 0, void %if.else273, i33 0, void %if.then275, i33 0, void %if.then266, i33 0, void %if.then268"   --->   Operation 717 'phi' 'cont_mulmulmulmulmulmulhs_is_t_hs_is_t_hs_is_t_hs_is_t_bool_bool_bool_bool_ap_uint_5_ap_uint_11_ap_uint_11_bool_buffer_a_n_long_double_wchar_t_6' <Predicate = true> <Delay = 0.00>
ST_1 : Operation 718 [1/1] (0.00ns)   --->   "%cont_mulmulmulmulmulmulhs_is_t_hs_is_t_hs_is_t_hs_is_t_bool_bool_bool_bool_ap_uint_5_ap_uint_11_ap_uint_11_bool_buffer_a_fl_signed_char_float128_6 = phi i1 0, void %if.then, i1 0, void %sw.bb, i1 0, void %if.end317, i1 %cont_mulmulmulmulmulmulhs_is_t_hs_is_t_hs_is_t_hs_is_t_bool_bool_bool_bool_ap_uint_5_ap_uint_11_ap_uint_11_bool_buffer_a_fl_signed_char_float128_3, void %if.then122, i1 %cont_mulmulmulmulmulmulhs_is_t_hs_is_t_hs_is_t_hs_is_t_bool_bool_bool_bool_ap_uint_5_ap_uint_11_ap_uint_11_bool_buffer_a_fl_signed_char_float128_3, void %if.then138, i1 %cont_mulmulmulmulmulmulhs_is_t_hs_is_t_hs_is_t_hs_is_t_bool_bool_bool_bool_ap_uint_5_ap_uint_11_ap_uint_11_bool_buffer_a_fl_signed_char_float128_3, void %if.else134, i1 0, void %if.else160, i1 0, void %if.then151_ifconv, i1 %cont_mulmulmulmulmulmulhs_is_t_hs_is_t_hs_is_t_hs_is_t_bool_bool_bool_bool_ap_uint_5_ap_uint_11_ap_uint_11_bool_buffer_a_fl_signed_char_float128_5, void %if.else226, i1 %cont_mulmulmulmulmulmulhs_is_t_hs_is_t_hs_is_t_hs_is_t_bool_bool_bool_bool_ap_uint_5_ap_uint_11_ap_uint_11_bool_buffer_a_fl_signed_char_float128_5, void %if.end225, i1 0, void %if.else249, i1 0, void %if.else244, i1 0, void %if.then235, i1 0, void %if.else273, i1 0, void %if.then275, i1 0, void %if.then266, i1 0, void %if.then268"   --->   Operation 718 'phi' 'cont_mulmulmulmulmulmulhs_is_t_hs_is_t_hs_is_t_hs_is_t_bool_bool_bool_bool_ap_uint_5_ap_uint_11_ap_uint_11_bool_buffer_a_fl_signed_char_float128_6' <Predicate = true> <Delay = 0.00>
ST_1 : Operation 719 [1/1] (0.00ns)   --->   "%cont_mulmulmulmulmulmulhs_is_t_hs_is_t_hs_is_t_hs_is_t_bool_bool_bool_bool_ap_uint_5_ap_uint_11_ap_uint_11_bool_buffer_a_ne_wchar_t_6 = phi i33 0, void %if.then, i33 0, void %sw.bb, i33 0, void %if.end317, i33 %sext_ln1031_1, void %if.then122, i33 %sext_ln1031_1, void %if.then138, i33 %sext_ln1031_1, void %if.else134, i33 0, void %if.else160, i33 0, void %if.then151_ifconv, i33 %cont_mulmulmulmulmulmulhs_is_t_hs_is_t_hs_is_t_hs_is_t_bool_bool_bool_bool_ap_uint_5_ap_uint_11_ap_uint_11_bool_buffer_a_ne_wchar_t_5, void %if.else226, i33 %cont_mulmulmulmulmulmulhs_is_t_hs_is_t_hs_is_t_hs_is_t_bool_bool_bool_bool_ap_uint_5_ap_uint_11_ap_uint_11_bool_buffer_a_ne_wchar_t_5, void %if.end225, i33 0, void %if.else249, i33 0, void %if.else244, i33 0, void %if.then235, i33 0, void %if.else273, i33 0, void %if.then275, i33 0, void %if.then266, i33 0, void %if.then268"   --->   Operation 719 'phi' 'cont_mulmulmulmulmulmulhs_is_t_hs_is_t_hs_is_t_hs_is_t_bool_bool_bool_bool_ap_uint_5_ap_uint_11_ap_uint_11_bool_buffer_a_ne_wchar_t_6' <Predicate = true> <Delay = 0.00>
ST_1 : Operation 720 [1/1] (0.00ns)   --->   "%cont_mulmulmulmulmulmulhs_is_t_hs_is_t_hs_is_t_hs_is_t_bool_bool_bool_bool_ap_uint_5_ap_uint_11_ap_uint_11_bool_buffer_a_fla_float128_6 = phi i1 0, void %if.then, i1 0, void %sw.bb, i1 0, void %if.end317, i1 %cont_mulmulmulmulmulmulhs_is_t_hs_is_t_hs_is_t_hs_is_t_bool_bool_bool_bool_ap_uint_5_ap_uint_11_ap_uint_11_bool_buffer_a_fla_float128_3, void %if.then122, i1 %cont_mulmulmulmulmulmulhs_is_t_hs_is_t_hs_is_t_hs_is_t_bool_bool_bool_bool_ap_uint_5_ap_uint_11_ap_uint_11_bool_buffer_a_fla_float128_3, void %if.then138, i1 %cont_mulmulmulmulmulmulhs_is_t_hs_is_t_hs_is_t_hs_is_t_bool_bool_bool_bool_ap_uint_5_ap_uint_11_ap_uint_11_bool_buffer_a_fla_float128_3, void %if.else134, i1 0, void %if.else160, i1 0, void %if.then151_ifconv, i1 %cont_mulmulmulmulmulmulhs_is_t_hs_is_t_hs_is_t_hs_is_t_bool_bool_bool_bool_ap_uint_5_ap_uint_11_ap_uint_11_bool_buffer_a_fla_float128_5, void %if.else226, i1 %cont_mulmulmulmulmulmulhs_is_t_hs_is_t_hs_is_t_hs_is_t_bool_bool_bool_bool_ap_uint_5_ap_uint_11_ap_uint_11_bool_buffer_a_fla_float128_5, void %if.end225, i1 0, void %if.else249, i1 0, void %if.else244, i1 0, void %if.then235, i1 0, void %if.else273, i1 0, void %if.then275, i1 0, void %if.then266, i1 0, void %if.then268"   --->   Operation 720 'phi' 'cont_mulmulmulmulmulmulhs_is_t_hs_is_t_hs_is_t_hs_is_t_bool_bool_bool_bool_ap_uint_5_ap_uint_11_ap_uint_11_bool_buffer_a_fla_float128_6' <Predicate = true> <Delay = 0.00>
ST_1 : Operation 721 [1/1] (0.00ns)   --->   "%cont_mulmulmulmulmulmulhs_is_t_hs_is_t_hs_is_t_hs_is_t_bool_bool_bool_bool_ap_uint_5_ap_uint_11_ap_uint_11_bool_buffer_a_new_6 = phi i33 0, void %if.then, i33 0, void %sw.bb, i33 0, void %if.end317, i33 %sext_ln1031_1, void %if.then122, i33 %sext_ln1031_1, void %if.then138, i33 %sext_ln1031_1, void %if.else134, i33 0, void %if.else160, i33 0, void %if.then151_ifconv, i33 %cont_mulmulmulmulmulmulhs_is_t_hs_is_t_hs_is_t_hs_is_t_bool_bool_bool_bool_ap_uint_5_ap_uint_11_ap_uint_11_bool_buffer_a_new_5, void %if.else226, i33 %cont_mulmulmulmulmulmulhs_is_t_hs_is_t_hs_is_t_hs_is_t_bool_bool_bool_bool_ap_uint_5_ap_uint_11_ap_uint_11_bool_buffer_a_new_5, void %if.end225, i33 0, void %if.else249, i33 0, void %if.else244, i33 0, void %if.then235, i33 0, void %if.else273, i33 0, void %if.then275, i33 0, void %if.then266, i33 0, void %if.then268"   --->   Operation 721 'phi' 'cont_mulmulmulmulmulmulhs_is_t_hs_is_t_hs_is_t_hs_is_t_bool_bool_bool_bool_ap_uint_5_ap_uint_11_ap_uint_11_bool_buffer_a_new_6' <Predicate = true> <Delay = 0.00>
ST_1 : Operation 722 [1/1] (0.00ns)   --->   "%cont_mulmulmulmulmulmulhs_is_t_hs_is_t_hs_is_t_hs_is_t_bool_bool_bool_bool_ap_uint_5_ap_uint_11_ap_uint_11_bool_buffer_a_flag_6 = phi i1 0, void %if.then, i1 0, void %sw.bb, i1 0, void %if.end317, i1 %cont_mulmulmulmulmulmulhs_is_t_hs_is_t_hs_is_t_hs_is_t_bool_bool_bool_bool_ap_uint_5_ap_uint_11_ap_uint_11_bool_buffer_a_flag_3, void %if.then122, i1 %cont_mulmulmulmulmulmulhs_is_t_hs_is_t_hs_is_t_hs_is_t_bool_bool_bool_bool_ap_uint_5_ap_uint_11_ap_uint_11_bool_buffer_a_flag_3, void %if.then138, i1 %cont_mulmulmulmulmulmulhs_is_t_hs_is_t_hs_is_t_hs_is_t_bool_bool_bool_bool_ap_uint_5_ap_uint_11_ap_uint_11_bool_buffer_a_flag_3, void %if.else134, i1 0, void %if.else160, i1 0, void %if.then151_ifconv, i1 %cont_mulmulmulmulmulmulhs_is_t_hs_is_t_hs_is_t_hs_is_t_bool_bool_bool_bool_ap_uint_5_ap_uint_11_ap_uint_11_bool_buffer_a_flag_5, void %if.else226, i1 %cont_mulmulmulmulmulmulhs_is_t_hs_is_t_hs_is_t_hs_is_t_bool_bool_bool_bool_ap_uint_5_ap_uint_11_ap_uint_11_bool_buffer_a_flag_5, void %if.end225, i1 0, void %if.else249, i1 0, void %if.else244, i1 0, void %if.then235, i1 0, void %if.else273, i1 0, void %if.then275, i1 0, void %if.then266, i1 0, void %if.then268"   --->   Operation 722 'phi' 'cont_mulmulmulmulmulmulhs_is_t_hs_is_t_hs_is_t_hs_is_t_bool_bool_bool_bool_ap_uint_5_ap_uint_11_ap_uint_11_bool_buffer_a_flag_6' <Predicate = true> <Delay = 0.00>
ST_1 : Operation 723 [1/1] (0.00ns)   --->   "%p_ZZ4contP7hs_is_tS0_S0_S0_bbbb7ap_uintILi5EES1_ILi11EEPS3_PbE8buffer_a_15_new_6 = phi i33 0, void %if.then, i33 0, void %sw.bb, i33 0, void %if.end317, i33 %sext_ln1031_1, void %if.then122, i33 %sext_ln1031_1, void %if.then138, i33 %sext_ln1031_1, void %if.else134, i33 0, void %if.else160, i33 0, void %if.then151_ifconv, i33 %p_ZZ4contP7hs_is_tS0_S0_S0_bbbb7ap_uintILi5EES1_ILi11EEPS3_PbE8buffer_a_15_new_5, void %if.else226, i33 %p_ZZ4contP7hs_is_tS0_S0_S0_bbbb7ap_uintILi5EES1_ILi11EEPS3_PbE8buffer_a_15_new_5, void %if.end225, i33 0, void %if.else249, i33 0, void %if.else244, i33 0, void %if.then235, i33 0, void %if.else273, i33 0, void %if.then275, i33 0, void %if.then266, i33 0, void %if.then268"   --->   Operation 723 'phi' 'p_ZZ4contP7hs_is_tS0_S0_S0_bbbb7ap_uintILi5EES1_ILi11EEPS3_PbE8buffer_a_15_new_6' <Predicate = true> <Delay = 0.00>
ST_1 : Operation 724 [1/1] (0.00ns)   --->   "%p_ZZ4contP7hs_is_tS0_S0_S0_bbbb7ap_uintILi5EES1_ILi11EEPS3_PbE8buffer_a_16_flag_6 = phi i1 0, void %if.then, i1 0, void %sw.bb, i1 0, void %if.end317, i1 %p_ZZ4contP7hs_is_tS0_S0_S0_bbbb7ap_uintILi5EES1_ILi11EEPS3_PbE8buffer_a_16_flag_3, void %if.then122, i1 %p_ZZ4contP7hs_is_tS0_S0_S0_bbbb7ap_uintILi5EES1_ILi11EEPS3_PbE8buffer_a_16_flag_3, void %if.then138, i1 %p_ZZ4contP7hs_is_tS0_S0_S0_bbbb7ap_uintILi5EES1_ILi11EEPS3_PbE8buffer_a_16_flag_3, void %if.else134, i1 0, void %if.else160, i1 0, void %if.then151_ifconv, i1 %p_ZZ4contP7hs_is_tS0_S0_S0_bbbb7ap_uintILi5EES1_ILi11EEPS3_PbE8buffer_a_16_flag_5, void %if.else226, i1 %p_ZZ4contP7hs_is_tS0_S0_S0_bbbb7ap_uintILi5EES1_ILi11EEPS3_PbE8buffer_a_16_flag_5, void %if.end225, i1 0, void %if.else249, i1 0, void %if.else244, i1 0, void %if.then235, i1 0, void %if.else273, i1 0, void %if.then275, i1 0, void %if.then266, i1 0, void %if.then268"   --->   Operation 724 'phi' 'p_ZZ4contP7hs_is_tS0_S0_S0_bbbb7ap_uintILi5EES1_ILi11EEPS3_PbE8buffer_a_16_flag_6' <Predicate = true> <Delay = 0.00>
ST_1 : Operation 725 [1/1] (0.00ns)   --->   "%cont_hs_is_t_hs_is_t_hs_is_t_hs_is_t_bool_bool_bool_bool_ap_uint_5_ap_uint_11_ap_uint_11_bool_buffer_a_32 = phi i33 0, void %if.then, i33 0, void %sw.bb, i33 0, void %if.end317, i33 %sext_ln1031_1, void %if.then122, i33 %sext_ln1031_1, void %if.then138, i33 %sext_ln1031_1, void %if.else134, i33 0, void %if.else160, i33 0, void %if.then151_ifconv, i33 %cont_hs_is_t_hs_is_t_hs_is_t_hs_is_t_bool_bool_bool_bool_ap_uint_5_ap_uint_11_ap_uint_11_bool_buffer_a_27, void %if.else226, i33 %cont_hs_is_t_hs_is_t_hs_is_t_hs_is_t_bool_bool_bool_bool_ap_uint_5_ap_uint_11_ap_uint_11_bool_buffer_a_27, void %if.end225, i33 0, void %if.else249, i33 0, void %if.else244, i33 0, void %if.then235, i33 0, void %if.else273, i33 0, void %if.then275, i33 0, void %if.then266, i33 0, void %if.then268"   --->   Operation 725 'phi' 'cont_hs_is_t_hs_is_t_hs_is_t_hs_is_t_bool_bool_bool_bool_ap_uint_5_ap_uint_11_ap_uint_11_bool_buffer_a_32' <Predicate = true> <Delay = 0.00>
ST_1 : Operation 726 [1/1] (0.00ns)   --->   "%cont_hs_is_t_hs_is_t_hs_is_t_hs_is_t_bool_bool_bool_bool_ap_uint_5_ap_uint_11_ap_uint_11_bool_buffer_a_33 = phi i1 0, void %if.then, i1 0, void %sw.bb, i1 0, void %if.end317, i1 %cont_hs_is_t_hs_is_t_hs_is_t_hs_is_t_bool_bool_bool_bool_ap_uint_5_ap_uint_11_ap_uint_11_bool_buffer_a_24, void %if.then122, i1 %cont_hs_is_t_hs_is_t_hs_is_t_hs_is_t_bool_bool_bool_bool_ap_uint_5_ap_uint_11_ap_uint_11_bool_buffer_a_24, void %if.then138, i1 %cont_hs_is_t_hs_is_t_hs_is_t_hs_is_t_bool_bool_bool_bool_ap_uint_5_ap_uint_11_ap_uint_11_bool_buffer_a_24, void %if.else134, i1 0, void %if.else160, i1 0, void %if.then151_ifconv, i1 %cont_hs_is_t_hs_is_t_hs_is_t_hs_is_t_bool_bool_bool_bool_ap_uint_5_ap_uint_11_ap_uint_11_bool_buffer_a_28, void %if.else226, i1 %cont_hs_is_t_hs_is_t_hs_is_t_hs_is_t_bool_bool_bool_bool_ap_uint_5_ap_uint_11_ap_uint_11_bool_buffer_a_28, void %if.end225, i1 0, void %if.else249, i1 0, void %if.else244, i1 0, void %if.then235, i1 0, void %if.else273, i1 0, void %if.then275, i1 0, void %if.then266, i1 0, void %if.then268"   --->   Operation 726 'phi' 'cont_hs_is_t_hs_is_t_hs_is_t_hs_is_t_bool_bool_bool_bool_ap_uint_5_ap_uint_11_ap_uint_11_bool_buffer_a_33' <Predicate = true> <Delay = 0.00>
ST_1 : Operation 727 [1/1] (0.00ns)   --->   "%p_ZZ4contP7hs_is_tS0_S0_S0_bbbb7ap_uintILi5EES1_ILi11EEPS3_PbE8buffer_a_17_new_6 = phi i33 0, void %if.then, i33 0, void %sw.bb, i33 0, void %if.end317, i33 %sext_ln1031_1, void %if.then122, i33 %sext_ln1031_1, void %if.then138, i33 %sext_ln1031_1, void %if.else134, i33 0, void %if.else160, i33 0, void %if.then151_ifconv, i33 %p_ZZ4contP7hs_is_tS0_S0_S0_bbbb7ap_uintILi5EES1_ILi11EEPS3_PbE8buffer_a_17_new_5, void %if.else226, i33 %p_ZZ4contP7hs_is_tS0_S0_S0_bbbb7ap_uintILi5EES1_ILi11EEPS3_PbE8buffer_a_17_new_5, void %if.end225, i33 0, void %if.else249, i33 0, void %if.else244, i33 0, void %if.then235, i33 0, void %if.else273, i33 0, void %if.then275, i33 0, void %if.then266, i33 0, void %if.then268"   --->   Operation 727 'phi' 'p_ZZ4contP7hs_is_tS0_S0_S0_bbbb7ap_uintILi5EES1_ILi11EEPS3_PbE8buffer_a_17_new_6' <Predicate = true> <Delay = 0.00>
ST_1 : Operation 728 [1/1] (0.00ns)   --->   "%p_ZZ4contP7hs_is_tS0_S0_S0_bbbb7ap_uintILi5EES1_ILi11EEPS3_PbE8buffer_a_18_flag_6 = phi i1 0, void %if.then, i1 0, void %sw.bb, i1 0, void %if.end317, i1 %p_ZZ4contP7hs_is_tS0_S0_S0_bbbb7ap_uintILi5EES1_ILi11EEPS3_PbE8buffer_a_18_flag_3, void %if.then122, i1 %p_ZZ4contP7hs_is_tS0_S0_S0_bbbb7ap_uintILi5EES1_ILi11EEPS3_PbE8buffer_a_18_flag_3, void %if.then138, i1 %p_ZZ4contP7hs_is_tS0_S0_S0_bbbb7ap_uintILi5EES1_ILi11EEPS3_PbE8buffer_a_18_flag_3, void %if.else134, i1 0, void %if.else160, i1 0, void %if.then151_ifconv, i1 %p_ZZ4contP7hs_is_tS0_S0_S0_bbbb7ap_uintILi5EES1_ILi11EEPS3_PbE8buffer_a_18_flag_5, void %if.else226, i1 %p_ZZ4contP7hs_is_tS0_S0_S0_bbbb7ap_uintILi5EES1_ILi11EEPS3_PbE8buffer_a_18_flag_5, void %if.end225, i1 0, void %if.else249, i1 0, void %if.else244, i1 0, void %if.then235, i1 0, void %if.else273, i1 0, void %if.then275, i1 0, void %if.then266, i1 0, void %if.then268"   --->   Operation 728 'phi' 'p_ZZ4contP7hs_is_tS0_S0_S0_bbbb7ap_uintILi5EES1_ILi11EEPS3_PbE8buffer_a_18_flag_6' <Predicate = true> <Delay = 0.00>
ST_1 : Operation 729 [1/1] (0.00ns)   --->   "%p_ZZ4contP7hs_is_tS0_S0_S0_bbbb7ap_uintILi5EES1_ILi11EEPS3_PbE8buffer_a_18_new_6 = phi i33 0, void %if.then, i33 0, void %sw.bb, i33 0, void %if.end317, i33 %sext_ln1031_1, void %if.then122, i33 %sext_ln1031_1, void %if.then138, i33 %sext_ln1031_1, void %if.else134, i33 0, void %if.else160, i33 0, void %if.then151_ifconv, i33 %p_ZZ4contP7hs_is_tS0_S0_S0_bbbb7ap_uintILi5EES1_ILi11EEPS3_PbE8buffer_a_18_new_5, void %if.else226, i33 %p_ZZ4contP7hs_is_tS0_S0_S0_bbbb7ap_uintILi5EES1_ILi11EEPS3_PbE8buffer_a_18_new_5, void %if.end225, i33 0, void %if.else249, i33 0, void %if.else244, i33 0, void %if.then235, i33 0, void %if.else273, i33 0, void %if.then275, i33 0, void %if.then266, i33 0, void %if.then268"   --->   Operation 729 'phi' 'p_ZZ4contP7hs_is_tS0_S0_S0_bbbb7ap_uintILi5EES1_ILi11EEPS3_PbE8buffer_a_18_new_6' <Predicate = true> <Delay = 0.00>
ST_1 : Operation 730 [1/1] (0.00ns)   --->   "%p_ZZ4contP7hs_is_tS0_S0_S0_bbbb7ap_uintILi5EES1_ILi11EEPS3_PbE8buffer_a_19_flag_6 = phi i1 0, void %if.then, i1 0, void %sw.bb, i1 0, void %if.end317, i1 %p_ZZ4contP7hs_is_tS0_S0_S0_bbbb7ap_uintILi5EES1_ILi11EEPS3_PbE8buffer_a_19_flag_3, void %if.then122, i1 %p_ZZ4contP7hs_is_tS0_S0_S0_bbbb7ap_uintILi5EES1_ILi11EEPS3_PbE8buffer_a_19_flag_3, void %if.then138, i1 %p_ZZ4contP7hs_is_tS0_S0_S0_bbbb7ap_uintILi5EES1_ILi11EEPS3_PbE8buffer_a_19_flag_3, void %if.else134, i1 0, void %if.else160, i1 0, void %if.then151_ifconv, i1 %p_ZZ4contP7hs_is_tS0_S0_S0_bbbb7ap_uintILi5EES1_ILi11EEPS3_PbE8buffer_a_19_flag_5, void %if.else226, i1 %p_ZZ4contP7hs_is_tS0_S0_S0_bbbb7ap_uintILi5EES1_ILi11EEPS3_PbE8buffer_a_19_flag_5, void %if.end225, i1 0, void %if.else249, i1 0, void %if.else244, i1 0, void %if.then235, i1 0, void %if.else273, i1 0, void %if.then275, i1 0, void %if.then266, i1 0, void %if.then268"   --->   Operation 730 'phi' 'p_ZZ4contP7hs_is_tS0_S0_S0_bbbb7ap_uintILi5EES1_ILi11EEPS3_PbE8buffer_a_19_flag_6' <Predicate = true> <Delay = 0.00>
ST_1 : Operation 731 [1/1] (0.00ns)   --->   "%p_ZZ4contP7hs_is_tS0_S0_S0_bbbb7ap_uintILi5EES1_ILi11EEPS3_PbE8buffer_a_19_new_6 = phi i33 0, void %if.then, i33 0, void %sw.bb, i33 0, void %if.end317, i33 %sext_ln1031_1, void %if.then122, i33 %sext_ln1031_1, void %if.then138, i33 %sext_ln1031_1, void %if.else134, i33 0, void %if.else160, i33 0, void %if.then151_ifconv, i33 %p_ZZ4contP7hs_is_tS0_S0_S0_bbbb7ap_uintILi5EES1_ILi11EEPS3_PbE8buffer_a_19_new_5, void %if.else226, i33 %p_ZZ4contP7hs_is_tS0_S0_S0_bbbb7ap_uintILi5EES1_ILi11EEPS3_PbE8buffer_a_19_new_5, void %if.end225, i33 0, void %if.else249, i33 0, void %if.else244, i33 0, void %if.then235, i33 0, void %if.else273, i33 0, void %if.then275, i33 0, void %if.then266, i33 0, void %if.then268"   --->   Operation 731 'phi' 'p_ZZ4contP7hs_is_tS0_S0_S0_bbbb7ap_uintILi5EES1_ILi11EEPS3_PbE8buffer_a_19_new_6' <Predicate = true> <Delay = 0.00>
ST_1 : Operation 732 [1/1] (0.00ns)   --->   "%cont_hs_is_t_hs_is_t_hs_is_t_hs_is_t_bool_bool_bool_bool_ap_uint_ap_uint_ap_162 = phi i1 0, void %if.then, i1 0, void %sw.bb, i1 0, void %if.end317, i1 %cont_hs_is_t_hs_is_t_hs_is_t_hs_is_t_bool_bool_bool_bool_ap_uint_ap_uint_ap_71, void %if.then122, i1 %cont_hs_is_t_hs_is_t_hs_is_t_hs_is_t_bool_bool_bool_bool_ap_uint_ap_uint_ap_71, void %if.then138, i1 %cont_hs_is_t_hs_is_t_hs_is_t_hs_is_t_bool_bool_bool_bool_ap_uint_ap_uint_ap_71, void %if.else134, i1 0, void %if.else160, i1 0, void %if.then151_ifconv, i1 %cont_hs_is_t_hs_is_t_hs_is_t_hs_is_t_bool_bool_bool_bool_ap_uint_ap_uint_ap_122, void %if.else226, i1 %cont_hs_is_t_hs_is_t_hs_is_t_hs_is_t_bool_bool_bool_bool_ap_uint_ap_uint_ap_122, void %if.end225, i1 0, void %if.else249, i1 0, void %if.else244, i1 0, void %if.then235, i1 0, void %if.else273, i1 0, void %if.then275, i1 0, void %if.then266, i1 0, void %if.then268"   --->   Operation 732 'phi' 'cont_hs_is_t_hs_is_t_hs_is_t_hs_is_t_bool_bool_bool_bool_ap_uint_ap_uint_ap_162' <Predicate = true> <Delay = 0.00>
ST_1 : Operation 733 [1/1] (0.00ns)   --->   "%cont_hs_is_t_hs_is_t_hs_is_t_hs_is_t_bool_bool_bool_bool_ap_uint_ap_uint_ap_163 = phi i33 0, void %if.then, i33 0, void %sw.bb, i33 0, void %if.end317, i33 %sext_ln1031, void %if.then122, i33 %sext_ln1031, void %if.then138, i33 %sext_ln1031, void %if.else134, i33 0, void %if.else160, i33 0, void %if.then151_ifconv, i33 %cont_hs_is_t_hs_is_t_hs_is_t_hs_is_t_bool_bool_bool_bool_ap_uint_ap_uint_ap_123, void %if.else226, i33 %cont_hs_is_t_hs_is_t_hs_is_t_hs_is_t_bool_bool_bool_bool_ap_uint_ap_uint_ap_123, void %if.end225, i33 0, void %if.else249, i33 0, void %if.else244, i33 0, void %if.then235, i33 0, void %if.else273, i33 0, void %if.then275, i33 0, void %if.then266, i33 0, void %if.then268"   --->   Operation 733 'phi' 'cont_hs_is_t_hs_is_t_hs_is_t_hs_is_t_bool_bool_bool_bool_ap_uint_ap_uint_ap_163' <Predicate = true> <Delay = 0.00>
ST_1 : Operation 734 [1/1] (0.00ns)   --->   "%cont_hs_is_t_hs_is_t_hs_is_t_hs_is_t_bool_bool_bool_bool_ap_uint_ap_uint_ap_164 = phi i1 0, void %if.then, i1 0, void %sw.bb, i1 0, void %if.end317, i1 %cont_hs_is_t_hs_is_t_hs_is_t_hs_is_t_bool_bool_bool_bool_ap_uint_ap_uint_ap_73, void %if.then122, i1 %cont_hs_is_t_hs_is_t_hs_is_t_hs_is_t_bool_bool_bool_bool_ap_uint_ap_uint_ap_73, void %if.then138, i1 %cont_hs_is_t_hs_is_t_hs_is_t_hs_is_t_bool_bool_bool_bool_ap_uint_ap_uint_ap_73, void %if.else134, i1 0, void %if.else160, i1 0, void %if.then151_ifconv, i1 %cont_hs_is_t_hs_is_t_hs_is_t_hs_is_t_bool_bool_bool_bool_ap_uint_ap_uint_ap_124, void %if.else226, i1 %cont_hs_is_t_hs_is_t_hs_is_t_hs_is_t_bool_bool_bool_bool_ap_uint_ap_uint_ap_124, void %if.end225, i1 0, void %if.else249, i1 0, void %if.else244, i1 0, void %if.then235, i1 0, void %if.else273, i1 0, void %if.then275, i1 0, void %if.then266, i1 0, void %if.then268"   --->   Operation 734 'phi' 'cont_hs_is_t_hs_is_t_hs_is_t_hs_is_t_bool_bool_bool_bool_ap_uint_ap_uint_ap_164' <Predicate = true> <Delay = 0.00>
ST_1 : Operation 735 [1/1] (0.00ns)   --->   "%cont_hs_is_t_hs_is_t_hs_is_t_hs_is_t_bool_bool_bool_bool_ap_uint_ap_uint_ap_165 = phi i33 0, void %if.then, i33 0, void %sw.bb, i33 0, void %if.end317, i33 %sext_ln1031, void %if.then122, i33 %sext_ln1031, void %if.then138, i33 %sext_ln1031, void %if.else134, i33 0, void %if.else160, i33 0, void %if.then151_ifconv, i33 %cont_hs_is_t_hs_is_t_hs_is_t_hs_is_t_bool_bool_bool_bool_ap_uint_ap_uint_ap_125, void %if.else226, i33 %cont_hs_is_t_hs_is_t_hs_is_t_hs_is_t_bool_bool_bool_bool_ap_uint_ap_uint_ap_125, void %if.end225, i33 0, void %if.else249, i33 0, void %if.else244, i33 0, void %if.then235, i33 0, void %if.else273, i33 0, void %if.then275, i33 0, void %if.then266, i33 0, void %if.then268"   --->   Operation 735 'phi' 'cont_hs_is_t_hs_is_t_hs_is_t_hs_is_t_bool_bool_bool_bool_ap_uint_ap_uint_ap_165' <Predicate = true> <Delay = 0.00>
ST_1 : Operation 736 [1/1] (0.00ns)   --->   "%cont_hs_is_t_hs_is_t_hs_is_t_hs_is_t_bool_bool_bool_bool_ap_uint_ap_uint_ap_166 = phi i1 0, void %if.then, i1 0, void %sw.bb, i1 0, void %if.end317, i1 %cont_hs_is_t_hs_is_t_hs_is_t_hs_is_t_bool_bool_bool_bool_ap_uint_ap_uint_ap_74, void %if.then122, i1 %cont_hs_is_t_hs_is_t_hs_is_t_hs_is_t_bool_bool_bool_bool_ap_uint_ap_uint_ap_74, void %if.then138, i1 %cont_hs_is_t_hs_is_t_hs_is_t_hs_is_t_bool_bool_bool_bool_ap_uint_ap_uint_ap_74, void %if.else134, i1 0, void %if.else160, i1 0, void %if.then151_ifconv, i1 %cont_hs_is_t_hs_is_t_hs_is_t_hs_is_t_bool_bool_bool_bool_ap_uint_ap_uint_ap_126, void %if.else226, i1 %cont_hs_is_t_hs_is_t_hs_is_t_hs_is_t_bool_bool_bool_bool_ap_uint_ap_uint_ap_126, void %if.end225, i1 0, void %if.else249, i1 0, void %if.else244, i1 0, void %if.then235, i1 0, void %if.else273, i1 0, void %if.then275, i1 0, void %if.then266, i1 0, void %if.then268"   --->   Operation 736 'phi' 'cont_hs_is_t_hs_is_t_hs_is_t_hs_is_t_bool_bool_bool_bool_ap_uint_ap_uint_ap_166' <Predicate = true> <Delay = 0.00>
ST_1 : Operation 737 [1/1] (0.00ns)   --->   "%cont_hs_is_t_hs_is_t_hs_is_t_hs_is_t_bool_bool_bool_bool_ap_uint_ap_uint_ap_167 = phi i33 0, void %if.then, i33 0, void %sw.bb, i33 0, void %if.end317, i33 %sext_ln1031, void %if.then122, i33 %sext_ln1031, void %if.then138, i33 %sext_ln1031, void %if.else134, i33 0, void %if.else160, i33 0, void %if.then151_ifconv, i33 %cont_hs_is_t_hs_is_t_hs_is_t_hs_is_t_bool_bool_bool_bool_ap_uint_ap_uint_ap_127, void %if.else226, i33 %cont_hs_is_t_hs_is_t_hs_is_t_hs_is_t_bool_bool_bool_bool_ap_uint_ap_uint_ap_127, void %if.end225, i33 0, void %if.else249, i33 0, void %if.else244, i33 0, void %if.then235, i33 0, void %if.else273, i33 0, void %if.then275, i33 0, void %if.then266, i33 0, void %if.then268"   --->   Operation 737 'phi' 'cont_hs_is_t_hs_is_t_hs_is_t_hs_is_t_bool_bool_bool_bool_ap_uint_ap_uint_ap_167' <Predicate = true> <Delay = 0.00>
ST_1 : Operation 738 [1/1] (0.00ns)   --->   "%cont_hs_is_t_hs_is_t_hs_is_t_hs_is_t_bool_bool_bool_bool_ap_uint_ap_uint_ap_168 = phi i1 0, void %if.then, i1 0, void %sw.bb, i1 0, void %if.end317, i1 %cont_hs_is_t_hs_is_t_hs_is_t_hs_is_t_bool_bool_bool_bool_ap_uint_ap_uint_ap_75, void %if.then122, i1 %cont_hs_is_t_hs_is_t_hs_is_t_hs_is_t_bool_bool_bool_bool_ap_uint_ap_uint_ap_75, void %if.then138, i1 %cont_hs_is_t_hs_is_t_hs_is_t_hs_is_t_bool_bool_bool_bool_ap_uint_ap_uint_ap_75, void %if.else134, i1 0, void %if.else160, i1 0, void %if.then151_ifconv, i1 %cont_hs_is_t_hs_is_t_hs_is_t_hs_is_t_bool_bool_bool_bool_ap_uint_ap_uint_ap_128, void %if.else226, i1 %cont_hs_is_t_hs_is_t_hs_is_t_hs_is_t_bool_bool_bool_bool_ap_uint_ap_uint_ap_128, void %if.end225, i1 0, void %if.else249, i1 0, void %if.else244, i1 0, void %if.then235, i1 0, void %if.else273, i1 0, void %if.then275, i1 0, void %if.then266, i1 0, void %if.then268"   --->   Operation 738 'phi' 'cont_hs_is_t_hs_is_t_hs_is_t_hs_is_t_bool_bool_bool_bool_ap_uint_ap_uint_ap_168' <Predicate = true> <Delay = 0.00>
ST_1 : Operation 739 [1/1] (0.00ns)   --->   "%cont_hs_is_t_hs_is_t_hs_is_t_hs_is_t_bool_bool_bool_bool_ap_uint_ap_uint_ap_169 = phi i33 0, void %if.then, i33 0, void %sw.bb, i33 0, void %if.end317, i33 %sext_ln1031, void %if.then122, i33 %sext_ln1031, void %if.then138, i33 %sext_ln1031, void %if.else134, i33 0, void %if.else160, i33 0, void %if.then151_ifconv, i33 %cont_hs_is_t_hs_is_t_hs_is_t_hs_is_t_bool_bool_bool_bool_ap_uint_ap_uint_ap_129, void %if.else226, i33 %cont_hs_is_t_hs_is_t_hs_is_t_hs_is_t_bool_bool_bool_bool_ap_uint_ap_uint_ap_129, void %if.end225, i33 0, void %if.else249, i33 0, void %if.else244, i33 0, void %if.then235, i33 0, void %if.else273, i33 0, void %if.then275, i33 0, void %if.then266, i33 0, void %if.then268"   --->   Operation 739 'phi' 'cont_hs_is_t_hs_is_t_hs_is_t_hs_is_t_bool_bool_bool_bool_ap_uint_ap_uint_ap_169' <Predicate = true> <Delay = 0.00>
ST_1 : Operation 740 [1/1] (0.00ns)   --->   "%cont_hs_is_t_hs_is_t_hs_is_t_hs_is_t_bool_bool_bool_bool_ap_uint_ap_uint_ap_170 = phi i1 0, void %if.then, i1 0, void %sw.bb, i1 0, void %if.end317, i1 %cont_hs_is_t_hs_is_t_hs_is_t_hs_is_t_bool_bool_bool_bool_ap_uint_ap_uint_ap_76, void %if.then122, i1 %cont_hs_is_t_hs_is_t_hs_is_t_hs_is_t_bool_bool_bool_bool_ap_uint_ap_uint_ap_76, void %if.then138, i1 %cont_hs_is_t_hs_is_t_hs_is_t_hs_is_t_bool_bool_bool_bool_ap_uint_ap_uint_ap_76, void %if.else134, i1 0, void %if.else160, i1 0, void %if.then151_ifconv, i1 %cont_hs_is_t_hs_is_t_hs_is_t_hs_is_t_bool_bool_bool_bool_ap_uint_ap_uint_ap_130, void %if.else226, i1 %cont_hs_is_t_hs_is_t_hs_is_t_hs_is_t_bool_bool_bool_bool_ap_uint_ap_uint_ap_130, void %if.end225, i1 0, void %if.else249, i1 0, void %if.else244, i1 0, void %if.then235, i1 0, void %if.else273, i1 0, void %if.then275, i1 0, void %if.then266, i1 0, void %if.then268"   --->   Operation 740 'phi' 'cont_hs_is_t_hs_is_t_hs_is_t_hs_is_t_bool_bool_bool_bool_ap_uint_ap_uint_ap_170' <Predicate = true> <Delay = 0.00>
ST_1 : Operation 741 [1/1] (0.00ns)   --->   "%cont_hs_is_t_hs_is_t_hs_is_t_hs_is_t_bool_bool_bool_bool_ap_uint_ap_uint_ap_171 = phi i33 0, void %if.then, i33 0, void %sw.bb, i33 0, void %if.end317, i33 %sext_ln1031, void %if.then122, i33 %sext_ln1031, void %if.then138, i33 %sext_ln1031, void %if.else134, i33 0, void %if.else160, i33 0, void %if.then151_ifconv, i33 %cont_hs_is_t_hs_is_t_hs_is_t_hs_is_t_bool_bool_bool_bool_ap_uint_ap_uint_ap_131, void %if.else226, i33 %cont_hs_is_t_hs_is_t_hs_is_t_hs_is_t_bool_bool_bool_bool_ap_uint_ap_uint_ap_131, void %if.end225, i33 0, void %if.else249, i33 0, void %if.else244, i33 0, void %if.then235, i33 0, void %if.else273, i33 0, void %if.then275, i33 0, void %if.then266, i33 0, void %if.then268"   --->   Operation 741 'phi' 'cont_hs_is_t_hs_is_t_hs_is_t_hs_is_t_bool_bool_bool_bool_ap_uint_ap_uint_ap_171' <Predicate = true> <Delay = 0.00>
ST_1 : Operation 742 [1/1] (0.00ns)   --->   "%cont_hs_is_t_hs_is_t_hs_is_t_hs_is_t_bool_bool_bool_bool_ap_uint_ap_uint_ap_172 = phi i1 0, void %if.then, i1 0, void %sw.bb, i1 0, void %if.end317, i1 %cont_hs_is_t_hs_is_t_hs_is_t_hs_is_t_bool_bool_bool_bool_ap_uint_ap_uint_ap_77, void %if.then122, i1 %cont_hs_is_t_hs_is_t_hs_is_t_hs_is_t_bool_bool_bool_bool_ap_uint_ap_uint_ap_77, void %if.then138, i1 %cont_hs_is_t_hs_is_t_hs_is_t_hs_is_t_bool_bool_bool_bool_ap_uint_ap_uint_ap_77, void %if.else134, i1 0, void %if.else160, i1 0, void %if.then151_ifconv, i1 %cont_hs_is_t_hs_is_t_hs_is_t_hs_is_t_bool_bool_bool_bool_ap_uint_ap_uint_ap_132, void %if.else226, i1 %cont_hs_is_t_hs_is_t_hs_is_t_hs_is_t_bool_bool_bool_bool_ap_uint_ap_uint_ap_132, void %if.end225, i1 0, void %if.else249, i1 0, void %if.else244, i1 0, void %if.then235, i1 0, void %if.else273, i1 0, void %if.then275, i1 0, void %if.then266, i1 0, void %if.then268"   --->   Operation 742 'phi' 'cont_hs_is_t_hs_is_t_hs_is_t_hs_is_t_bool_bool_bool_bool_ap_uint_ap_uint_ap_172' <Predicate = true> <Delay = 0.00>
ST_1 : Operation 743 [1/1] (0.00ns)   --->   "%cont_hs_is_t_hs_is_t_hs_is_t_hs_is_t_bool_bool_bool_bool_ap_uint_ap_uint_ap_173 = phi i33 0, void %if.then, i33 0, void %sw.bb, i33 0, void %if.end317, i33 %sext_ln1031, void %if.then122, i33 %sext_ln1031, void %if.then138, i33 %sext_ln1031, void %if.else134, i33 0, void %if.else160, i33 0, void %if.then151_ifconv, i33 %cont_hs_is_t_hs_is_t_hs_is_t_hs_is_t_bool_bool_bool_bool_ap_uint_ap_uint_ap_133, void %if.else226, i33 %cont_hs_is_t_hs_is_t_hs_is_t_hs_is_t_bool_bool_bool_bool_ap_uint_ap_uint_ap_133, void %if.end225, i33 0, void %if.else249, i33 0, void %if.else244, i33 0, void %if.then235, i33 0, void %if.else273, i33 0, void %if.then275, i33 0, void %if.then266, i33 0, void %if.then268"   --->   Operation 743 'phi' 'cont_hs_is_t_hs_is_t_hs_is_t_hs_is_t_bool_bool_bool_bool_ap_uint_ap_uint_ap_173' <Predicate = true> <Delay = 0.00>
ST_1 : Operation 744 [1/1] (0.00ns)   --->   "%cont_hs_is_t_hs_is_t_hs_is_t_hs_is_t_bool_bool_bool_bool_ap_uint_ap_uint_ap_174 = phi i1 0, void %if.then, i1 0, void %sw.bb, i1 0, void %if.end317, i1 %cont_hs_is_t_hs_is_t_hs_is_t_hs_is_t_bool_bool_bool_bool_ap_uint_ap_uint_ap_78, void %if.then122, i1 %cont_hs_is_t_hs_is_t_hs_is_t_hs_is_t_bool_bool_bool_bool_ap_uint_ap_uint_ap_78, void %if.then138, i1 %cont_hs_is_t_hs_is_t_hs_is_t_hs_is_t_bool_bool_bool_bool_ap_uint_ap_uint_ap_78, void %if.else134, i1 0, void %if.else160, i1 0, void %if.then151_ifconv, i1 %cont_hs_is_t_hs_is_t_hs_is_t_hs_is_t_bool_bool_bool_bool_ap_uint_ap_uint_ap_134, void %if.else226, i1 %cont_hs_is_t_hs_is_t_hs_is_t_hs_is_t_bool_bool_bool_bool_ap_uint_ap_uint_ap_134, void %if.end225, i1 0, void %if.else249, i1 0, void %if.else244, i1 0, void %if.then235, i1 0, void %if.else273, i1 0, void %if.then275, i1 0, void %if.then266, i1 0, void %if.then268"   --->   Operation 744 'phi' 'cont_hs_is_t_hs_is_t_hs_is_t_hs_is_t_bool_bool_bool_bool_ap_uint_ap_uint_ap_174' <Predicate = true> <Delay = 0.00>
ST_1 : Operation 745 [1/1] (0.00ns)   --->   "%cont_hs_is_t_hs_is_t_hs_is_t_hs_is_t_bool_bool_bool_bool_ap_uint_ap_uint_ap_175 = phi i33 0, void %if.then, i33 0, void %sw.bb, i33 0, void %if.end317, i33 %sext_ln1031, void %if.then122, i33 %sext_ln1031, void %if.then138, i33 %sext_ln1031, void %if.else134, i33 0, void %if.else160, i33 0, void %if.then151_ifconv, i33 %cont_hs_is_t_hs_is_t_hs_is_t_hs_is_t_bool_bool_bool_bool_ap_uint_ap_uint_ap_135, void %if.else226, i33 %cont_hs_is_t_hs_is_t_hs_is_t_hs_is_t_bool_bool_bool_bool_ap_uint_ap_uint_ap_135, void %if.end225, i33 0, void %if.else249, i33 0, void %if.else244, i33 0, void %if.then235, i33 0, void %if.else273, i33 0, void %if.then275, i33 0, void %if.then266, i33 0, void %if.then268"   --->   Operation 745 'phi' 'cont_hs_is_t_hs_is_t_hs_is_t_hs_is_t_bool_bool_bool_bool_ap_uint_ap_uint_ap_175' <Predicate = true> <Delay = 0.00>
ST_1 : Operation 746 [1/1] (0.00ns)   --->   "%cont_hs_is_t_hs_is_t_hs_is_t_hs_is_t_bool_bool_bool_bool_ap_uint_ap_uint_ap_176 = phi i1 0, void %if.then, i1 0, void %sw.bb, i1 0, void %if.end317, i1 %cont_hs_is_t_hs_is_t_hs_is_t_hs_is_t_bool_bool_bool_bool_ap_uint_ap_uint_ap_79, void %if.then122, i1 %cont_hs_is_t_hs_is_t_hs_is_t_hs_is_t_bool_bool_bool_bool_ap_uint_ap_uint_ap_79, void %if.then138, i1 %cont_hs_is_t_hs_is_t_hs_is_t_hs_is_t_bool_bool_bool_bool_ap_uint_ap_uint_ap_79, void %if.else134, i1 0, void %if.else160, i1 0, void %if.then151_ifconv, i1 %cont_hs_is_t_hs_is_t_hs_is_t_hs_is_t_bool_bool_bool_bool_ap_uint_ap_uint_ap_136, void %if.else226, i1 %cont_hs_is_t_hs_is_t_hs_is_t_hs_is_t_bool_bool_bool_bool_ap_uint_ap_uint_ap_136, void %if.end225, i1 0, void %if.else249, i1 0, void %if.else244, i1 0, void %if.then235, i1 0, void %if.else273, i1 0, void %if.then275, i1 0, void %if.then266, i1 0, void %if.then268"   --->   Operation 746 'phi' 'cont_hs_is_t_hs_is_t_hs_is_t_hs_is_t_bool_bool_bool_bool_ap_uint_ap_uint_ap_176' <Predicate = true> <Delay = 0.00>
ST_1 : Operation 747 [1/1] (0.00ns)   --->   "%cont_hs_is_t_hs_is_t_hs_is_t_hs_is_t_bool_bool_bool_bool_ap_uint_ap_uint_ap_177 = phi i33 0, void %if.then, i33 0, void %sw.bb, i33 0, void %if.end317, i33 %sext_ln1031, void %if.then122, i33 %sext_ln1031, void %if.then138, i33 %sext_ln1031, void %if.else134, i33 0, void %if.else160, i33 0, void %if.then151_ifconv, i33 %cont_hs_is_t_hs_is_t_hs_is_t_hs_is_t_bool_bool_bool_bool_ap_uint_ap_uint_ap_137, void %if.else226, i33 %cont_hs_is_t_hs_is_t_hs_is_t_hs_is_t_bool_bool_bool_bool_ap_uint_ap_uint_ap_137, void %if.end225, i33 0, void %if.else249, i33 0, void %if.else244, i33 0, void %if.then235, i33 0, void %if.else273, i33 0, void %if.then275, i33 0, void %if.then266, i33 0, void %if.then268"   --->   Operation 747 'phi' 'cont_hs_is_t_hs_is_t_hs_is_t_hs_is_t_bool_bool_bool_bool_ap_uint_ap_uint_ap_177' <Predicate = true> <Delay = 0.00>
ST_1 : Operation 748 [1/1] (0.00ns)   --->   "%cont_hs_is_t_hs_is_t_hs_is_t_hs_is_t_bool_bool_bool_bool_ap_uint_ap_uint_ap_178 = phi i1 0, void %if.then, i1 0, void %sw.bb, i1 0, void %if.end317, i1 %cont_hs_is_t_hs_is_t_hs_is_t_hs_is_t_bool_bool_bool_bool_ap_uint_ap_uint_ap_80, void %if.then122, i1 %cont_hs_is_t_hs_is_t_hs_is_t_hs_is_t_bool_bool_bool_bool_ap_uint_ap_uint_ap_80, void %if.then138, i1 %cont_hs_is_t_hs_is_t_hs_is_t_hs_is_t_bool_bool_bool_bool_ap_uint_ap_uint_ap_80, void %if.else134, i1 0, void %if.else160, i1 0, void %if.then151_ifconv, i1 %cont_hs_is_t_hs_is_t_hs_is_t_hs_is_t_bool_bool_bool_bool_ap_uint_ap_uint_ap_138, void %if.else226, i1 %cont_hs_is_t_hs_is_t_hs_is_t_hs_is_t_bool_bool_bool_bool_ap_uint_ap_uint_ap_138, void %if.end225, i1 0, void %if.else249, i1 0, void %if.else244, i1 0, void %if.then235, i1 0, void %if.else273, i1 0, void %if.then275, i1 0, void %if.then266, i1 0, void %if.then268"   --->   Operation 748 'phi' 'cont_hs_is_t_hs_is_t_hs_is_t_hs_is_t_bool_bool_bool_bool_ap_uint_ap_uint_ap_178' <Predicate = true> <Delay = 0.00>
ST_1 : Operation 749 [1/1] (0.00ns)   --->   "%cont_hs_is_t_hs_is_t_hs_is_t_hs_is_t_bool_bool_bool_bool_ap_uint_ap_uint_ap_179 = phi i33 0, void %if.then, i33 0, void %sw.bb, i33 0, void %if.end317, i33 %sext_ln1031, void %if.then122, i33 %sext_ln1031, void %if.then138, i33 %sext_ln1031, void %if.else134, i33 0, void %if.else160, i33 0, void %if.then151_ifconv, i33 %cont_hs_is_t_hs_is_t_hs_is_t_hs_is_t_bool_bool_bool_bool_ap_uint_ap_uint_ap_139, void %if.else226, i33 %cont_hs_is_t_hs_is_t_hs_is_t_hs_is_t_bool_bool_bool_bool_ap_uint_ap_uint_ap_139, void %if.end225, i33 0, void %if.else249, i33 0, void %if.else244, i33 0, void %if.then235, i33 0, void %if.else273, i33 0, void %if.then275, i33 0, void %if.then266, i33 0, void %if.then268"   --->   Operation 749 'phi' 'cont_hs_is_t_hs_is_t_hs_is_t_hs_is_t_bool_bool_bool_bool_ap_uint_ap_uint_ap_179' <Predicate = true> <Delay = 0.00>
ST_1 : Operation 750 [1/1] (0.00ns)   --->   "%cont_hs_is_t_hs_is_t_hs_is_t_hs_is_t_bool_bool_bool_bool_ap_uint_ap_uint_ap_180 = phi i1 0, void %if.then, i1 0, void %sw.bb, i1 0, void %if.end317, i1 %cont_hs_is_t_hs_is_t_hs_is_t_hs_is_t_bool_bool_bool_bool_ap_uint_ap_uint_ap_81, void %if.then122, i1 %cont_hs_is_t_hs_is_t_hs_is_t_hs_is_t_bool_bool_bool_bool_ap_uint_ap_uint_ap_81, void %if.then138, i1 %cont_hs_is_t_hs_is_t_hs_is_t_hs_is_t_bool_bool_bool_bool_ap_uint_ap_uint_ap_81, void %if.else134, i1 0, void %if.else160, i1 0, void %if.then151_ifconv, i1 %cont_hs_is_t_hs_is_t_hs_is_t_hs_is_t_bool_bool_bool_bool_ap_uint_ap_uint_ap_140, void %if.else226, i1 %cont_hs_is_t_hs_is_t_hs_is_t_hs_is_t_bool_bool_bool_bool_ap_uint_ap_uint_ap_140, void %if.end225, i1 0, void %if.else249, i1 0, void %if.else244, i1 0, void %if.then235, i1 0, void %if.else273, i1 0, void %if.then275, i1 0, void %if.then266, i1 0, void %if.then268"   --->   Operation 750 'phi' 'cont_hs_is_t_hs_is_t_hs_is_t_hs_is_t_bool_bool_bool_bool_ap_uint_ap_uint_ap_180' <Predicate = true> <Delay = 0.00>
ST_1 : Operation 751 [1/1] (0.00ns)   --->   "%cont_hs_is_t_hs_is_t_hs_is_t_hs_is_t_bool_bool_bool_bool_ap_uint_ap_uint_ap_181 = phi i33 0, void %if.then, i33 0, void %sw.bb, i33 0, void %if.end317, i33 %sext_ln1031, void %if.then122, i33 %sext_ln1031, void %if.then138, i33 %sext_ln1031, void %if.else134, i33 0, void %if.else160, i33 0, void %if.then151_ifconv, i33 %cont_hs_is_t_hs_is_t_hs_is_t_hs_is_t_bool_bool_bool_bool_ap_uint_ap_uint_ap_141, void %if.else226, i33 %cont_hs_is_t_hs_is_t_hs_is_t_hs_is_t_bool_bool_bool_bool_ap_uint_ap_uint_ap_141, void %if.end225, i33 0, void %if.else249, i33 0, void %if.else244, i33 0, void %if.then235, i33 0, void %if.else273, i33 0, void %if.then275, i33 0, void %if.then266, i33 0, void %if.then268"   --->   Operation 751 'phi' 'cont_hs_is_t_hs_is_t_hs_is_t_hs_is_t_bool_bool_bool_bool_ap_uint_ap_uint_ap_181' <Predicate = true> <Delay = 0.00>
ST_1 : Operation 752 [1/1] (0.00ns)   --->   "%p_ZZ4contP7hs_is_tS0_S0_S0_bbbb7ap_uintILi5EES1_ILi11EEPS3_PbE8buffer_b_10_flag_6 = phi i1 0, void %if.then, i1 0, void %sw.bb, i1 0, void %if.end317, i1 %p_ZZ4contP7hs_is_tS0_S0_S0_bbbb7ap_uintILi5EES1_ILi11EEPS3_PbE8buffer_b_10_flag_3, void %if.then122, i1 %p_ZZ4contP7hs_is_tS0_S0_S0_bbbb7ap_uintILi5EES1_ILi11EEPS3_PbE8buffer_b_10_flag_3, void %if.then138, i1 %p_ZZ4contP7hs_is_tS0_S0_S0_bbbb7ap_uintILi5EES1_ILi11EEPS3_PbE8buffer_b_10_flag_3, void %if.else134, i1 0, void %if.else160, i1 0, void %if.then151_ifconv, i1 %p_ZZ4contP7hs_is_tS0_S0_S0_bbbb7ap_uintILi5EES1_ILi11EEPS3_PbE8buffer_b_10_flag_5, void %if.else226, i1 %p_ZZ4contP7hs_is_tS0_S0_S0_bbbb7ap_uintILi5EES1_ILi11EEPS3_PbE8buffer_b_10_flag_5, void %if.end225, i1 0, void %if.else249, i1 0, void %if.else244, i1 0, void %if.then235, i1 0, void %if.else273, i1 0, void %if.then275, i1 0, void %if.then266, i1 0, void %if.then268"   --->   Operation 752 'phi' 'p_ZZ4contP7hs_is_tS0_S0_S0_bbbb7ap_uintILi5EES1_ILi11EEPS3_PbE8buffer_b_10_flag_6' <Predicate = true> <Delay = 0.00>
ST_1 : Operation 753 [1/1] (0.00ns)   --->   "%p_ZZ4contP7hs_is_tS0_S0_S0_bbbb7ap_uintILi5EES1_ILi11EEPS3_PbE8buffer_b_10_new_6 = phi i33 0, void %if.then, i33 0, void %sw.bb, i33 0, void %if.end317, i33 %sext_ln1031, void %if.then122, i33 %sext_ln1031, void %if.then138, i33 %sext_ln1031, void %if.else134, i33 0, void %if.else160, i33 0, void %if.then151_ifconv, i33 %p_ZZ4contP7hs_is_tS0_S0_S0_bbbb7ap_uintILi5EES1_ILi11EEPS3_PbE8buffer_b_10_new_5, void %if.else226, i33 %p_ZZ4contP7hs_is_tS0_S0_S0_bbbb7ap_uintILi5EES1_ILi11EEPS3_PbE8buffer_b_10_new_5, void %if.end225, i33 0, void %if.else249, i33 0, void %if.else244, i33 0, void %if.then235, i33 0, void %if.else273, i33 0, void %if.then275, i33 0, void %if.then266, i33 0, void %if.then268"   --->   Operation 753 'phi' 'p_ZZ4contP7hs_is_tS0_S0_S0_bbbb7ap_uintILi5EES1_ILi11EEPS3_PbE8buffer_b_10_new_6' <Predicate = true> <Delay = 0.00>
ST_1 : Operation 754 [1/1] (0.00ns)   --->   "%cont_mulmulmulmulmulmulhs_is_t_hs_is_t_hs_is_t_hs_is_t_bool_bool_bool_bool_ap_uint_5_ap_uint_11_ap_uint_11_bool_buffer_b_float_long_signed_char_float128_6 = phi i1 0, void %if.then, i1 0, void %sw.bb, i1 0, void %if.end317, i1 %cont_mulmulmulmulmulmulhs_is_t_hs_is_t_hs_is_t_hs_is_t_bool_bool_bool_bool_ap_uint_5_ap_uint_11_ap_uint_11_bool_buffer_b_float_long_signed_char_float128_3, void %if.then122, i1 %cont_mulmulmulmulmulmulhs_is_t_hs_is_t_hs_is_t_hs_is_t_bool_bool_bool_bool_ap_uint_5_ap_uint_11_ap_uint_11_bool_buffer_b_float_long_signed_char_float128_3, void %if.then138, i1 %cont_mulmulmulmulmulmulhs_is_t_hs_is_t_hs_is_t_hs_is_t_bool_bool_bool_bool_ap_uint_5_ap_uint_11_ap_uint_11_bool_buffer_b_float_long_signed_char_float128_3, void %if.else134, i1 0, void %if.else160, i1 0, void %if.then151_ifconv, i1 %cont_mulmulmulmulmulmulhs_is_t_hs_is_t_hs_is_t_hs_is_t_bool_bool_bool_bool_ap_uint_5_ap_uint_11_ap_uint_11_bool_buffer_b_float_long_signed_char_float128_5, void %if.else226, i1 %cont_mulmulmulmulmulmulhs_is_t_hs_is_t_hs_is_t_hs_is_t_bool_bool_bool_bool_ap_uint_5_ap_uint_11_ap_uint_11_bool_buffer_b_float_long_signed_char_float128_5, void %if.end225, i1 0, void %if.else249, i1 0, void %if.else244, i1 0, void %if.then235, i1 0, void %if.else273, i1 0, void %if.then275, i1 0, void %if.then266, i1 0, void %if.then268"   --->   Operation 754 'phi' 'cont_mulmulmulmulmulmulhs_is_t_hs_is_t_hs_is_t_hs_is_t_bool_bool_bool_bool_ap_uint_5_ap_uint_11_ap_uint_11_bool_buffer_b_float_long_signed_char_float128_6' <Predicate = true> <Delay = 0.00>
ST_1 : Operation 755 [1/1] (0.00ns)   --->   "%cont_mulmulmulmulmulmulhs_is_t_hs_is_t_hs_is_t_hs_is_t_bool_bool_bool_bool_ap_uint_5_ap_uint_11_ap_uint_11_bool_buffer_b_int128_long_double_wchar_t_6 = phi i33 0, void %if.then, i33 0, void %sw.bb, i33 0, void %if.end317, i33 %sext_ln1031, void %if.then122, i33 %sext_ln1031, void %if.then138, i33 %sext_ln1031, void %if.else134, i33 0, void %if.else160, i33 0, void %if.then151_ifconv, i33 %cont_mulmulmulmulmulmulhs_is_t_hs_is_t_hs_is_t_hs_is_t_bool_bool_bool_bool_ap_uint_5_ap_uint_11_ap_uint_11_bool_buffer_b_int128_long_double_wchar_t_5, void %if.else226, i33 %cont_mulmulmulmulmulmulhs_is_t_hs_is_t_hs_is_t_hs_is_t_bool_bool_bool_bool_ap_uint_5_ap_uint_11_ap_uint_11_bool_buffer_b_int128_long_double_wchar_t_5, void %if.end225, i33 0, void %if.else249, i33 0, void %if.else244, i33 0, void %if.then235, i33 0, void %if.else273, i33 0, void %if.then275, i33 0, void %if.then266, i33 0, void %if.then268"   --->   Operation 755 'phi' 'cont_mulmulmulmulmulmulhs_is_t_hs_is_t_hs_is_t_hs_is_t_bool_bool_bool_bool_ap_uint_5_ap_uint_11_ap_uint_11_bool_buffer_b_int128_long_double_wchar_t_6' <Predicate = true> <Delay = 0.00>
ST_1 : Operation 756 [1/1] (0.00ns)   --->   "%cont_mulmulmulmulmulmulhs_is_t_hs_is_t_hs_is_t_hs_is_t_bool_bool_bool_bool_ap_uint_5_ap_uint_11_ap_uint_11_bool_buffer_b_f_long_signed_char_float128_6 = phi i1 0, void %if.then, i1 0, void %sw.bb, i1 0, void %if.end317, i1 %cont_mulmulmulmulmulmulhs_is_t_hs_is_t_hs_is_t_hs_is_t_bool_bool_bool_bool_ap_uint_5_ap_uint_11_ap_uint_11_bool_buffer_b_f_long_signed_char_float128_3, void %if.then122, i1 %cont_mulmulmulmulmulmulhs_is_t_hs_is_t_hs_is_t_hs_is_t_bool_bool_bool_bool_ap_uint_5_ap_uint_11_ap_uint_11_bool_buffer_b_f_long_signed_char_float128_3, void %if.then138, i1 %cont_mulmulmulmulmulmulhs_is_t_hs_is_t_hs_is_t_hs_is_t_bool_bool_bool_bool_ap_uint_5_ap_uint_11_ap_uint_11_bool_buffer_b_f_long_signed_char_float128_3, void %if.else134, i1 0, void %if.else160, i1 0, void %if.then151_ifconv, i1 %cont_mulmulmulmulmulmulhs_is_t_hs_is_t_hs_is_t_hs_is_t_bool_bool_bool_bool_ap_uint_5_ap_uint_11_ap_uint_11_bool_buffer_b_f_long_signed_char_float128_5, void %if.else226, i1 %cont_mulmulmulmulmulmulhs_is_t_hs_is_t_hs_is_t_hs_is_t_bool_bool_bool_bool_ap_uint_5_ap_uint_11_ap_uint_11_bool_buffer_b_f_long_signed_char_float128_5, void %if.end225, i1 0, void %if.else249, i1 0, void %if.else244, i1 0, void %if.then235, i1 0, void %if.else273, i1 0, void %if.then275, i1 0, void %if.then266, i1 0, void %if.then268"   --->   Operation 756 'phi' 'cont_mulmulmulmulmulmulhs_is_t_hs_is_t_hs_is_t_hs_is_t_bool_bool_bool_bool_ap_uint_5_ap_uint_11_ap_uint_11_bool_buffer_b_f_long_signed_char_float128_6' <Predicate = true> <Delay = 0.00>
ST_1 : Operation 757 [1/1] (0.00ns)   --->   "%cont_mulmulmulmulmulmulhs_is_t_hs_is_t_hs_is_t_hs_is_t_bool_bool_bool_bool_ap_uint_5_ap_uint_11_ap_uint_11_bool_buffer_b_n_long_double_wchar_t_6 = phi i33 0, void %if.then, i33 0, void %sw.bb, i33 0, void %if.end317, i33 %sext_ln1031, void %if.then122, i33 %sext_ln1031, void %if.then138, i33 %sext_ln1031, void %if.else134, i33 0, void %if.else160, i33 0, void %if.then151_ifconv, i33 %cont_mulmulmulmulmulmulhs_is_t_hs_is_t_hs_is_t_hs_is_t_bool_bool_bool_bool_ap_uint_5_ap_uint_11_ap_uint_11_bool_buffer_b_n_long_double_wchar_t_5, void %if.else226, i33 %cont_mulmulmulmulmulmulhs_is_t_hs_is_t_hs_is_t_hs_is_t_bool_bool_bool_bool_ap_uint_5_ap_uint_11_ap_uint_11_bool_buffer_b_n_long_double_wchar_t_5, void %if.end225, i33 0, void %if.else249, i33 0, void %if.else244, i33 0, void %if.then235, i33 0, void %if.else273, i33 0, void %if.then275, i33 0, void %if.then266, i33 0, void %if.then268"   --->   Operation 757 'phi' 'cont_mulmulmulmulmulmulhs_is_t_hs_is_t_hs_is_t_hs_is_t_bool_bool_bool_bool_ap_uint_5_ap_uint_11_ap_uint_11_bool_buffer_b_n_long_double_wchar_t_6' <Predicate = true> <Delay = 0.00>
ST_1 : Operation 758 [1/1] (0.00ns)   --->   "%cont_mulmulmulmulmulmulhs_is_t_hs_is_t_hs_is_t_hs_is_t_bool_bool_bool_bool_ap_uint_5_ap_uint_11_ap_uint_11_bool_buffer_b_fl_signed_char_float128_6 = phi i1 0, void %if.then, i1 0, void %sw.bb, i1 0, void %if.end317, i1 %cont_mulmulmulmulmulmulhs_is_t_hs_is_t_hs_is_t_hs_is_t_bool_bool_bool_bool_ap_uint_5_ap_uint_11_ap_uint_11_bool_buffer_b_fl_signed_char_float128_3, void %if.then122, i1 %cont_mulmulmulmulmulmulhs_is_t_hs_is_t_hs_is_t_hs_is_t_bool_bool_bool_bool_ap_uint_5_ap_uint_11_ap_uint_11_bool_buffer_b_fl_signed_char_float128_3, void %if.then138, i1 %cont_mulmulmulmulmulmulhs_is_t_hs_is_t_hs_is_t_hs_is_t_bool_bool_bool_bool_ap_uint_5_ap_uint_11_ap_uint_11_bool_buffer_b_fl_signed_char_float128_3, void %if.else134, i1 0, void %if.else160, i1 0, void %if.then151_ifconv, i1 %cont_mulmulmulmulmulmulhs_is_t_hs_is_t_hs_is_t_hs_is_t_bool_bool_bool_bool_ap_uint_5_ap_uint_11_ap_uint_11_bool_buffer_b_fl_signed_char_float128_5, void %if.else226, i1 %cont_mulmulmulmulmulmulhs_is_t_hs_is_t_hs_is_t_hs_is_t_bool_bool_bool_bool_ap_uint_5_ap_uint_11_ap_uint_11_bool_buffer_b_fl_signed_char_float128_5, void %if.end225, i1 0, void %if.else249, i1 0, void %if.else244, i1 0, void %if.then235, i1 0, void %if.else273, i1 0, void %if.then275, i1 0, void %if.then266, i1 0, void %if.then268"   --->   Operation 758 'phi' 'cont_mulmulmulmulmulmulhs_is_t_hs_is_t_hs_is_t_hs_is_t_bool_bool_bool_bool_ap_uint_5_ap_uint_11_ap_uint_11_bool_buffer_b_fl_signed_char_float128_6' <Predicate = true> <Delay = 0.00>
ST_1 : Operation 759 [1/1] (0.00ns)   --->   "%cont_mulmulmulmulmulmulhs_is_t_hs_is_t_hs_is_t_hs_is_t_bool_bool_bool_bool_ap_uint_5_ap_uint_11_ap_uint_11_bool_buffer_b_ne_wchar_t_6 = phi i33 0, void %if.then, i33 0, void %sw.bb, i33 0, void %if.end317, i33 %sext_ln1031, void %if.then122, i33 %sext_ln1031, void %if.then138, i33 %sext_ln1031, void %if.else134, i33 0, void %if.else160, i33 0, void %if.then151_ifconv, i33 %cont_mulmulmulmulmulmulhs_is_t_hs_is_t_hs_is_t_hs_is_t_bool_bool_bool_bool_ap_uint_5_ap_uint_11_ap_uint_11_bool_buffer_b_ne_wchar_t_5, void %if.else226, i33 %cont_mulmulmulmulmulmulhs_is_t_hs_is_t_hs_is_t_hs_is_t_bool_bool_bool_bool_ap_uint_5_ap_uint_11_ap_uint_11_bool_buffer_b_ne_wchar_t_5, void %if.end225, i33 0, void %if.else249, i33 0, void %if.else244, i33 0, void %if.then235, i33 0, void %if.else273, i33 0, void %if.then275, i33 0, void %if.then266, i33 0, void %if.then268"   --->   Operation 759 'phi' 'cont_mulmulmulmulmulmulhs_is_t_hs_is_t_hs_is_t_hs_is_t_bool_bool_bool_bool_ap_uint_5_ap_uint_11_ap_uint_11_bool_buffer_b_ne_wchar_t_6' <Predicate = true> <Delay = 0.00>
ST_1 : Operation 760 [1/1] (0.00ns)   --->   "%cont_mulmulmulmulmulmulhs_is_t_hs_is_t_hs_is_t_hs_is_t_bool_bool_bool_bool_ap_uint_5_ap_uint_11_ap_uint_11_bool_buffer_b_fla_float128_6 = phi i1 0, void %if.then, i1 0, void %sw.bb, i1 0, void %if.end317, i1 %cont_mulmulmulmulmulmulhs_is_t_hs_is_t_hs_is_t_hs_is_t_bool_bool_bool_bool_ap_uint_5_ap_uint_11_ap_uint_11_bool_buffer_b_fla_float128_3, void %if.then122, i1 %cont_mulmulmulmulmulmulhs_is_t_hs_is_t_hs_is_t_hs_is_t_bool_bool_bool_bool_ap_uint_5_ap_uint_11_ap_uint_11_bool_buffer_b_fla_float128_3, void %if.then138, i1 %cont_mulmulmulmulmulmulhs_is_t_hs_is_t_hs_is_t_hs_is_t_bool_bool_bool_bool_ap_uint_5_ap_uint_11_ap_uint_11_bool_buffer_b_fla_float128_3, void %if.else134, i1 0, void %if.else160, i1 0, void %if.then151_ifconv, i1 %cont_mulmulmulmulmulmulhs_is_t_hs_is_t_hs_is_t_hs_is_t_bool_bool_bool_bool_ap_uint_5_ap_uint_11_ap_uint_11_bool_buffer_b_fla_float128_5, void %if.else226, i1 %cont_mulmulmulmulmulmulhs_is_t_hs_is_t_hs_is_t_hs_is_t_bool_bool_bool_bool_ap_uint_5_ap_uint_11_ap_uint_11_bool_buffer_b_fla_float128_5, void %if.end225, i1 0, void %if.else249, i1 0, void %if.else244, i1 0, void %if.then235, i1 0, void %if.else273, i1 0, void %if.then275, i1 0, void %if.then266, i1 0, void %if.then268"   --->   Operation 760 'phi' 'cont_mulmulmulmulmulmulhs_is_t_hs_is_t_hs_is_t_hs_is_t_bool_bool_bool_bool_ap_uint_5_ap_uint_11_ap_uint_11_bool_buffer_b_fla_float128_6' <Predicate = true> <Delay = 0.00>
ST_1 : Operation 761 [1/1] (0.00ns)   --->   "%cont_mulmulmulmulmulmulhs_is_t_hs_is_t_hs_is_t_hs_is_t_bool_bool_bool_bool_ap_uint_5_ap_uint_11_ap_uint_11_bool_buffer_b_new_6 = phi i33 0, void %if.then, i33 0, void %sw.bb, i33 0, void %if.end317, i33 %sext_ln1031, void %if.then122, i33 %sext_ln1031, void %if.then138, i33 %sext_ln1031, void %if.else134, i33 0, void %if.else160, i33 0, void %if.then151_ifconv, i33 %cont_mulmulmulmulmulmulhs_is_t_hs_is_t_hs_is_t_hs_is_t_bool_bool_bool_bool_ap_uint_5_ap_uint_11_ap_uint_11_bool_buffer_b_new_5, void %if.else226, i33 %cont_mulmulmulmulmulmulhs_is_t_hs_is_t_hs_is_t_hs_is_t_bool_bool_bool_bool_ap_uint_5_ap_uint_11_ap_uint_11_bool_buffer_b_new_5, void %if.end225, i33 0, void %if.else249, i33 0, void %if.else244, i33 0, void %if.then235, i33 0, void %if.else273, i33 0, void %if.then275, i33 0, void %if.then266, i33 0, void %if.then268"   --->   Operation 761 'phi' 'cont_mulmulmulmulmulmulhs_is_t_hs_is_t_hs_is_t_hs_is_t_bool_bool_bool_bool_ap_uint_5_ap_uint_11_ap_uint_11_bool_buffer_b_new_6' <Predicate = true> <Delay = 0.00>
ST_1 : Operation 762 [1/1] (0.00ns)   --->   "%cont_mulmulmulmulmulmulhs_is_t_hs_is_t_hs_is_t_hs_is_t_bool_bool_bool_bool_ap_uint_5_ap_uint_11_ap_uint_11_bool_buffer_b_flag_6 = phi i1 0, void %if.then, i1 0, void %sw.bb, i1 0, void %if.end317, i1 %cont_mulmulmulmulmulmulhs_is_t_hs_is_t_hs_is_t_hs_is_t_bool_bool_bool_bool_ap_uint_5_ap_uint_11_ap_uint_11_bool_buffer_b_flag_3, void %if.then122, i1 %cont_mulmulmulmulmulmulhs_is_t_hs_is_t_hs_is_t_hs_is_t_bool_bool_bool_bool_ap_uint_5_ap_uint_11_ap_uint_11_bool_buffer_b_flag_3, void %if.then138, i1 %cont_mulmulmulmulmulmulhs_is_t_hs_is_t_hs_is_t_hs_is_t_bool_bool_bool_bool_ap_uint_5_ap_uint_11_ap_uint_11_bool_buffer_b_flag_3, void %if.else134, i1 0, void %if.else160, i1 0, void %if.then151_ifconv, i1 %cont_mulmulmulmulmulmulhs_is_t_hs_is_t_hs_is_t_hs_is_t_bool_bool_bool_bool_ap_uint_5_ap_uint_11_ap_uint_11_bool_buffer_b_flag_5, void %if.else226, i1 %cont_mulmulmulmulmulmulhs_is_t_hs_is_t_hs_is_t_hs_is_t_bool_bool_bool_bool_ap_uint_5_ap_uint_11_ap_uint_11_bool_buffer_b_flag_5, void %if.end225, i1 0, void %if.else249, i1 0, void %if.else244, i1 0, void %if.then235, i1 0, void %if.else273, i1 0, void %if.then275, i1 0, void %if.then266, i1 0, void %if.then268"   --->   Operation 762 'phi' 'cont_mulmulmulmulmulmulhs_is_t_hs_is_t_hs_is_t_hs_is_t_bool_bool_bool_bool_ap_uint_5_ap_uint_11_ap_uint_11_bool_buffer_b_flag_6' <Predicate = true> <Delay = 0.00>
ST_1 : Operation 763 [1/1] (0.00ns)   --->   "%p_ZZ4contP7hs_is_tS0_S0_S0_bbbb7ap_uintILi5EES1_ILi11EEPS3_PbE8buffer_b_15_new_6 = phi i33 0, void %if.then, i33 0, void %sw.bb, i33 0, void %if.end317, i33 %sext_ln1031, void %if.then122, i33 %sext_ln1031, void %if.then138, i33 %sext_ln1031, void %if.else134, i33 0, void %if.else160, i33 0, void %if.then151_ifconv, i33 %p_ZZ4contP7hs_is_tS0_S0_S0_bbbb7ap_uintILi5EES1_ILi11EEPS3_PbE8buffer_b_15_new_5, void %if.else226, i33 %p_ZZ4contP7hs_is_tS0_S0_S0_bbbb7ap_uintILi5EES1_ILi11EEPS3_PbE8buffer_b_15_new_5, void %if.end225, i33 0, void %if.else249, i33 0, void %if.else244, i33 0, void %if.then235, i33 0, void %if.else273, i33 0, void %if.then275, i33 0, void %if.then266, i33 0, void %if.then268"   --->   Operation 763 'phi' 'p_ZZ4contP7hs_is_tS0_S0_S0_bbbb7ap_uintILi5EES1_ILi11EEPS3_PbE8buffer_b_15_new_6' <Predicate = true> <Delay = 0.00>
ST_1 : Operation 764 [1/1] (0.00ns)   --->   "%p_ZZ4contP7hs_is_tS0_S0_S0_bbbb7ap_uintILi5EES1_ILi11EEPS3_PbE8buffer_b_16_flag_6 = phi i1 0, void %if.then, i1 0, void %sw.bb, i1 0, void %if.end317, i1 %p_ZZ4contP7hs_is_tS0_S0_S0_bbbb7ap_uintILi5EES1_ILi11EEPS3_PbE8buffer_b_16_flag_3, void %if.then122, i1 %p_ZZ4contP7hs_is_tS0_S0_S0_bbbb7ap_uintILi5EES1_ILi11EEPS3_PbE8buffer_b_16_flag_3, void %if.then138, i1 %p_ZZ4contP7hs_is_tS0_S0_S0_bbbb7ap_uintILi5EES1_ILi11EEPS3_PbE8buffer_b_16_flag_3, void %if.else134, i1 0, void %if.else160, i1 0, void %if.then151_ifconv, i1 %p_ZZ4contP7hs_is_tS0_S0_S0_bbbb7ap_uintILi5EES1_ILi11EEPS3_PbE8buffer_b_16_flag_5, void %if.else226, i1 %p_ZZ4contP7hs_is_tS0_S0_S0_bbbb7ap_uintILi5EES1_ILi11EEPS3_PbE8buffer_b_16_flag_5, void %if.end225, i1 0, void %if.else249, i1 0, void %if.else244, i1 0, void %if.then235, i1 0, void %if.else273, i1 0, void %if.then275, i1 0, void %if.then266, i1 0, void %if.then268"   --->   Operation 764 'phi' 'p_ZZ4contP7hs_is_tS0_S0_S0_bbbb7ap_uintILi5EES1_ILi11EEPS3_PbE8buffer_b_16_flag_6' <Predicate = true> <Delay = 0.00>
ST_1 : Operation 765 [1/1] (0.00ns)   --->   "%cont_hs_is_t_hs_is_t_hs_is_t_hs_is_t_bool_bool_bool_bool_ap_uint_5_ap_uint_11_ap_uint_11_bool_buffer_b_34 = phi i33 0, void %if.then, i33 0, void %sw.bb, i33 0, void %if.end317, i33 %sext_ln1031, void %if.then122, i33 %sext_ln1031, void %if.then138, i33 %sext_ln1031, void %if.else134, i33 0, void %if.else160, i33 0, void %if.then151_ifconv, i33 %cont_hs_is_t_hs_is_t_hs_is_t_hs_is_t_bool_bool_bool_bool_ap_uint_5_ap_uint_11_ap_uint_11_bool_buffer_b_30, void %if.else226, i33 %cont_hs_is_t_hs_is_t_hs_is_t_hs_is_t_bool_bool_bool_bool_ap_uint_5_ap_uint_11_ap_uint_11_bool_buffer_b_30, void %if.end225, i33 0, void %if.else249, i33 0, void %if.else244, i33 0, void %if.then235, i33 0, void %if.else273, i33 0, void %if.then275, i33 0, void %if.then266, i33 0, void %if.then268"   --->   Operation 765 'phi' 'cont_hs_is_t_hs_is_t_hs_is_t_hs_is_t_bool_bool_bool_bool_ap_uint_5_ap_uint_11_ap_uint_11_bool_buffer_b_34' <Predicate = true> <Delay = 0.00>
ST_1 : Operation 766 [1/1] (0.00ns)   --->   "%cont_hs_is_t_hs_is_t_hs_is_t_hs_is_t_bool_bool_bool_bool_ap_uint_5_ap_uint_11_ap_uint_11_bool_buffer_b_35 = phi i1 0, void %if.then, i1 0, void %sw.bb, i1 0, void %if.end317, i1 %cont_hs_is_t_hs_is_t_hs_is_t_hs_is_t_bool_bool_bool_bool_ap_uint_5_ap_uint_11_ap_uint_11_bool_buffer_b_25, void %if.then122, i1 %cont_hs_is_t_hs_is_t_hs_is_t_hs_is_t_bool_bool_bool_bool_ap_uint_5_ap_uint_11_ap_uint_11_bool_buffer_b_25, void %if.then138, i1 %cont_hs_is_t_hs_is_t_hs_is_t_hs_is_t_bool_bool_bool_bool_ap_uint_5_ap_uint_11_ap_uint_11_bool_buffer_b_25, void %if.else134, i1 0, void %if.else160, i1 0, void %if.then151_ifconv, i1 %cont_hs_is_t_hs_is_t_hs_is_t_hs_is_t_bool_bool_bool_bool_ap_uint_5_ap_uint_11_ap_uint_11_bool_buffer_b_31, void %if.else226, i1 %cont_hs_is_t_hs_is_t_hs_is_t_hs_is_t_bool_bool_bool_bool_ap_uint_5_ap_uint_11_ap_uint_11_bool_buffer_b_31, void %if.end225, i1 0, void %if.else249, i1 0, void %if.else244, i1 0, void %if.then235, i1 0, void %if.else273, i1 0, void %if.then275, i1 0, void %if.then266, i1 0, void %if.then268"   --->   Operation 766 'phi' 'cont_hs_is_t_hs_is_t_hs_is_t_hs_is_t_bool_bool_bool_bool_ap_uint_5_ap_uint_11_ap_uint_11_bool_buffer_b_35' <Predicate = true> <Delay = 0.00>
ST_1 : Operation 767 [1/1] (0.00ns)   --->   "%p_ZZ4contP7hs_is_tS0_S0_S0_bbbb7ap_uintILi5EES1_ILi11EEPS3_PbE8buffer_b_17_new_6 = phi i33 0, void %if.then, i33 0, void %sw.bb, i33 0, void %if.end317, i33 %sext_ln1031, void %if.then122, i33 %sext_ln1031, void %if.then138, i33 %sext_ln1031, void %if.else134, i33 0, void %if.else160, i33 0, void %if.then151_ifconv, i33 %p_ZZ4contP7hs_is_tS0_S0_S0_bbbb7ap_uintILi5EES1_ILi11EEPS3_PbE8buffer_b_17_new_5, void %if.else226, i33 %p_ZZ4contP7hs_is_tS0_S0_S0_bbbb7ap_uintILi5EES1_ILi11EEPS3_PbE8buffer_b_17_new_5, void %if.end225, i33 0, void %if.else249, i33 0, void %if.else244, i33 0, void %if.then235, i33 0, void %if.else273, i33 0, void %if.then275, i33 0, void %if.then266, i33 0, void %if.then268"   --->   Operation 767 'phi' 'p_ZZ4contP7hs_is_tS0_S0_S0_bbbb7ap_uintILi5EES1_ILi11EEPS3_PbE8buffer_b_17_new_6' <Predicate = true> <Delay = 0.00>
ST_1 : Operation 768 [1/1] (0.00ns)   --->   "%p_ZZ4contP7hs_is_tS0_S0_S0_bbbb7ap_uintILi5EES1_ILi11EEPS3_PbE8buffer_b_18_flag_6 = phi i1 0, void %if.then, i1 0, void %sw.bb, i1 0, void %if.end317, i1 %p_ZZ4contP7hs_is_tS0_S0_S0_bbbb7ap_uintILi5EES1_ILi11EEPS3_PbE8buffer_b_18_flag_3, void %if.then122, i1 %p_ZZ4contP7hs_is_tS0_S0_S0_bbbb7ap_uintILi5EES1_ILi11EEPS3_PbE8buffer_b_18_flag_3, void %if.then138, i1 %p_ZZ4contP7hs_is_tS0_S0_S0_bbbb7ap_uintILi5EES1_ILi11EEPS3_PbE8buffer_b_18_flag_3, void %if.else134, i1 0, void %if.else160, i1 0, void %if.then151_ifconv, i1 %p_ZZ4contP7hs_is_tS0_S0_S0_bbbb7ap_uintILi5EES1_ILi11EEPS3_PbE8buffer_b_18_flag_5, void %if.else226, i1 %p_ZZ4contP7hs_is_tS0_S0_S0_bbbb7ap_uintILi5EES1_ILi11EEPS3_PbE8buffer_b_18_flag_5, void %if.end225, i1 0, void %if.else249, i1 0, void %if.else244, i1 0, void %if.then235, i1 0, void %if.else273, i1 0, void %if.then275, i1 0, void %if.then266, i1 0, void %if.then268"   --->   Operation 768 'phi' 'p_ZZ4contP7hs_is_tS0_S0_S0_bbbb7ap_uintILi5EES1_ILi11EEPS3_PbE8buffer_b_18_flag_6' <Predicate = true> <Delay = 0.00>
ST_1 : Operation 769 [1/1] (0.00ns)   --->   "%p_ZZ4contP7hs_is_tS0_S0_S0_bbbb7ap_uintILi5EES1_ILi11EEPS3_PbE8buffer_b_18_new_6 = phi i33 0, void %if.then, i33 0, void %sw.bb, i33 0, void %if.end317, i33 %sext_ln1031, void %if.then122, i33 %sext_ln1031, void %if.then138, i33 %sext_ln1031, void %if.else134, i33 0, void %if.else160, i33 0, void %if.then151_ifconv, i33 %p_ZZ4contP7hs_is_tS0_S0_S0_bbbb7ap_uintILi5EES1_ILi11EEPS3_PbE8buffer_b_18_new_5, void %if.else226, i33 %p_ZZ4contP7hs_is_tS0_S0_S0_bbbb7ap_uintILi5EES1_ILi11EEPS3_PbE8buffer_b_18_new_5, void %if.end225, i33 0, void %if.else249, i33 0, void %if.else244, i33 0, void %if.then235, i33 0, void %if.else273, i33 0, void %if.then275, i33 0, void %if.then266, i33 0, void %if.then268"   --->   Operation 769 'phi' 'p_ZZ4contP7hs_is_tS0_S0_S0_bbbb7ap_uintILi5EES1_ILi11EEPS3_PbE8buffer_b_18_new_6' <Predicate = true> <Delay = 0.00>
ST_1 : Operation 770 [1/1] (0.00ns)   --->   "%p_ZZ4contP7hs_is_tS0_S0_S0_bbbb7ap_uintILi5EES1_ILi11EEPS3_PbE8buffer_b_19_flag_6 = phi i1 0, void %if.then, i1 0, void %sw.bb, i1 0, void %if.end317, i1 %p_ZZ4contP7hs_is_tS0_S0_S0_bbbb7ap_uintILi5EES1_ILi11EEPS3_PbE8buffer_b_19_flag_3, void %if.then122, i1 %p_ZZ4contP7hs_is_tS0_S0_S0_bbbb7ap_uintILi5EES1_ILi11EEPS3_PbE8buffer_b_19_flag_3, void %if.then138, i1 %p_ZZ4contP7hs_is_tS0_S0_S0_bbbb7ap_uintILi5EES1_ILi11EEPS3_PbE8buffer_b_19_flag_3, void %if.else134, i1 0, void %if.else160, i1 0, void %if.then151_ifconv, i1 %p_ZZ4contP7hs_is_tS0_S0_S0_bbbb7ap_uintILi5EES1_ILi11EEPS3_PbE8buffer_b_19_flag_5, void %if.else226, i1 %p_ZZ4contP7hs_is_tS0_S0_S0_bbbb7ap_uintILi5EES1_ILi11EEPS3_PbE8buffer_b_19_flag_5, void %if.end225, i1 0, void %if.else249, i1 0, void %if.else244, i1 0, void %if.then235, i1 0, void %if.else273, i1 0, void %if.then275, i1 0, void %if.then266, i1 0, void %if.then268"   --->   Operation 770 'phi' 'p_ZZ4contP7hs_is_tS0_S0_S0_bbbb7ap_uintILi5EES1_ILi11EEPS3_PbE8buffer_b_19_flag_6' <Predicate = true> <Delay = 0.00>
ST_1 : Operation 771 [1/1] (0.00ns)   --->   "%p_ZZ4contP7hs_is_tS0_S0_S0_bbbb7ap_uintILi5EES1_ILi11EEPS3_PbE8buffer_b_19_new_6 = phi i33 0, void %if.then, i33 0, void %sw.bb, i33 0, void %if.end317, i33 %sext_ln1031, void %if.then122, i33 %sext_ln1031, void %if.then138, i33 %sext_ln1031, void %if.else134, i33 0, void %if.else160, i33 0, void %if.then151_ifconv, i33 %p_ZZ4contP7hs_is_tS0_S0_S0_bbbb7ap_uintILi5EES1_ILi11EEPS3_PbE8buffer_b_19_new_5, void %if.else226, i33 %p_ZZ4contP7hs_is_tS0_S0_S0_bbbb7ap_uintILi5EES1_ILi11EEPS3_PbE8buffer_b_19_new_5, void %if.end225, i33 0, void %if.else249, i33 0, void %if.else244, i33 0, void %if.then235, i33 0, void %if.else273, i33 0, void %if.then275, i33 0, void %if.then266, i33 0, void %if.then268"   --->   Operation 771 'phi' 'p_ZZ4contP7hs_is_tS0_S0_S0_bbbb7ap_uintILi5EES1_ILi11EEPS3_PbE8buffer_b_19_new_6' <Predicate = true> <Delay = 0.00>
ST_1 : Operation 772 [1/1] (0.00ns)   --->   "%empty_36 = phi i1 0, void %if.then, i1 %r_acc_valid_load, void %sw.bb, i1 %empty, void %if.end317, i1 %r_acc_valid_load, void %if.then122, i1 %r_acc_valid_load, void %if.then138, i1 %r_acc_valid_load, void %if.else134, i1 %r_acc_valid_load, void %if.else160, i1 %r_acc_valid_load, void %if.then151_ifconv, i1 %r_acc_valid_load, void %if.else226, i1 %r_acc_valid_load, void %if.end225, i1 %r_acc_valid_load, void %if.else249, i1 %r_acc_valid_load, void %if.else244, i1 %r_acc_valid_load, void %if.then235, i1 %r_acc_valid_load, void %if.else273, i1 %r_acc_valid_load, void %if.then275, i1 %r_acc_valid_load, void %if.then266, i1 %r_acc_valid_load, void %if.then268" [FFT/FFT.cpp:168]   --->   Operation 772 'phi' 'empty_36' <Predicate = true> <Delay = 0.00>
ST_1 : Operation 773 [1/1] (0.00ns)   --->   "%r_acc_V_load = load i35 %r_acc_V" [FFT/FFT.cpp:462]   --->   Operation 773 'load' 'r_acc_V_load' <Predicate = true> <Delay = 0.00>
ST_1 : Operation 774 [1/1] (0.00ns)   --->   "%store_result_valid_load = load i1 %store_result_valid" [FFT/FFT.cpp:464]   --->   Operation 774 'load' 'store_result_valid_load' <Predicate = true> <Delay = 0.00>
ST_1 : Operation 775 [1/1] (0.00ns) (grouped into LUT with out node or_ln464)   --->   "%and_ln464 = and i1 %r_acc_valid_load, i1 %store_result_valid_load" [FFT/FFT.cpp:464]   --->   Operation 775 'and' 'and_ln464' <Predicate = true> <Delay = 0.00> <CoreInst = "LogicGate">   --->   Core 74 'LogicGate' <Latency = 0> <II = 1> <Delay = 0.28> <FuncUnit> <Opcode : 'and' 'or' 'xor'> <InPorts = 2> <OutPorts = 1>
ST_1 : Operation 776 [1/1] (0.00ns) (grouped into LUT with out node or_ln464)   --->   "%xor_ln464 = xor i1 %and_ln464, i1 1" [FFT/FFT.cpp:464]   --->   Operation 776 'xor' 'xor_ln464' <Predicate = true> <Delay = 0.00> <CoreInst = "LogicGate">   --->   Core 74 'LogicGate' <Latency = 0> <II = 1> <Delay = 0.28> <FuncUnit> <Opcode : 'and' 'or' 'xor'> <InPorts = 2> <OutPorts = 1>
ST_1 : Operation 777 [1/1] (0.28ns) (out node of the LUT)   --->   "%or_ln464 = or i1 %d_o_ready_read, i1 %xor_ln464" [FFT/FFT.cpp:464]   --->   Operation 777 'or' 'or_ln464' <Predicate = true> <Delay = 0.28> <CoreInst = "LogicGate">   --->   Core 74 'LogicGate' <Latency = 0> <II = 1> <Delay = 0.28> <FuncUnit> <Opcode : 'and' 'or' 'xor'> <InPorts = 2> <OutPorts = 1>
ST_1 : Operation 778 [1/1] (0.00ns)   --->   "%store_ln464 = store i1 %or_ln464, i1 %store_result_ready" [FFT/FFT.cpp:464]   --->   Operation 778 'store' 'store_ln464' <Predicate = true> <Delay = 0.00>
ST_1 : Operation 779 [1/1] (0.00ns)   --->   "%shift_fft_V_load = load i1 %shift_fft_V"   --->   Operation 779 'load' 'shift_fft_V_load' <Predicate = true> <Delay = 0.00>
ST_1 : Operation 780 [1/1] (0.00ns)   --->   "%tmp_11 = partselect i32 @_ssdm_op_PartSelect.i32.i35.i32.i32, i35 %r_acc_V_load, i32 3, i32 34"   --->   Operation 780 'partselect' 'tmp_11' <Predicate = (shift_fft_V_load)> <Delay = 0.00>
ST_1 : Operation 781 [1/1] (0.00ns)   --->   "%trunc_ln948 = trunc i35 %r_acc_V_load"   --->   Operation 781 'trunc' 'trunc_ln948' <Predicate = (!shift_fft_V_load)> <Delay = 0.00>
ST_1 : Operation 782 [1/1] (0.44ns)   --->   "%select_ln948 = select i1 %shift_fft_V_load, i32 %tmp_11, i32 %trunc_ln948"   --->   Operation 782 'select' 'select_ln948' <Predicate = true> <Delay = 0.44> <CoreInst = "Sel">   --->   Core 73 'Sel' <Latency = 0> <II = 1> <Delay = 0.44> <FuncUnit> <Opcode : 'select'> <InPorts = 3> <OutPorts = 1>
ST_1 : Operation 783 [1/1] (0.00ns)   --->   "%write_ln467 = write void @_ssdm_op_Write.ap_none.i32P0A, i32 %d_o_data, i32 %select_ln948" [FFT/FFT.cpp:467]   --->   Operation 783 'write' 'write_ln467' <Predicate = true> <Delay = 0.00>
ST_1 : Operation 784 [1/1] (0.28ns)   --->   "%and_ln468 = and i1 %empty_36, i1 %enable_read" [FFT/FFT.cpp:468]   --->   Operation 784 'and' 'and_ln468' <Predicate = true> <Delay = 0.28> <CoreInst = "LogicGate">   --->   Core 74 'LogicGate' <Latency = 0> <II = 1> <Delay = 0.28> <FuncUnit> <Opcode : 'and' 'or' 'xor'> <InPorts = 2> <OutPorts = 1>
ST_1 : Operation 785 [1/1] (0.00ns)   --->   "%write_ln468 = write void @_ssdm_op_Write.ap_none.i1P0A, i1 %d_o_valid, i1 %and_ln468" [FFT/FFT.cpp:468]   --->   Operation 785 'write' 'write_ln468' <Predicate = true> <Delay = 0.00>
ST_1 : Operation 786 [1/1] (0.00ns)   --->   "%write_ln469 = write void @_ssdm_op_Write.ap_none.i4P0A, i4 %d_o_strb, i4 15" [FFT/FFT.cpp:469]   --->   Operation 786 'write' 'write_ln469' <Predicate = true> <Delay = 0.00>
ST_1 : Operation 787 [1/1] (0.00ns)   --->   "%write_ln471 = write void @_ssdm_op_Write.ap_auto.i11P0A, i11 %f_cnt, i11 %phi_ln186" [FFT/FFT.cpp:471]   --->   Operation 787 'write' 'write_ln471' <Predicate = true> <Delay = 0.00>
ST_1 : Operation 788 [1/1] (0.00ns)   --->   "%write_ln472 = write void @_ssdm_op_Write.ap_auto.i1P0A, i1 %f_valid, i1 %empty_36" [FFT/FFT.cpp:472]   --->   Operation 788 'write' 'write_ln472' <Predicate = true> <Delay = 0.00>
ST_1 : Operation 789 [1/1] (0.00ns)   --->   "%br_ln0 = br i1 %p_ZZ4contP7hs_is_tS0_S0_S0_bbbb7ap_uintILi5EES1_ILi11EEPS3_PbE8buffer_b_19_flag_6, void %sw.epilog.new92, void %mergeST91"   --->   Operation 789 'br' 'br_ln0' <Predicate = true> <Delay = 0.00>
ST_1 : Operation 790 [1/1] (0.00ns)   --->   "%store_ln241 = store i33 %p_ZZ4contP7hs_is_tS0_S0_S0_bbbb7ap_uintILi5EES1_ILi11EEPS3_PbE8buffer_b_19_new_6, i33 %p_ZZ4contP7hs_is_tS0_S0_S0_bbbb7ap_uintILi5EES1_ILi11EEPS3_PbE8buffer_b_19" [FFT/FFT.cpp:241]   --->   Operation 790 'store' 'store_ln241' <Predicate = (p_ZZ4contP7hs_is_tS0_S0_S0_bbbb7ap_uintILi5EES1_ILi11EEPS3_PbE8buffer_b_19_flag_6)> <Delay = 0.00>
ST_1 : Operation 791 [1/1] (0.00ns)   --->   "%br_ln0 = br void %sw.epilog.new92"   --->   Operation 791 'br' 'br_ln0' <Predicate = (p_ZZ4contP7hs_is_tS0_S0_S0_bbbb7ap_uintILi5EES1_ILi11EEPS3_PbE8buffer_b_19_flag_6)> <Delay = 0.00>
ST_1 : Operation 792 [1/1] (0.00ns)   --->   "%br_ln0 = br i1 %p_ZZ4contP7hs_is_tS0_S0_S0_bbbb7ap_uintILi5EES1_ILi11EEPS3_PbE8buffer_b_18_flag_6, void %sw.epilog.new90, void %mergeST89"   --->   Operation 792 'br' 'br_ln0' <Predicate = true> <Delay = 0.00>
ST_1 : Operation 793 [1/1] (0.00ns)   --->   "%store_ln241 = store i33 %p_ZZ4contP7hs_is_tS0_S0_S0_bbbb7ap_uintILi5EES1_ILi11EEPS3_PbE8buffer_b_18_new_6, i33 %p_ZZ4contP7hs_is_tS0_S0_S0_bbbb7ap_uintILi5EES1_ILi11EEPS3_PbE8buffer_b_18" [FFT/FFT.cpp:241]   --->   Operation 793 'store' 'store_ln241' <Predicate = (p_ZZ4contP7hs_is_tS0_S0_S0_bbbb7ap_uintILi5EES1_ILi11EEPS3_PbE8buffer_b_18_flag_6)> <Delay = 0.00>
ST_1 : Operation 794 [1/1] (0.00ns)   --->   "%br_ln0 = br void %sw.epilog.new90"   --->   Operation 794 'br' 'br_ln0' <Predicate = (p_ZZ4contP7hs_is_tS0_S0_S0_bbbb7ap_uintILi5EES1_ILi11EEPS3_PbE8buffer_b_18_flag_6)> <Delay = 0.00>
ST_1 : Operation 795 [1/1] (0.00ns)   --->   "%br_ln0 = br i1 %cont_hs_is_t_hs_is_t_hs_is_t_hs_is_t_bool_bool_bool_bool_ap_uint_5_ap_uint_11_ap_uint_11_bool_buffer_b_35, void %sw.epilog.new88, void %mergeST87"   --->   Operation 795 'br' 'br_ln0' <Predicate = true> <Delay = 0.00>
ST_1 : Operation 796 [1/1] (0.00ns)   --->   "%store_ln241 = store i33 %p_ZZ4contP7hs_is_tS0_S0_S0_bbbb7ap_uintILi5EES1_ILi11EEPS3_PbE8buffer_b_17_new_6, i33 %p_ZZ4contP7hs_is_tS0_S0_S0_bbbb7ap_uintILi5EES1_ILi11EEPS3_PbE8buffer_b_17" [FFT/FFT.cpp:241]   --->   Operation 796 'store' 'store_ln241' <Predicate = (cont_hs_is_t_hs_is_t_hs_is_t_hs_is_t_bool_bool_bool_bool_ap_uint_5_ap_uint_11_ap_uint_11_bool_buffer_b_35)> <Delay = 0.00>
ST_1 : Operation 797 [1/1] (0.00ns)   --->   "%br_ln0 = br void %sw.epilog.new88"   --->   Operation 797 'br' 'br_ln0' <Predicate = (cont_hs_is_t_hs_is_t_hs_is_t_hs_is_t_bool_bool_bool_bool_ap_uint_5_ap_uint_11_ap_uint_11_bool_buffer_b_35)> <Delay = 0.00>
ST_1 : Operation 798 [1/1] (0.00ns)   --->   "%br_ln0 = br i1 %p_ZZ4contP7hs_is_tS0_S0_S0_bbbb7ap_uintILi5EES1_ILi11EEPS3_PbE8buffer_b_16_flag_6, void %sw.epilog.new86, void %mergeST85"   --->   Operation 798 'br' 'br_ln0' <Predicate = true> <Delay = 0.00>
ST_1 : Operation 799 [1/1] (0.00ns)   --->   "%store_ln241 = store i33 %cont_hs_is_t_hs_is_t_hs_is_t_hs_is_t_bool_bool_bool_bool_ap_uint_5_ap_uint_11_ap_uint_11_bool_buffer_b_34, i33 %p_ZZ4contP7hs_is_tS0_S0_S0_bbbb7ap_uintILi5EES1_ILi11EEPS3_PbE8buffer_b_16" [FFT/FFT.cpp:241]   --->   Operation 799 'store' 'store_ln241' <Predicate = (p_ZZ4contP7hs_is_tS0_S0_S0_bbbb7ap_uintILi5EES1_ILi11EEPS3_PbE8buffer_b_16_flag_6)> <Delay = 0.00>
ST_1 : Operation 800 [1/1] (0.00ns)   --->   "%br_ln0 = br void %sw.epilog.new86"   --->   Operation 800 'br' 'br_ln0' <Predicate = (p_ZZ4contP7hs_is_tS0_S0_S0_bbbb7ap_uintILi5EES1_ILi11EEPS3_PbE8buffer_b_16_flag_6)> <Delay = 0.00>
ST_1 : Operation 801 [1/1] (0.00ns)   --->   "%br_ln0 = br i1 %cont_mulmulmulmulmulmulhs_is_t_hs_is_t_hs_is_t_hs_is_t_bool_bool_bool_bool_ap_uint_5_ap_uint_11_ap_uint_11_bool_buffer_b_flag_6, void %sw.epilog.new84, void %mergeST83"   --->   Operation 801 'br' 'br_ln0' <Predicate = true> <Delay = 0.00>
ST_1 : Operation 802 [1/1] (0.00ns)   --->   "%store_ln241 = store i33 %p_ZZ4contP7hs_is_tS0_S0_S0_bbbb7ap_uintILi5EES1_ILi11EEPS3_PbE8buffer_b_15_new_6, i33 %p_ZZ4contP7hs_is_tS0_S0_S0_bbbb7ap_uintILi5EES1_ILi11EEPS3_PbE8buffer_b_15" [FFT/FFT.cpp:241]   --->   Operation 802 'store' 'store_ln241' <Predicate = (cont_mulmulmulmulmulmulhs_is_t_hs_is_t_hs_is_t_hs_is_t_bool_bool_bool_bool_ap_uint_5_ap_uint_11_ap_uint_11_bool_buffer_b_flag_6)> <Delay = 0.00>
ST_1 : Operation 803 [1/1] (0.00ns)   --->   "%br_ln0 = br void %sw.epilog.new84"   --->   Operation 803 'br' 'br_ln0' <Predicate = (cont_mulmulmulmulmulmulhs_is_t_hs_is_t_hs_is_t_hs_is_t_bool_bool_bool_bool_ap_uint_5_ap_uint_11_ap_uint_11_bool_buffer_b_flag_6)> <Delay = 0.00>
ST_1 : Operation 804 [1/1] (0.00ns)   --->   "%br_ln0 = br i1 %cont_mulmulmulmulmulmulhs_is_t_hs_is_t_hs_is_t_hs_is_t_bool_bool_bool_bool_ap_uint_5_ap_uint_11_ap_uint_11_bool_buffer_b_fla_float128_6, void %sw.epilog.new82, void %mergeST81"   --->   Operation 804 'br' 'br_ln0' <Predicate = true> <Delay = 0.00>
ST_1 : Operation 805 [1/1] (0.00ns)   --->   "%store_ln241 = store i33 %cont_mulmulmulmulmulmulhs_is_t_hs_is_t_hs_is_t_hs_is_t_bool_bool_bool_bool_ap_uint_5_ap_uint_11_ap_uint_11_bool_buffer_b_new_6, i33 %p_ZZ4contP7hs_is_tS0_S0_S0_bbbb7ap_uintILi5EES1_ILi11EEPS3_PbE8buffer_b_14" [FFT/FFT.cpp:241]   --->   Operation 805 'store' 'store_ln241' <Predicate = (cont_mulmulmulmulmulmulhs_is_t_hs_is_t_hs_is_t_hs_is_t_bool_bool_bool_bool_ap_uint_5_ap_uint_11_ap_uint_11_bool_buffer_b_fla_float128_6)> <Delay = 0.00>
ST_1 : Operation 806 [1/1] (0.00ns)   --->   "%br_ln0 = br void %sw.epilog.new82"   --->   Operation 806 'br' 'br_ln0' <Predicate = (cont_mulmulmulmulmulmulhs_is_t_hs_is_t_hs_is_t_hs_is_t_bool_bool_bool_bool_ap_uint_5_ap_uint_11_ap_uint_11_bool_buffer_b_fla_float128_6)> <Delay = 0.00>
ST_1 : Operation 807 [1/1] (0.00ns)   --->   "%br_ln0 = br i1 %cont_mulmulmulmulmulmulhs_is_t_hs_is_t_hs_is_t_hs_is_t_bool_bool_bool_bool_ap_uint_5_ap_uint_11_ap_uint_11_bool_buffer_b_fl_signed_char_float128_6, void %sw.epilog.new80, void %mergeST79"   --->   Operation 807 'br' 'br_ln0' <Predicate = true> <Delay = 0.00>
ST_1 : Operation 808 [1/1] (0.00ns)   --->   "%store_ln241 = store i33 %cont_mulmulmulmulmulmulhs_is_t_hs_is_t_hs_is_t_hs_is_t_bool_bool_bool_bool_ap_uint_5_ap_uint_11_ap_uint_11_bool_buffer_b_ne_wchar_t_6, i33 %p_ZZ4contP7hs_is_tS0_S0_S0_bbbb7ap_uintILi5EES1_ILi11EEPS3_PbE8buffer_b_13" [FFT/FFT.cpp:241]   --->   Operation 808 'store' 'store_ln241' <Predicate = (cont_mulmulmulmulmulmulhs_is_t_hs_is_t_hs_is_t_hs_is_t_bool_bool_bool_bool_ap_uint_5_ap_uint_11_ap_uint_11_bool_buffer_b_fl_signed_char_float128_6)> <Delay = 0.00>
ST_1 : Operation 809 [1/1] (0.00ns)   --->   "%br_ln0 = br void %sw.epilog.new80"   --->   Operation 809 'br' 'br_ln0' <Predicate = (cont_mulmulmulmulmulmulhs_is_t_hs_is_t_hs_is_t_hs_is_t_bool_bool_bool_bool_ap_uint_5_ap_uint_11_ap_uint_11_bool_buffer_b_fl_signed_char_float128_6)> <Delay = 0.00>
ST_1 : Operation 810 [1/1] (0.00ns)   --->   "%br_ln0 = br i1 %cont_mulmulmulmulmulmulhs_is_t_hs_is_t_hs_is_t_hs_is_t_bool_bool_bool_bool_ap_uint_5_ap_uint_11_ap_uint_11_bool_buffer_b_f_long_signed_char_float128_6, void %sw.epilog.new78, void %mergeST77"   --->   Operation 810 'br' 'br_ln0' <Predicate = true> <Delay = 0.00>
ST_1 : Operation 811 [1/1] (0.00ns)   --->   "%store_ln241 = store i33 %cont_mulmulmulmulmulmulhs_is_t_hs_is_t_hs_is_t_hs_is_t_bool_bool_bool_bool_ap_uint_5_ap_uint_11_ap_uint_11_bool_buffer_b_n_long_double_wchar_t_6, i33 %p_ZZ4contP7hs_is_tS0_S0_S0_bbbb7ap_uintILi5EES1_ILi11EEPS3_PbE8buffer_b_12" [FFT/FFT.cpp:241]   --->   Operation 811 'store' 'store_ln241' <Predicate = (cont_mulmulmulmulmulmulhs_is_t_hs_is_t_hs_is_t_hs_is_t_bool_bool_bool_bool_ap_uint_5_ap_uint_11_ap_uint_11_bool_buffer_b_f_long_signed_char_float128_6)> <Delay = 0.00>
ST_1 : Operation 812 [1/1] (0.00ns)   --->   "%br_ln0 = br void %sw.epilog.new78"   --->   Operation 812 'br' 'br_ln0' <Predicate = (cont_mulmulmulmulmulmulhs_is_t_hs_is_t_hs_is_t_hs_is_t_bool_bool_bool_bool_ap_uint_5_ap_uint_11_ap_uint_11_bool_buffer_b_f_long_signed_char_float128_6)> <Delay = 0.00>
ST_1 : Operation 813 [1/1] (0.00ns)   --->   "%br_ln0 = br i1 %cont_mulmulmulmulmulmulhs_is_t_hs_is_t_hs_is_t_hs_is_t_bool_bool_bool_bool_ap_uint_5_ap_uint_11_ap_uint_11_bool_buffer_b_float_long_signed_char_float128_6, void %sw.epilog.new76, void %mergeST75"   --->   Operation 813 'br' 'br_ln0' <Predicate = true> <Delay = 0.00>
ST_1 : Operation 814 [1/1] (0.00ns)   --->   "%store_ln241 = store i33 %cont_mulmulmulmulmulmulhs_is_t_hs_is_t_hs_is_t_hs_is_t_bool_bool_bool_bool_ap_uint_5_ap_uint_11_ap_uint_11_bool_buffer_b_int128_long_double_wchar_t_6, i33 %p_ZZ4contP7hs_is_tS0_S0_S0_bbbb7ap_uintILi5EES1_ILi11EEPS3_PbE8buffer_b_11" [FFT/FFT.cpp:241]   --->   Operation 814 'store' 'store_ln241' <Predicate = (cont_mulmulmulmulmulmulhs_is_t_hs_is_t_hs_is_t_hs_is_t_bool_bool_bool_bool_ap_uint_5_ap_uint_11_ap_uint_11_bool_buffer_b_float_long_signed_char_float128_6)> <Delay = 0.00>
ST_1 : Operation 815 [1/1] (0.00ns)   --->   "%br_ln0 = br void %sw.epilog.new76"   --->   Operation 815 'br' 'br_ln0' <Predicate = (cont_mulmulmulmulmulmulhs_is_t_hs_is_t_hs_is_t_hs_is_t_bool_bool_bool_bool_ap_uint_5_ap_uint_11_ap_uint_11_bool_buffer_b_float_long_signed_char_float128_6)> <Delay = 0.00>
ST_1 : Operation 816 [1/1] (0.00ns)   --->   "%br_ln0 = br i1 %p_ZZ4contP7hs_is_tS0_S0_S0_bbbb7ap_uintILi5EES1_ILi11EEPS3_PbE8buffer_b_10_flag_6, void %sw.epilog.new74, void %mergeST73"   --->   Operation 816 'br' 'br_ln0' <Predicate = true> <Delay = 0.00>
ST_1 : Operation 817 [1/1] (0.00ns)   --->   "%store_ln241 = store i33 %p_ZZ4contP7hs_is_tS0_S0_S0_bbbb7ap_uintILi5EES1_ILi11EEPS3_PbE8buffer_b_10_new_6, i33 %p_ZZ4contP7hs_is_tS0_S0_S0_bbbb7ap_uintILi5EES1_ILi11EEPS3_PbE8buffer_b_10" [FFT/FFT.cpp:241]   --->   Operation 817 'store' 'store_ln241' <Predicate = (p_ZZ4contP7hs_is_tS0_S0_S0_bbbb7ap_uintILi5EES1_ILi11EEPS3_PbE8buffer_b_10_flag_6)> <Delay = 0.00>
ST_1 : Operation 818 [1/1] (0.00ns)   --->   "%br_ln0 = br void %sw.epilog.new74"   --->   Operation 818 'br' 'br_ln0' <Predicate = (p_ZZ4contP7hs_is_tS0_S0_S0_bbbb7ap_uintILi5EES1_ILi11EEPS3_PbE8buffer_b_10_flag_6)> <Delay = 0.00>
ST_1 : Operation 819 [1/1] (0.00ns)   --->   "%br_ln0 = br i1 %cont_hs_is_t_hs_is_t_hs_is_t_hs_is_t_bool_bool_bool_bool_ap_uint_ap_uint_ap_180, void %sw.epilog.new72, void %mergeST71"   --->   Operation 819 'br' 'br_ln0' <Predicate = true> <Delay = 0.00>
ST_1 : Operation 820 [1/1] (0.00ns)   --->   "%store_ln241 = store i33 %cont_hs_is_t_hs_is_t_hs_is_t_hs_is_t_bool_bool_bool_bool_ap_uint_ap_uint_ap_181, i33 %cont_mulmulmulmulhs_is_t_hs_is_t_hs_is_t_hs_is_t_bool_bool_bool_bool_ap_uint_ap_uint_ap" [FFT/FFT.cpp:241]   --->   Operation 820 'store' 'store_ln241' <Predicate = (cont_hs_is_t_hs_is_t_hs_is_t_hs_is_t_bool_bool_bool_bool_ap_uint_ap_uint_ap_180)> <Delay = 0.00>
ST_1 : Operation 821 [1/1] (0.00ns)   --->   "%br_ln0 = br void %sw.epilog.new72"   --->   Operation 821 'br' 'br_ln0' <Predicate = (cont_hs_is_t_hs_is_t_hs_is_t_hs_is_t_bool_bool_bool_bool_ap_uint_ap_uint_ap_180)> <Delay = 0.00>
ST_1 : Operation 822 [1/1] (0.00ns)   --->   "%br_ln0 = br i1 %cont_hs_is_t_hs_is_t_hs_is_t_hs_is_t_bool_bool_bool_bool_ap_uint_ap_uint_ap_178, void %sw.epilog.new70, void %mergeST69"   --->   Operation 822 'br' 'br_ln0' <Predicate = true> <Delay = 0.00>
ST_1 : Operation 823 [1/1] (0.00ns)   --->   "%store_ln241 = store i33 %cont_hs_is_t_hs_is_t_hs_is_t_hs_is_t_bool_bool_bool_bool_ap_uint_ap_uint_ap_179, i33 %cont_hs_is_t_hs_is_t_hs_is_t_hs_is_t_bool_bool_bool_bool_ap_uint_ap_uint_ap_1" [FFT/FFT.cpp:241]   --->   Operation 823 'store' 'store_ln241' <Predicate = (cont_hs_is_t_hs_is_t_hs_is_t_hs_is_t_bool_bool_bool_bool_ap_uint_ap_uint_ap_178)> <Delay = 0.00>
ST_1 : Operation 824 [1/1] (0.00ns)   --->   "%br_ln0 = br void %sw.epilog.new70"   --->   Operation 824 'br' 'br_ln0' <Predicate = (cont_hs_is_t_hs_is_t_hs_is_t_hs_is_t_bool_bool_bool_bool_ap_uint_ap_uint_ap_178)> <Delay = 0.00>
ST_1 : Operation 825 [1/1] (0.00ns)   --->   "%br_ln0 = br i1 %cont_hs_is_t_hs_is_t_hs_is_t_hs_is_t_bool_bool_bool_bool_ap_uint_ap_uint_ap_176, void %sw.epilog.new68, void %mergeST67"   --->   Operation 825 'br' 'br_ln0' <Predicate = true> <Delay = 0.00>
ST_1 : Operation 826 [1/1] (0.00ns)   --->   "%store_ln241 = store i33 %cont_hs_is_t_hs_is_t_hs_is_t_hs_is_t_bool_bool_bool_bool_ap_uint_ap_uint_ap_177, i33 %cont_hs_is_t_hs_is_t_hs_is_t_hs_is_t_bool_bool_bool_bool_ap_uint_ap_uint_ap_2" [FFT/FFT.cpp:241]   --->   Operation 826 'store' 'store_ln241' <Predicate = (cont_hs_is_t_hs_is_t_hs_is_t_hs_is_t_bool_bool_bool_bool_ap_uint_ap_uint_ap_176)> <Delay = 0.00>
ST_1 : Operation 827 [1/1] (0.00ns)   --->   "%br_ln0 = br void %sw.epilog.new68"   --->   Operation 827 'br' 'br_ln0' <Predicate = (cont_hs_is_t_hs_is_t_hs_is_t_hs_is_t_bool_bool_bool_bool_ap_uint_ap_uint_ap_176)> <Delay = 0.00>
ST_1 : Operation 828 [1/1] (0.00ns)   --->   "%br_ln0 = br i1 %cont_hs_is_t_hs_is_t_hs_is_t_hs_is_t_bool_bool_bool_bool_ap_uint_ap_uint_ap_174, void %sw.epilog.new66, void %mergeST65"   --->   Operation 828 'br' 'br_ln0' <Predicate = true> <Delay = 0.00>
ST_1 : Operation 829 [1/1] (0.00ns)   --->   "%store_ln241 = store i33 %cont_hs_is_t_hs_is_t_hs_is_t_hs_is_t_bool_bool_bool_bool_ap_uint_ap_uint_ap_175, i33 %cont_hs_is_t_hs_is_t_hs_is_t_hs_is_t_bool_bool_bool_bool_ap_uint_ap_uint_ap_3" [FFT/FFT.cpp:241]   --->   Operation 829 'store' 'store_ln241' <Predicate = (cont_hs_is_t_hs_is_t_hs_is_t_hs_is_t_bool_bool_bool_bool_ap_uint_ap_uint_ap_174)> <Delay = 0.00>
ST_1 : Operation 830 [1/1] (0.00ns)   --->   "%br_ln0 = br void %sw.epilog.new66"   --->   Operation 830 'br' 'br_ln0' <Predicate = (cont_hs_is_t_hs_is_t_hs_is_t_hs_is_t_bool_bool_bool_bool_ap_uint_ap_uint_ap_174)> <Delay = 0.00>
ST_1 : Operation 831 [1/1] (0.00ns)   --->   "%br_ln0 = br i1 %cont_hs_is_t_hs_is_t_hs_is_t_hs_is_t_bool_bool_bool_bool_ap_uint_ap_uint_ap_172, void %sw.epilog.new64, void %mergeST63"   --->   Operation 831 'br' 'br_ln0' <Predicate = true> <Delay = 0.00>
ST_1 : Operation 832 [1/1] (0.00ns)   --->   "%store_ln241 = store i33 %cont_hs_is_t_hs_is_t_hs_is_t_hs_is_t_bool_bool_bool_bool_ap_uint_ap_uint_ap_173, i33 %cont_hs_is_t_hs_is_t_hs_is_t_hs_is_t_bool_bool_bool_bool_ap_uint_ap_uint_ap_4" [FFT/FFT.cpp:241]   --->   Operation 832 'store' 'store_ln241' <Predicate = (cont_hs_is_t_hs_is_t_hs_is_t_hs_is_t_bool_bool_bool_bool_ap_uint_ap_uint_ap_172)> <Delay = 0.00>
ST_1 : Operation 833 [1/1] (0.00ns)   --->   "%br_ln0 = br void %sw.epilog.new64"   --->   Operation 833 'br' 'br_ln0' <Predicate = (cont_hs_is_t_hs_is_t_hs_is_t_hs_is_t_bool_bool_bool_bool_ap_uint_ap_uint_ap_172)> <Delay = 0.00>
ST_1 : Operation 834 [1/1] (0.00ns)   --->   "%br_ln0 = br i1 %cont_hs_is_t_hs_is_t_hs_is_t_hs_is_t_bool_bool_bool_bool_ap_uint_ap_uint_ap_170, void %sw.epilog.new62, void %mergeST61"   --->   Operation 834 'br' 'br_ln0' <Predicate = true> <Delay = 0.00>
ST_1 : Operation 835 [1/1] (0.00ns)   --->   "%store_ln241 = store i33 %cont_hs_is_t_hs_is_t_hs_is_t_hs_is_t_bool_bool_bool_bool_ap_uint_ap_uint_ap_171, i33 %cont_hs_is_t_hs_is_t_hs_is_t_hs_is_t_bool_bool_bool_bool_ap_uint_ap_uint_ap_5" [FFT/FFT.cpp:241]   --->   Operation 835 'store' 'store_ln241' <Predicate = (cont_hs_is_t_hs_is_t_hs_is_t_hs_is_t_bool_bool_bool_bool_ap_uint_ap_uint_ap_170)> <Delay = 0.00>
ST_1 : Operation 836 [1/1] (0.00ns)   --->   "%br_ln0 = br void %sw.epilog.new62"   --->   Operation 836 'br' 'br_ln0' <Predicate = (cont_hs_is_t_hs_is_t_hs_is_t_hs_is_t_bool_bool_bool_bool_ap_uint_ap_uint_ap_170)> <Delay = 0.00>
ST_1 : Operation 837 [1/1] (0.00ns)   --->   "%br_ln0 = br i1 %cont_hs_is_t_hs_is_t_hs_is_t_hs_is_t_bool_bool_bool_bool_ap_uint_ap_uint_ap_168, void %sw.epilog.new60, void %mergeST59"   --->   Operation 837 'br' 'br_ln0' <Predicate = true> <Delay = 0.00>
ST_1 : Operation 838 [1/1] (0.00ns)   --->   "%store_ln241 = store i33 %cont_hs_is_t_hs_is_t_hs_is_t_hs_is_t_bool_bool_bool_bool_ap_uint_ap_uint_ap_169, i33 %cont_hs_is_t_hs_is_t_hs_is_t_hs_is_t_bool_bool_bool_bool_ap_uint_ap_uint_ap_6" [FFT/FFT.cpp:241]   --->   Operation 838 'store' 'store_ln241' <Predicate = (cont_hs_is_t_hs_is_t_hs_is_t_hs_is_t_bool_bool_bool_bool_ap_uint_ap_uint_ap_168)> <Delay = 0.00>
ST_1 : Operation 839 [1/1] (0.00ns)   --->   "%br_ln0 = br void %sw.epilog.new60"   --->   Operation 839 'br' 'br_ln0' <Predicate = (cont_hs_is_t_hs_is_t_hs_is_t_hs_is_t_bool_bool_bool_bool_ap_uint_ap_uint_ap_168)> <Delay = 0.00>
ST_1 : Operation 840 [1/1] (0.00ns)   --->   "%br_ln0 = br i1 %cont_hs_is_t_hs_is_t_hs_is_t_hs_is_t_bool_bool_bool_bool_ap_uint_ap_uint_ap_166, void %sw.epilog.new58, void %mergeST57"   --->   Operation 840 'br' 'br_ln0' <Predicate = true> <Delay = 0.00>
ST_1 : Operation 841 [1/1] (0.00ns)   --->   "%store_ln241 = store i33 %cont_hs_is_t_hs_is_t_hs_is_t_hs_is_t_bool_bool_bool_bool_ap_uint_ap_uint_ap_167, i33 %cont_hs_is_t_hs_is_t_hs_is_t_hs_is_t_bool_bool_bool_bool_ap_uint_ap_uint_ap_7" [FFT/FFT.cpp:241]   --->   Operation 841 'store' 'store_ln241' <Predicate = (cont_hs_is_t_hs_is_t_hs_is_t_hs_is_t_bool_bool_bool_bool_ap_uint_ap_uint_ap_166)> <Delay = 0.00>
ST_1 : Operation 842 [1/1] (0.00ns)   --->   "%br_ln0 = br void %sw.epilog.new58"   --->   Operation 842 'br' 'br_ln0' <Predicate = (cont_hs_is_t_hs_is_t_hs_is_t_hs_is_t_bool_bool_bool_bool_ap_uint_ap_uint_ap_166)> <Delay = 0.00>
ST_1 : Operation 843 [1/1] (0.00ns)   --->   "%br_ln0 = br i1 %cont_hs_is_t_hs_is_t_hs_is_t_hs_is_t_bool_bool_bool_bool_ap_uint_ap_uint_ap_164, void %sw.epilog.new56, void %mergeST55"   --->   Operation 843 'br' 'br_ln0' <Predicate = true> <Delay = 0.00>
ST_1 : Operation 844 [1/1] (0.00ns)   --->   "%store_ln241 = store i33 %cont_hs_is_t_hs_is_t_hs_is_t_hs_is_t_bool_bool_bool_bool_ap_uint_ap_uint_ap_165, i33 %cont_hs_is_t_hs_is_t_hs_is_t_hs_is_t_bool_bool_bool_bool_ap_uint_ap_uint_ap_8" [FFT/FFT.cpp:241]   --->   Operation 844 'store' 'store_ln241' <Predicate = (cont_hs_is_t_hs_is_t_hs_is_t_hs_is_t_bool_bool_bool_bool_ap_uint_ap_uint_ap_164)> <Delay = 0.00>
ST_1 : Operation 845 [1/1] (0.00ns)   --->   "%br_ln0 = br void %sw.epilog.new56"   --->   Operation 845 'br' 'br_ln0' <Predicate = (cont_hs_is_t_hs_is_t_hs_is_t_hs_is_t_bool_bool_bool_bool_ap_uint_ap_uint_ap_164)> <Delay = 0.00>
ST_1 : Operation 846 [1/1] (0.00ns)   --->   "%br_ln0 = br i1 %cont_hs_is_t_hs_is_t_hs_is_t_hs_is_t_bool_bool_bool_bool_ap_uint_ap_uint_ap_162, void %sw.epilog.new54, void %mergeST53"   --->   Operation 846 'br' 'br_ln0' <Predicate = true> <Delay = 0.00>
ST_1 : Operation 847 [1/1] (0.00ns)   --->   "%store_ln241 = store i33 %cont_hs_is_t_hs_is_t_hs_is_t_hs_is_t_bool_bool_bool_bool_ap_uint_ap_uint_ap_163, i33 %cont_hs_is_t_hs_is_t_hs_is_t_hs_is_t_bool_bool_bool_bool_ap_uint_ap_uint_ap_9" [FFT/FFT.cpp:241]   --->   Operation 847 'store' 'store_ln241' <Predicate = (cont_hs_is_t_hs_is_t_hs_is_t_hs_is_t_bool_bool_bool_bool_ap_uint_ap_uint_ap_162)> <Delay = 0.00>
ST_1 : Operation 848 [1/1] (0.00ns)   --->   "%br_ln0 = br void %sw.epilog.new54"   --->   Operation 848 'br' 'br_ln0' <Predicate = (cont_hs_is_t_hs_is_t_hs_is_t_hs_is_t_bool_bool_bool_bool_ap_uint_ap_uint_ap_162)> <Delay = 0.00>
ST_1 : Operation 849 [1/1] (0.00ns)   --->   "%br_ln0 = br i1 %p_ZZ4contP7hs_is_tS0_S0_S0_bbbb7ap_uintILi5EES1_ILi11EEPS3_PbE8buffer_a_19_flag_6, void %sw.epilog.new52, void %mergeST51"   --->   Operation 849 'br' 'br_ln0' <Predicate = true> <Delay = 0.00>
ST_1 : Operation 850 [1/1] (0.00ns)   --->   "%store_ln240 = store i33 %p_ZZ4contP7hs_is_tS0_S0_S0_bbbb7ap_uintILi5EES1_ILi11EEPS3_PbE8buffer_a_19_new_6, i33 %p_ZZ4contP7hs_is_tS0_S0_S0_bbbb7ap_uintILi5EES1_ILi11EEPS3_PbE8buffer_a_19" [FFT/FFT.cpp:240]   --->   Operation 850 'store' 'store_ln240' <Predicate = (p_ZZ4contP7hs_is_tS0_S0_S0_bbbb7ap_uintILi5EES1_ILi11EEPS3_PbE8buffer_a_19_flag_6)> <Delay = 0.00>
ST_1 : Operation 851 [1/1] (0.00ns)   --->   "%br_ln0 = br void %sw.epilog.new52"   --->   Operation 851 'br' 'br_ln0' <Predicate = (p_ZZ4contP7hs_is_tS0_S0_S0_bbbb7ap_uintILi5EES1_ILi11EEPS3_PbE8buffer_a_19_flag_6)> <Delay = 0.00>
ST_1 : Operation 852 [1/1] (0.00ns)   --->   "%br_ln0 = br i1 %p_ZZ4contP7hs_is_tS0_S0_S0_bbbb7ap_uintILi5EES1_ILi11EEPS3_PbE8buffer_a_18_flag_6, void %sw.epilog.new50, void %mergeST49"   --->   Operation 852 'br' 'br_ln0' <Predicate = true> <Delay = 0.00>
ST_1 : Operation 853 [1/1] (0.00ns)   --->   "%store_ln240 = store i33 %p_ZZ4contP7hs_is_tS0_S0_S0_bbbb7ap_uintILi5EES1_ILi11EEPS3_PbE8buffer_a_18_new_6, i33 %p_ZZ4contP7hs_is_tS0_S0_S0_bbbb7ap_uintILi5EES1_ILi11EEPS3_PbE8buffer_a_18" [FFT/FFT.cpp:240]   --->   Operation 853 'store' 'store_ln240' <Predicate = (p_ZZ4contP7hs_is_tS0_S0_S0_bbbb7ap_uintILi5EES1_ILi11EEPS3_PbE8buffer_a_18_flag_6)> <Delay = 0.00>
ST_1 : Operation 854 [1/1] (0.00ns)   --->   "%br_ln0 = br void %sw.epilog.new50"   --->   Operation 854 'br' 'br_ln0' <Predicate = (p_ZZ4contP7hs_is_tS0_S0_S0_bbbb7ap_uintILi5EES1_ILi11EEPS3_PbE8buffer_a_18_flag_6)> <Delay = 0.00>
ST_1 : Operation 855 [1/1] (0.00ns)   --->   "%br_ln0 = br i1 %cont_hs_is_t_hs_is_t_hs_is_t_hs_is_t_bool_bool_bool_bool_ap_uint_5_ap_uint_11_ap_uint_11_bool_buffer_a_33, void %sw.epilog.new48, void %mergeST47"   --->   Operation 855 'br' 'br_ln0' <Predicate = true> <Delay = 0.00>
ST_1 : Operation 856 [1/1] (0.00ns)   --->   "%store_ln240 = store i33 %p_ZZ4contP7hs_is_tS0_S0_S0_bbbb7ap_uintILi5EES1_ILi11EEPS3_PbE8buffer_a_17_new_6, i33 %p_ZZ4contP7hs_is_tS0_S0_S0_bbbb7ap_uintILi5EES1_ILi11EEPS3_PbE8buffer_a_17" [FFT/FFT.cpp:240]   --->   Operation 856 'store' 'store_ln240' <Predicate = (cont_hs_is_t_hs_is_t_hs_is_t_hs_is_t_bool_bool_bool_bool_ap_uint_5_ap_uint_11_ap_uint_11_bool_buffer_a_33)> <Delay = 0.00>
ST_1 : Operation 857 [1/1] (0.00ns)   --->   "%br_ln0 = br void %sw.epilog.new48"   --->   Operation 857 'br' 'br_ln0' <Predicate = (cont_hs_is_t_hs_is_t_hs_is_t_hs_is_t_bool_bool_bool_bool_ap_uint_5_ap_uint_11_ap_uint_11_bool_buffer_a_33)> <Delay = 0.00>
ST_1 : Operation 858 [1/1] (0.00ns)   --->   "%br_ln0 = br i1 %p_ZZ4contP7hs_is_tS0_S0_S0_bbbb7ap_uintILi5EES1_ILi11EEPS3_PbE8buffer_a_16_flag_6, void %sw.epilog.new46, void %mergeST45"   --->   Operation 858 'br' 'br_ln0' <Predicate = true> <Delay = 0.00>
ST_1 : Operation 859 [1/1] (0.00ns)   --->   "%store_ln240 = store i33 %cont_hs_is_t_hs_is_t_hs_is_t_hs_is_t_bool_bool_bool_bool_ap_uint_5_ap_uint_11_ap_uint_11_bool_buffer_a_32, i33 %p_ZZ4contP7hs_is_tS0_S0_S0_bbbb7ap_uintILi5EES1_ILi11EEPS3_PbE8buffer_a_16" [FFT/FFT.cpp:240]   --->   Operation 859 'store' 'store_ln240' <Predicate = (p_ZZ4contP7hs_is_tS0_S0_S0_bbbb7ap_uintILi5EES1_ILi11EEPS3_PbE8buffer_a_16_flag_6)> <Delay = 0.00>
ST_1 : Operation 860 [1/1] (0.00ns)   --->   "%br_ln0 = br void %sw.epilog.new46"   --->   Operation 860 'br' 'br_ln0' <Predicate = (p_ZZ4contP7hs_is_tS0_S0_S0_bbbb7ap_uintILi5EES1_ILi11EEPS3_PbE8buffer_a_16_flag_6)> <Delay = 0.00>
ST_1 : Operation 861 [1/1] (0.00ns)   --->   "%br_ln0 = br i1 %cont_mulmulmulmulmulmulhs_is_t_hs_is_t_hs_is_t_hs_is_t_bool_bool_bool_bool_ap_uint_5_ap_uint_11_ap_uint_11_bool_buffer_a_flag_6, void %sw.epilog.new44, void %mergeST43"   --->   Operation 861 'br' 'br_ln0' <Predicate = true> <Delay = 0.00>
ST_1 : Operation 862 [1/1] (0.00ns)   --->   "%store_ln240 = store i33 %p_ZZ4contP7hs_is_tS0_S0_S0_bbbb7ap_uintILi5EES1_ILi11EEPS3_PbE8buffer_a_15_new_6, i33 %p_ZZ4contP7hs_is_tS0_S0_S0_bbbb7ap_uintILi5EES1_ILi11EEPS3_PbE8buffer_a_15" [FFT/FFT.cpp:240]   --->   Operation 862 'store' 'store_ln240' <Predicate = (cont_mulmulmulmulmulmulhs_is_t_hs_is_t_hs_is_t_hs_is_t_bool_bool_bool_bool_ap_uint_5_ap_uint_11_ap_uint_11_bool_buffer_a_flag_6)> <Delay = 0.00>
ST_1 : Operation 863 [1/1] (0.00ns)   --->   "%br_ln0 = br void %sw.epilog.new44"   --->   Operation 863 'br' 'br_ln0' <Predicate = (cont_mulmulmulmulmulmulhs_is_t_hs_is_t_hs_is_t_hs_is_t_bool_bool_bool_bool_ap_uint_5_ap_uint_11_ap_uint_11_bool_buffer_a_flag_6)> <Delay = 0.00>
ST_1 : Operation 864 [1/1] (0.00ns)   --->   "%br_ln0 = br i1 %cont_mulmulmulmulmulmulhs_is_t_hs_is_t_hs_is_t_hs_is_t_bool_bool_bool_bool_ap_uint_5_ap_uint_11_ap_uint_11_bool_buffer_a_fla_float128_6, void %sw.epilog.new42, void %mergeST41"   --->   Operation 864 'br' 'br_ln0' <Predicate = true> <Delay = 0.00>
ST_1 : Operation 865 [1/1] (0.00ns)   --->   "%store_ln240 = store i33 %cont_mulmulmulmulmulmulhs_is_t_hs_is_t_hs_is_t_hs_is_t_bool_bool_bool_bool_ap_uint_5_ap_uint_11_ap_uint_11_bool_buffer_a_new_6, i33 %p_ZZ4contP7hs_is_tS0_S0_S0_bbbb7ap_uintILi5EES1_ILi11EEPS3_PbE8buffer_a_14" [FFT/FFT.cpp:240]   --->   Operation 865 'store' 'store_ln240' <Predicate = (cont_mulmulmulmulmulmulhs_is_t_hs_is_t_hs_is_t_hs_is_t_bool_bool_bool_bool_ap_uint_5_ap_uint_11_ap_uint_11_bool_buffer_a_fla_float128_6)> <Delay = 0.00>
ST_1 : Operation 866 [1/1] (0.00ns)   --->   "%br_ln0 = br void %sw.epilog.new42"   --->   Operation 866 'br' 'br_ln0' <Predicate = (cont_mulmulmulmulmulmulhs_is_t_hs_is_t_hs_is_t_hs_is_t_bool_bool_bool_bool_ap_uint_5_ap_uint_11_ap_uint_11_bool_buffer_a_fla_float128_6)> <Delay = 0.00>
ST_1 : Operation 867 [1/1] (0.00ns)   --->   "%br_ln0 = br i1 %cont_mulmulmulmulmulmulhs_is_t_hs_is_t_hs_is_t_hs_is_t_bool_bool_bool_bool_ap_uint_5_ap_uint_11_ap_uint_11_bool_buffer_a_fl_signed_char_float128_6, void %sw.epilog.new40, void %mergeST39"   --->   Operation 867 'br' 'br_ln0' <Predicate = true> <Delay = 0.00>
ST_1 : Operation 868 [1/1] (0.00ns)   --->   "%store_ln240 = store i33 %cont_mulmulmulmulmulmulhs_is_t_hs_is_t_hs_is_t_hs_is_t_bool_bool_bool_bool_ap_uint_5_ap_uint_11_ap_uint_11_bool_buffer_a_ne_wchar_t_6, i33 %p_ZZ4contP7hs_is_tS0_S0_S0_bbbb7ap_uintILi5EES1_ILi11EEPS3_PbE8buffer_a_13" [FFT/FFT.cpp:240]   --->   Operation 868 'store' 'store_ln240' <Predicate = (cont_mulmulmulmulmulmulhs_is_t_hs_is_t_hs_is_t_hs_is_t_bool_bool_bool_bool_ap_uint_5_ap_uint_11_ap_uint_11_bool_buffer_a_fl_signed_char_float128_6)> <Delay = 0.00>
ST_1 : Operation 869 [1/1] (0.00ns)   --->   "%br_ln0 = br void %sw.epilog.new40"   --->   Operation 869 'br' 'br_ln0' <Predicate = (cont_mulmulmulmulmulmulhs_is_t_hs_is_t_hs_is_t_hs_is_t_bool_bool_bool_bool_ap_uint_5_ap_uint_11_ap_uint_11_bool_buffer_a_fl_signed_char_float128_6)> <Delay = 0.00>
ST_1 : Operation 870 [1/1] (0.00ns)   --->   "%br_ln0 = br i1 %cont_mulmulmulmulmulmulhs_is_t_hs_is_t_hs_is_t_hs_is_t_bool_bool_bool_bool_ap_uint_5_ap_uint_11_ap_uint_11_bool_buffer_a_f_long_signed_char_float128_6, void %sw.epilog.new38, void %mergeST37"   --->   Operation 870 'br' 'br_ln0' <Predicate = true> <Delay = 0.00>
ST_1 : Operation 871 [1/1] (0.00ns)   --->   "%store_ln240 = store i33 %cont_mulmulmulmulmulmulhs_is_t_hs_is_t_hs_is_t_hs_is_t_bool_bool_bool_bool_ap_uint_5_ap_uint_11_ap_uint_11_bool_buffer_a_n_long_double_wchar_t_6, i33 %p_ZZ4contP7hs_is_tS0_S0_S0_bbbb7ap_uintILi5EES1_ILi11EEPS3_PbE8buffer_a_12" [FFT/FFT.cpp:240]   --->   Operation 871 'store' 'store_ln240' <Predicate = (cont_mulmulmulmulmulmulhs_is_t_hs_is_t_hs_is_t_hs_is_t_bool_bool_bool_bool_ap_uint_5_ap_uint_11_ap_uint_11_bool_buffer_a_f_long_signed_char_float128_6)> <Delay = 0.00>
ST_1 : Operation 872 [1/1] (0.00ns)   --->   "%br_ln0 = br void %sw.epilog.new38"   --->   Operation 872 'br' 'br_ln0' <Predicate = (cont_mulmulmulmulmulmulhs_is_t_hs_is_t_hs_is_t_hs_is_t_bool_bool_bool_bool_ap_uint_5_ap_uint_11_ap_uint_11_bool_buffer_a_f_long_signed_char_float128_6)> <Delay = 0.00>
ST_1 : Operation 873 [1/1] (0.00ns)   --->   "%br_ln0 = br i1 %cont_mulmulmulmulmulmulhs_is_t_hs_is_t_hs_is_t_hs_is_t_bool_bool_bool_bool_ap_uint_5_ap_uint_11_ap_uint_11_bool_buffer_a_float_long_signed_char_float128_6, void %sw.epilog.new36, void %mergeST35"   --->   Operation 873 'br' 'br_ln0' <Predicate = true> <Delay = 0.00>
ST_1 : Operation 874 [1/1] (0.00ns)   --->   "%store_ln240 = store i33 %cont_mulmulmulmulmulmulhs_is_t_hs_is_t_hs_is_t_hs_is_t_bool_bool_bool_bool_ap_uint_5_ap_uint_11_ap_uint_11_bool_buffer_a_int128_long_double_wchar_t_6, i33 %p_ZZ4contP7hs_is_tS0_S0_S0_bbbb7ap_uintILi5EES1_ILi11EEPS3_PbE8buffer_a_11" [FFT/FFT.cpp:240]   --->   Operation 874 'store' 'store_ln240' <Predicate = (cont_mulmulmulmulmulmulhs_is_t_hs_is_t_hs_is_t_hs_is_t_bool_bool_bool_bool_ap_uint_5_ap_uint_11_ap_uint_11_bool_buffer_a_float_long_signed_char_float128_6)> <Delay = 0.00>
ST_1 : Operation 875 [1/1] (0.00ns)   --->   "%br_ln0 = br void %sw.epilog.new36"   --->   Operation 875 'br' 'br_ln0' <Predicate = (cont_mulmulmulmulmulmulhs_is_t_hs_is_t_hs_is_t_hs_is_t_bool_bool_bool_bool_ap_uint_5_ap_uint_11_ap_uint_11_bool_buffer_a_float_long_signed_char_float128_6)> <Delay = 0.00>
ST_1 : Operation 876 [1/1] (0.00ns)   --->   "%br_ln0 = br i1 %p_ZZ4contP7hs_is_tS0_S0_S0_bbbb7ap_uintILi5EES1_ILi11EEPS3_PbE8buffer_a_10_flag_6, void %sw.epilog.new34, void %mergeST33"   --->   Operation 876 'br' 'br_ln0' <Predicate = true> <Delay = 0.00>
ST_1 : Operation 877 [1/1] (0.00ns)   --->   "%store_ln240 = store i33 %p_ZZ4contP7hs_is_tS0_S0_S0_bbbb7ap_uintILi5EES1_ILi11EEPS3_PbE8buffer_a_10_new_6, i33 %p_ZZ4contP7hs_is_tS0_S0_S0_bbbb7ap_uintILi5EES1_ILi11EEPS3_PbE8buffer_a_10" [FFT/FFT.cpp:240]   --->   Operation 877 'store' 'store_ln240' <Predicate = (p_ZZ4contP7hs_is_tS0_S0_S0_bbbb7ap_uintILi5EES1_ILi11EEPS3_PbE8buffer_a_10_flag_6)> <Delay = 0.00>
ST_1 : Operation 878 [1/1] (0.00ns)   --->   "%br_ln0 = br void %sw.epilog.new34"   --->   Operation 878 'br' 'br_ln0' <Predicate = (p_ZZ4contP7hs_is_tS0_S0_S0_bbbb7ap_uintILi5EES1_ILi11EEPS3_PbE8buffer_a_10_flag_6)> <Delay = 0.00>
ST_1 : Operation 879 [1/1] (0.00ns)   --->   "%br_ln0 = br i1 %cont_hs_is_t_hs_is_t_hs_is_t_hs_is_t_bool_bool_bool_bool_ap_uint_ap_uint_ap_160, void %sw.epilog.new32, void %mergeST31"   --->   Operation 879 'br' 'br_ln0' <Predicate = true> <Delay = 0.00>
ST_1 : Operation 880 [1/1] (0.00ns)   --->   "%store_ln240 = store i33 %cont_hs_is_t_hs_is_t_hs_is_t_hs_is_t_bool_bool_bool_bool_ap_uint_ap_uint_ap_161, i33 %cont_hs_is_t_hs_is_t_hs_is_t_hs_is_t_bool_bool_bool_bool_ap_uint_ap_uint_ap_10" [FFT/FFT.cpp:240]   --->   Operation 880 'store' 'store_ln240' <Predicate = (cont_hs_is_t_hs_is_t_hs_is_t_hs_is_t_bool_bool_bool_bool_ap_uint_ap_uint_ap_160)> <Delay = 0.00>
ST_1 : Operation 881 [1/1] (0.00ns)   --->   "%br_ln0 = br void %sw.epilog.new32"   --->   Operation 881 'br' 'br_ln0' <Predicate = (cont_hs_is_t_hs_is_t_hs_is_t_hs_is_t_bool_bool_bool_bool_ap_uint_ap_uint_ap_160)> <Delay = 0.00>
ST_1 : Operation 882 [1/1] (0.00ns)   --->   "%br_ln0 = br i1 %cont_hs_is_t_hs_is_t_hs_is_t_hs_is_t_bool_bool_bool_bool_ap_uint_ap_uint_ap_158, void %sw.epilog.new30, void %mergeST29"   --->   Operation 882 'br' 'br_ln0' <Predicate = true> <Delay = 0.00>
ST_1 : Operation 883 [1/1] (0.00ns)   --->   "%store_ln240 = store i33 %cont_hs_is_t_hs_is_t_hs_is_t_hs_is_t_bool_bool_bool_bool_ap_uint_ap_uint_ap_159, i33 %cont_hs_is_t_hs_is_t_hs_is_t_hs_is_t_bool_bool_bool_bool_ap_uint_ap_uint_ap_11" [FFT/FFT.cpp:240]   --->   Operation 883 'store' 'store_ln240' <Predicate = (cont_hs_is_t_hs_is_t_hs_is_t_hs_is_t_bool_bool_bool_bool_ap_uint_ap_uint_ap_158)> <Delay = 0.00>
ST_1 : Operation 884 [1/1] (0.00ns)   --->   "%br_ln0 = br void %sw.epilog.new30"   --->   Operation 884 'br' 'br_ln0' <Predicate = (cont_hs_is_t_hs_is_t_hs_is_t_hs_is_t_bool_bool_bool_bool_ap_uint_ap_uint_ap_158)> <Delay = 0.00>
ST_1 : Operation 885 [1/1] (0.00ns)   --->   "%br_ln0 = br i1 %cont_hs_is_t_hs_is_t_hs_is_t_hs_is_t_bool_bool_bool_bool_ap_uint_ap_uint_ap_156, void %sw.epilog.new28, void %mergeST27"   --->   Operation 885 'br' 'br_ln0' <Predicate = true> <Delay = 0.00>
ST_1 : Operation 886 [1/1] (0.00ns)   --->   "%store_ln240 = store i33 %cont_hs_is_t_hs_is_t_hs_is_t_hs_is_t_bool_bool_bool_bool_ap_uint_ap_uint_ap_157, i33 %cont_hs_is_t_hs_is_t_hs_is_t_hs_is_t_bool_bool_bool_bool_ap_uint_ap_uint_ap_12" [FFT/FFT.cpp:240]   --->   Operation 886 'store' 'store_ln240' <Predicate = (cont_hs_is_t_hs_is_t_hs_is_t_hs_is_t_bool_bool_bool_bool_ap_uint_ap_uint_ap_156)> <Delay = 0.00>
ST_1 : Operation 887 [1/1] (0.00ns)   --->   "%br_ln0 = br void %sw.epilog.new28"   --->   Operation 887 'br' 'br_ln0' <Predicate = (cont_hs_is_t_hs_is_t_hs_is_t_hs_is_t_bool_bool_bool_bool_ap_uint_ap_uint_ap_156)> <Delay = 0.00>
ST_1 : Operation 888 [1/1] (0.00ns)   --->   "%br_ln0 = br i1 %cont_hs_is_t_hs_is_t_hs_is_t_hs_is_t_bool_bool_bool_bool_ap_uint_ap_uint_ap_154, void %sw.epilog.new26, void %mergeST25"   --->   Operation 888 'br' 'br_ln0' <Predicate = true> <Delay = 0.00>
ST_1 : Operation 889 [1/1] (0.00ns)   --->   "%store_ln240 = store i33 %cont_hs_is_t_hs_is_t_hs_is_t_hs_is_t_bool_bool_bool_bool_ap_uint_ap_uint_ap_155, i33 %cont_hs_is_t_hs_is_t_hs_is_t_hs_is_t_bool_bool_bool_bool_ap_uint_ap_uint_ap_13" [FFT/FFT.cpp:240]   --->   Operation 889 'store' 'store_ln240' <Predicate = (cont_hs_is_t_hs_is_t_hs_is_t_hs_is_t_bool_bool_bool_bool_ap_uint_ap_uint_ap_154)> <Delay = 0.00>
ST_1 : Operation 890 [1/1] (0.00ns)   --->   "%br_ln0 = br void %sw.epilog.new26"   --->   Operation 890 'br' 'br_ln0' <Predicate = (cont_hs_is_t_hs_is_t_hs_is_t_hs_is_t_bool_bool_bool_bool_ap_uint_ap_uint_ap_154)> <Delay = 0.00>
ST_1 : Operation 891 [1/1] (0.00ns)   --->   "%br_ln0 = br i1 %cont_hs_is_t_hs_is_t_hs_is_t_hs_is_t_bool_bool_bool_bool_ap_uint_ap_uint_ap_152, void %sw.epilog.new24, void %mergeST23"   --->   Operation 891 'br' 'br_ln0' <Predicate = true> <Delay = 0.00>
ST_1 : Operation 892 [1/1] (0.00ns)   --->   "%store_ln240 = store i33 %cont_hs_is_t_hs_is_t_hs_is_t_hs_is_t_bool_bool_bool_bool_ap_uint_ap_uint_ap_153, i33 %cont_hs_is_t_hs_is_t_hs_is_t_hs_is_t_bool_bool_bool_bool_ap_uint_ap_uint_ap_14" [FFT/FFT.cpp:240]   --->   Operation 892 'store' 'store_ln240' <Predicate = (cont_hs_is_t_hs_is_t_hs_is_t_hs_is_t_bool_bool_bool_bool_ap_uint_ap_uint_ap_152)> <Delay = 0.00>
ST_1 : Operation 893 [1/1] (0.00ns)   --->   "%br_ln0 = br void %sw.epilog.new24"   --->   Operation 893 'br' 'br_ln0' <Predicate = (cont_hs_is_t_hs_is_t_hs_is_t_hs_is_t_bool_bool_bool_bool_ap_uint_ap_uint_ap_152)> <Delay = 0.00>
ST_1 : Operation 894 [1/1] (0.00ns)   --->   "%br_ln0 = br i1 %cont_hs_is_t_hs_is_t_hs_is_t_hs_is_t_bool_bool_bool_bool_ap_uint_ap_uint_ap_150, void %sw.epilog.new22, void %mergeST21"   --->   Operation 894 'br' 'br_ln0' <Predicate = true> <Delay = 0.00>
ST_1 : Operation 895 [1/1] (0.00ns)   --->   "%store_ln240 = store i33 %cont_hs_is_t_hs_is_t_hs_is_t_hs_is_t_bool_bool_bool_bool_ap_uint_ap_uint_ap_151, i33 %cont_hs_is_t_hs_is_t_hs_is_t_hs_is_t_bool_bool_bool_bool_ap_uint_ap_uint_ap_15" [FFT/FFT.cpp:240]   --->   Operation 895 'store' 'store_ln240' <Predicate = (cont_hs_is_t_hs_is_t_hs_is_t_hs_is_t_bool_bool_bool_bool_ap_uint_ap_uint_ap_150)> <Delay = 0.00>
ST_1 : Operation 896 [1/1] (0.00ns)   --->   "%br_ln0 = br void %sw.epilog.new22"   --->   Operation 896 'br' 'br_ln0' <Predicate = (cont_hs_is_t_hs_is_t_hs_is_t_hs_is_t_bool_bool_bool_bool_ap_uint_ap_uint_ap_150)> <Delay = 0.00>
ST_1 : Operation 897 [1/1] (0.00ns)   --->   "%br_ln0 = br i1 %cont_hs_is_t_hs_is_t_hs_is_t_hs_is_t_bool_bool_bool_bool_ap_uint_ap_uint_ap_148, void %sw.epilog.new20, void %mergeST19"   --->   Operation 897 'br' 'br_ln0' <Predicate = true> <Delay = 0.00>
ST_1 : Operation 898 [1/1] (0.00ns)   --->   "%store_ln240 = store i33 %cont_hs_is_t_hs_is_t_hs_is_t_hs_is_t_bool_bool_bool_bool_ap_uint_ap_uint_ap_149, i33 %cont_hs_is_t_hs_is_t_hs_is_t_hs_is_t_bool_bool_bool_bool_ap_uint_ap_uint_ap_16" [FFT/FFT.cpp:240]   --->   Operation 898 'store' 'store_ln240' <Predicate = (cont_hs_is_t_hs_is_t_hs_is_t_hs_is_t_bool_bool_bool_bool_ap_uint_ap_uint_ap_148)> <Delay = 0.00>
ST_1 : Operation 899 [1/1] (0.00ns)   --->   "%br_ln0 = br void %sw.epilog.new20"   --->   Operation 899 'br' 'br_ln0' <Predicate = (cont_hs_is_t_hs_is_t_hs_is_t_hs_is_t_bool_bool_bool_bool_ap_uint_ap_uint_ap_148)> <Delay = 0.00>
ST_1 : Operation 900 [1/1] (0.00ns)   --->   "%br_ln0 = br i1 %cont_hs_is_t_hs_is_t_hs_is_t_hs_is_t_bool_bool_bool_bool_ap_uint_ap_uint_ap_146, void %sw.epilog.new18, void %mergeST17"   --->   Operation 900 'br' 'br_ln0' <Predicate = true> <Delay = 0.00>
ST_1 : Operation 901 [1/1] (0.00ns)   --->   "%store_ln240 = store i33 %cont_hs_is_t_hs_is_t_hs_is_t_hs_is_t_bool_bool_bool_bool_ap_uint_ap_uint_ap_147, i33 %cont_hs_is_t_hs_is_t_hs_is_t_hs_is_t_bool_bool_bool_bool_ap_uint_ap_uint_ap_17" [FFT/FFT.cpp:240]   --->   Operation 901 'store' 'store_ln240' <Predicate = (cont_hs_is_t_hs_is_t_hs_is_t_hs_is_t_bool_bool_bool_bool_ap_uint_ap_uint_ap_146)> <Delay = 0.00>
ST_1 : Operation 902 [1/1] (0.00ns)   --->   "%br_ln0 = br void %sw.epilog.new18"   --->   Operation 902 'br' 'br_ln0' <Predicate = (cont_hs_is_t_hs_is_t_hs_is_t_hs_is_t_bool_bool_bool_bool_ap_uint_ap_uint_ap_146)> <Delay = 0.00>
ST_1 : Operation 903 [1/1] (0.00ns)   --->   "%br_ln0 = br i1 %cont_hs_is_t_hs_is_t_hs_is_t_hs_is_t_bool_bool_bool_bool_ap_uint_ap_uint_ap_144, void %sw.epilog.new16, void %mergeST15"   --->   Operation 903 'br' 'br_ln0' <Predicate = true> <Delay = 0.00>
ST_1 : Operation 904 [1/1] (0.00ns)   --->   "%store_ln240 = store i33 %cont_hs_is_t_hs_is_t_hs_is_t_hs_is_t_bool_bool_bool_bool_ap_uint_ap_uint_ap_145, i33 %cont_hs_is_t_hs_is_t_hs_is_t_hs_is_t_bool_bool_bool_bool_ap_uint_ap_uint_ap_18" [FFT/FFT.cpp:240]   --->   Operation 904 'store' 'store_ln240' <Predicate = (cont_hs_is_t_hs_is_t_hs_is_t_hs_is_t_bool_bool_bool_bool_ap_uint_ap_uint_ap_144)> <Delay = 0.00>
ST_1 : Operation 905 [1/1] (0.00ns)   --->   "%br_ln0 = br void %sw.epilog.new16"   --->   Operation 905 'br' 'br_ln0' <Predicate = (cont_hs_is_t_hs_is_t_hs_is_t_hs_is_t_bool_bool_bool_bool_ap_uint_ap_uint_ap_144)> <Delay = 0.00>
ST_1 : Operation 906 [1/1] (0.00ns)   --->   "%br_ln0 = br i1 %cont_hs_is_t_hs_is_t_hs_is_t_hs_is_t_bool_bool_bool_bool_ap_uint_ap_uint_ap_142, void %sw.epilog.new14, void %mergeST13"   --->   Operation 906 'br' 'br_ln0' <Predicate = true> <Delay = 0.00>
ST_1 : Operation 907 [1/1] (0.00ns)   --->   "%store_ln240 = store i33 %cont_hs_is_t_hs_is_t_hs_is_t_hs_is_t_bool_bool_bool_bool_ap_uint_ap_uint_ap_143, i33 %cont_hs_is_t_hs_is_t_hs_is_t_hs_is_t_bool_bool_bool_bool_ap_uint_ap_uint_ap_19" [FFT/FFT.cpp:240]   --->   Operation 907 'store' 'store_ln240' <Predicate = (cont_hs_is_t_hs_is_t_hs_is_t_hs_is_t_bool_bool_bool_bool_ap_uint_ap_uint_ap_142)> <Delay = 0.00>
ST_1 : Operation 908 [1/1] (0.00ns)   --->   "%br_ln0 = br void %sw.epilog.new14"   --->   Operation 908 'br' 'br_ln0' <Predicate = (cont_hs_is_t_hs_is_t_hs_is_t_hs_is_t_bool_bool_bool_bool_ap_uint_ap_uint_ap_142)> <Delay = 0.00>
ST_1 : Operation 909 [1/1] (0.00ns)   --->   "%br_ln0 = br i1 %idx_2_flag_9, void %sw.epilog.new12, void %mergeST11"   --->   Operation 909 'br' 'br_ln0' <Predicate = true> <Delay = 0.00>
ST_1 : Operation 910 [1/1] (0.00ns)   --->   "%store_ln210 = store i32 %idx_2_new_9, i32 %idx_2" [FFT/FFT.cpp:210]   --->   Operation 910 'store' 'store_ln210' <Predicate = (idx_2_flag_9)> <Delay = 0.00>
ST_1 : Operation 911 [1/1] (0.00ns)   --->   "%br_ln0 = br void %sw.epilog.new12"   --->   Operation 911 'br' 'br_ln0' <Predicate = (idx_2_flag_9)> <Delay = 0.00>
ST_1 : Operation 912 [1/1] (0.00ns)   --->   "%br_ln0 = br i1 %idx_1_flag_6, void %sw.epilog.new10, void %mergeST9"   --->   Operation 912 'br' 'br_ln0' <Predicate = true> <Delay = 0.00>
ST_1 : Operation 913 [1/1] (0.00ns)   --->   "%store_ln208 = store i32 %idx_1_new_6, i32 %idx_1" [FFT/FFT.cpp:208]   --->   Operation 913 'store' 'store_ln208' <Predicate = (idx_1_flag_6)> <Delay = 0.00>
ST_1 : Operation 914 [1/1] (0.00ns)   --->   "%br_ln0 = br void %sw.epilog.new10"   --->   Operation 914 'br' 'br_ln0' <Predicate = (idx_1_flag_6)> <Delay = 0.00>
ST_1 : Operation 915 [1/1] (0.00ns)   --->   "%br_ln0 = br i1 %s_idx_flag_4, void %sw.epilog.new8, void %mergeST7"   --->   Operation 915 'br' 'br_ln0' <Predicate = true> <Delay = 0.00>
ST_1 : Operation 916 [1/1] (0.00ns)   --->   "%store_ln205 = store i32 %s_idx_new_4, i32 %s_idx" [FFT/FFT.cpp:205]   --->   Operation 916 'store' 'store_ln205' <Predicate = (s_idx_flag_4)> <Delay = 0.00>
ST_1 : Operation 917 [1/1] (0.00ns)   --->   "%br_ln0 = br void %sw.epilog.new8"   --->   Operation 917 'br' 'br_ln0' <Predicate = (s_idx_flag_4)> <Delay = 0.00>
ST_1 : Operation 918 [1/1] (0.00ns)   --->   "%br_ln0 = br i1 %sum_V_flag_4, void %sw.epilog.new6, void %mergeST5"   --->   Operation 918 'br' 'br_ln0' <Predicate = true> <Delay = 0.00>
ST_1 : Operation 919 [1/1] (0.00ns)   --->   "%store_ln200 = store i64 %sum_V_new_4, i64 %sum_V" [FFT/FFT.cpp:200]   --->   Operation 919 'store' 'store_ln200' <Predicate = (sum_V_flag_4)> <Delay = 0.00>
ST_1 : Operation 920 [1/1] (0.00ns)   --->   "%br_ln0 = br void %sw.epilog.new6"   --->   Operation 920 'br' 'br_ln0' <Predicate = (sum_V_flag_4)> <Delay = 0.00>
ST_1 : Operation 921 [1/1] (0.00ns)   --->   "%br_ln1027 = br i1 %r_cnt_V_flag_2, void %sw.epilog.new4, void %mergeST3"   --->   Operation 921 'br' 'br_ln1027' <Predicate = true> <Delay = 0.00>
ST_1 : Operation 922 [1/1] (0.00ns)   --->   "%store_ln195 = store i14 %r_cnt_V_new_2, i14 %r_cnt_V" [FFT/FFT.cpp:195]   --->   Operation 922 'store' 'store_ln195' <Predicate = (r_cnt_V_flag_2)> <Delay = 0.00>
ST_1 : Operation 923 [1/1] (0.00ns)   --->   "%br_ln0 = br void %sw.epilog.new4"   --->   Operation 923 'br' 'br_ln0' <Predicate = (r_cnt_V_flag_2)> <Delay = 0.00>
ST_1 : Operation 924 [1/1] (0.00ns)   --->   "%br_ln449 = br i1 %state_flag_11, void %sw.epilog.new2, void %mergeST1" [FFT/FFT.cpp:449]   --->   Operation 924 'br' 'br_ln449' <Predicate = true> <Delay = 0.00>
ST_1 : Operation 925 [1/1] (0.00ns)   --->   "%store_ln199 = store i3 %state_new_11, i3 %state" [FFT/FFT.cpp:199]   --->   Operation 925 'store' 'store_ln199' <Predicate = (state_flag_11)> <Delay = 0.00>
ST_1 : Operation 926 [1/1] (0.00ns)   --->   "%br_ln0 = br void %sw.epilog.new2"   --->   Operation 926 'br' 'br_ln0' <Predicate = (state_flag_11)> <Delay = 0.00>
ST_1 : Operation 927 [1/1] (0.00ns)   --->   "%br_ln0 = br i1 %buffer_ok_flag_5, void %sw.epilog.new, void %mergeST"   --->   Operation 927 'br' 'br_ln0' <Predicate = true> <Delay = 0.00>
ST_1 : Operation 928 [1/1] (0.00ns)   --->   "%store_ln191 = store i1 %buffer_ok_new_5, i1 %buffer_ok" [FFT/FFT.cpp:191]   --->   Operation 928 'store' 'store_ln191' <Predicate = (buffer_ok_flag_5)> <Delay = 0.00>
ST_1 : Operation 929 [1/1] (0.00ns)   --->   "%br_ln0 = br void %sw.epilog.new"   --->   Operation 929 'br' 'br_ln0' <Predicate = (buffer_ok_flag_5)> <Delay = 0.00>
ST_1 : Operation 930 [1/1] (0.00ns)   --->   "%ret_ln474 = ret" [FFT/FFT.cpp:474]   --->   Operation 930 'ret' 'ret_ln474' <Predicate = true> <Delay = 0.00>


============================================================
+ Verbose Summary: Timing violations
============================================================
Target clock period: 10ns, clock uncertainty: 2.7ns.

 <State 1>: 6.7ns
The critical path consists of the following:
	'load' operation ('idx_1', FFT/FFT.cpp:292) on static variable 'idx_1' [166]  (0 ns)
	'sub' operation ('sub_ln186') [247]  (0.789 ns)
	'mux' operation ('tmp_7') [250]  (0.738 ns)
	'mul' operation ('mul_ln840_1') [252]  (3.42 ns)
	'add' operation ('add_ln840_1') [253]  (1.08 ns)
	multiplexor before 'phi' operation ('sum_V_new_4') with incoming values : ('add_ln840') ('add_ln840_1') [938]  (0.672 ns)
	'phi' operation ('sum_V_new_4') with incoming values : ('add_ln840') ('add_ln840_1') [938]  (0 ns)
	'store' operation ('store_ln200', FFT/FFT.cpp:200) of variable 'sum_V_new_4' on static variable 'sum_V' [1259]  (0 ns)


============================================================
+ Verbose Summary: Binding
============================================================
N/A
* FSMD analyzer results:
  - Output states:
 - Input state : 
  - Chain level:
	State 1


============================================================
+ Verbose Summary: Datapath Resource usage 
============================================================
N/A
